customer_id,product_id,category,price,views,cart_adds,purchases,previous_purchases
C000,P134,Electronics,140.0,1,1,0,1
C000,P157,Sports,194.0,0,0,0,1
C000,P18,Books,20.0,3,3,2,1
C000,P89,Sports,103.0,2,0,0,1
C000,P26,Fashion,184.0,0,0,0,1
C000,P76,Sports,196.0,0,0,0,1
C000,P109,Books,29.0,3,1,1,1
C000,P132,Fashion,32.0,1,0,0,1
C000,P122,Sports,195.0,0,0,0,1
C000,P90,Fashion,58.0,0,0,0,1
C000,P21,Electronics,55.0,0,0,0,1
C000,P3,Sports,89.0,1,1,0,1
C000,P51,Electronics,76.0,4,0,0,1
C000,P192,Electronics,94.0,0,0,0,1
C000,P185,Toys,75.0,0,0,0,1
C000,P153,Electronics,8.0,1,0,0,1
C000,P64,Fashion,31.0,0,0,0,1
C000,P128,Fashion,122.0,0,0,0,1
C000,P146,Electronics,130.0,1,1,1,1
C000,P28,Books,38.0,2,1,1,1
C000,P111,Books,,0,0,0,1
C000,P163,Toys,91.0,0,0,0,1
C000,P173,Sports,199.0,0,0,0,1
C000,P166,Sports,94.0,2,0,0,1
C000,P121,Toys,81.0,1,0,0,1
C000,P97,Books,107.0,3,1,1,1
C000,P70,Electronics,141.0,1,0,0,1
C000,P83,Sports,100.0,2,0,0,1
C000,P87,Toys,30.0,1,1,1,1
C000,P137,Sports,44.0,0,0,0,1
C001,P25,Toys,55.0,3,0,0,8
C001,P191,Fashion,92.0,0,0,0,8
C001,P21,Electronics,55.0,5,1,1,8
C001,P37,Toys,134.0,1,0,0,8
C001,P9,Toys,163.0,0,0,0,8
C001,P55,Toys,44.0,2,1,1,8
C001,P115,Sports,81.0,1,1,1,8
C001,P19,Books,52.0,2,1,1,8
C001,P48,Electronics,59.0,1,0,0,8
C001,P82,Electronics,22.0,1,0,0,8
C001,P158,Fashion,156.0,0,0,0,8
C001,P56,Electronics,84.0,1,0,0,8
C001,P113,Sports,41.0,0,0,0,8
C001,P72,Fashion,143.0,0,0,0,8
C001,P192,Electronics,94.0,3,2,1,8
C001,P144,Toys,173.0,0,0,0,8
C001,P87,Toys,30.0,2,1,1,8
C001,P80,Fashion,114.0,0,0,0,8
C001,P145,Sports,130.0,1,0,0,8
C001,P173,Sports,199.0,0,0,0,8
C001,P10,Sports,57.0,0,0,0,8
C001,P195,Electronics,98.0,4,1,1,8
C001,P28,Books,38.0,1,0,0,8
C001,P135,Electronics,188.0,0,0,0,8
C001,P57,Books,60.0,1,1,0,8
C001,P177,Toys,170.0,1,0,0,8
C001,P119,Fashion,169.0,0,0,0,8
C001,P124,Sports,7.0,1,0,0,8
C001,P44,Fashion,141.0,1,0,0,8
C001,P59,Sports,66.0,1,0,0,8
C002,P100,Books,22.0,1,1,0,0
C002,P24,Sports,180.0,1,0,0,0
C002,P11,Fashion,71.0,1,0,0,0
C002,P27,Electronics,153.0,0,0,0,0
C002,P152,Fashion,9.0,1,0,0,0
C002,P19,Books,52.0,2,1,1,0
C002,P69,Electronics,159.0,0,0,0,0
C002,P183,Books,127.0,0,0,0,0
C002,P0,Fashion,103.0,3,2,2,0
C002,P108,Toys,161.0,3,3,3,0
C002,P137,Sports,44.0,1,0,0,0
C002,P87,Toys,30.0,4,2,2,0
C002,P14,Toys,175.0,1,0,0,0
C002,P99,Sports,34.0,1,0,0,0
C002,P47,Sports,76.0,1,0,0,0
C002,P179,Toys,123.0,6,1,1,0
C002,P103,Electronics,83.0,0,0,0,0
C002,P34,Toys,18.0,2,1,1,0
C002,P40,Books,47.0,2,0,0,0
C002,P70,Electronics,141.0,0,0,0,0
C002,P166,Sports,94.0,1,1,1,0
C002,P104,Sports,147.0,0,0,0,0
C002,P88,Toys,183.0,2,0,0,0
C002,P120,Electronics,118.0,1,0,0,0
C002,P169,Sports,8.0,1,1,0,0
C002,P106,Fashion,129.0,3,1,1,0
C002,P37,Toys,134.0,5,2,1,0
C002,P73,Books,121.0,1,0,0,0
C002,P59,Sports,66.0,0,0,0,0
C002,P175,Books,56.0,1,0,0,0
C003,P57,Books,60.0,0,0,0,8
C003,P40,Books,47.0,1,0,0,8
C003,P32,Sports,30.0,3,2,1,8
C003,P119,Fashion,169.0,0,0,0,8
C003,P109,Books,29.0,0,0,0,8
C003,P192,Electronics,94.0,0,0,0,8
C003,P158,Fashion,156.0,1,0,0,8
C003,P199,Electronics,48.0,3,1,1,8
C003,P9,Toys,163.0,0,0,0,8
C003,P114,Electronics,184.0,0,0,0,8
C003,P139,Sports,197.0,0,0,0,8
C003,P79,Books,102.0,0,0,0,8
C003,P134,Electronics,140.0,2,1,1,8
C003,P168,Sports,79.0,1,0,0,8
C003,P97,Books,107.0,0,0,0,8
C003,P13,Sports,111.0,0,0,0,8
C003,P38,Fashion,116.0,0,0,0,8
C003,P99,Sports,34.0,1,1,1,8
C003,P95,Electronics,154.0,2,0,0,8
C003,P108,Toys,161.0,3,2,0,8
C003,P163,Toys,91.0,1,1,0,8
C003,P179,Toys,123.0,0,0,0,8
C003,P143,Fashion,75.0,2,0,0,8
C003,P170,Toys,158.0,1,0,0,8
C003,P96,Books,159.0,1,1,1,8
C003,P173,Sports,199.0,0,0,0,8
C003,P16,Electronics,152.0,0,0,0,8
C003,P188,Electronics,81.0,0,0,0,8
C003,P54,Sports,13.0,0,0,0,8
C003,P135,Electronics,188.0,0,0,0,8
C004,P3,Sports,89.0,0,0,0,1
C004,P101,Electronics,193.0,0,0,0,1
C004,P141,Books,152.0,1,0,0,1
C004,P56,Electronics,84.0,0,0,0,1
C004,P190,Fashion,30.0,2,1,0,1
C004,P83,Sports,100.0,0,0,0,1
C004,P133,Toys,82.0,0,0,0,1
C004,P157,Sports,194.0,0,0,0,1
C004,P24,Sports,180.0,1,0,0,1
C004,P181,Electronics,162.0,0,0,0,1
C004,P34,Toys,18.0,4,3,1,1
C004,P112,Toys,141.0,0,0,0,1
C004,P20,Sports,33.0,2,0,0,1
C004,P78,Toys,74.0,1,1,1,1
C004,P13,Sports,111.0,0,0,0,1
C004,P50,Books,116.0,0,0,0,1
C004,P46,Books,116.0,0,0,0,1
C004,P174,Fashion,80.0,0,0,0,1
C004,P17,Fashion,199.0,1,0,0,1
C004,P77,Fashion,139.0,0,0,0,1
C004,P140,Sports,135.0,0,0,0,1
C004,P85,Fashion,46.0,0,0,0,1
C004,P41,Electronics,119.0,0,0,0,1
C004,P131,Toys,65.0,0,0,0,1
C004,P80,Fashion,114.0,0,0,0,1
C004,P14,Toys,175.0,2,2,1,1
C004,P28,Books,38.0,1,0,0,1
C004,P62,Toys,184.0,0,0,0,1
C004,P86,Sports,56.0,1,0,0,1
C004,P82,Electronics,22.0,0,0,0,1
C005,P64,Fashion,31.0,0,0,0,8
C005,P51,Electronics,76.0,0,0,0,8
C005,P16,Electronics,152.0,0,0,0,8
C005,P94,Sports,180.0,1,0,0,8
C005,P76,Sports,196.0,0,0,0,8
C005,P83,Sports,100.0,1,1,1,8
C005,P174,Fashion,80.0,1,0,0,8
C005,P141,Books,152.0,2,0,0,8
C005,P41,Electronics,119.0,1,0,0,8
C005,P146,Electronics,130.0,3,1,1,8
C005,P118,Toys,23.0,0,0,0,8
C005,P24,Sports,180.0,0,0,0,8
C005,P119,Fashion,169.0,1,1,0,8
C005,P97,Books,107.0,4,3,2,8
C005,P31,Fashion,30.0,0,0,0,8
C005,P70,Electronics,141.0,0,0,0,8
C005,P195,Electronics,98.0,1,0,0,8
C005,P198,Books,78.0,2,0,0,8
C005,P54,Sports,13.0,1,1,1,8
C005,P52,Toys,33.0,3,2,2,8
C005,P111,Books,148.0,0,0,0,8
C005,P53,Fashion,26.0,3,1,0,8
C005,P61,Fashion,66.0,2,2,2,8
C005,P192,Electronics,94.0,0,0,0,8
C005,P152,Fashion,9.0,0,0,0,8
C005,P160,Books,105.0,3,2,2,8
C005,P180,Books,51.0,0,0,0,8
C005,P95,Electronics,154.0,0,0,0,8
C005,P74,Electronics,71.0,1,0,0,8
C005,P29,Toys,141.0,1,1,1,8
C006,P52,Toys,33.0,0,0,0,0
C006,P143,Fashion,75.0,0,0,0,0
C006,P111,Books,148.0,2,1,0,0
C006,P40,Books,47.0,1,1,1,0
C006,P135,Electronics,188.0,0,0,0,0
C006,P139,Sports,197.0,2,1,0,0
C006,P8,Toys,21.0,0,0,0,0
C006,P136,Sports,192.0,0,0,0,0
C006,P101,Electronics,193.0,0,0,0,0
C006,P31,Fashion,30.0,1,0,0,0
C006,P196,Electronics,159.0,0,0,0,0
C006,P142,Books,163.0,0,0,0,0
C006,P12,Toys,193.0,0,0,0,0
C006,P10,Sports,57.0,3,2,2,0
C006,P50,Books,116.0,2,2,2,0
C006,P129,Sports,106.0,2,1,1,0
C006,P73,Books,121.0,1,1,1,0
C006,P72,Fashion,143.0,0,0,0,0
C006,P20,Sports,33.0,2,2,0,0
C006,P164,Electronics,144.0,0,0,0,0
C006,P70,Electronics,141.0,1,1,0,0
C006,P51,Electronics,76.0,0,0,0,0
C006,P36,Sports,98.0,0,0,0,0
C006,P116,Sports,188.0,0,0,0,0
C006,P23,Fashion,19.0,2,2,2,0
C006,P131,Toys,65.0,0,0,0,0
C006,P150,Sports,144.0,0,0,0,0
C006,P24,Sports,180.0,2,0,0,0
C006,P114,Electronics,184.0,1,0,0,0
C006,P185,Toys,75.0,0,0,0,0
C007,P66,Fashion,176.0,0,0,0,1
C007,P9,Toys,163.0,2,1,0,1
C007,P119,Fashion,169.0,1,0,0,1
C007,P104,Sports,147.0,0,0,0,1
C007,P51,Electronics,76.0,2,2,0,1
C007,P21,Electronics,55.0,1,1,0,1
C007,P44,Fashion,141.0,1,0,0,1
C007,P64,Fashion,31.0,0,0,0,1
C007,P198,Books,78.0,0,0,0,1
C007,P43,Toys,168.0,1,0,0,1
C007,P1,Fashion,132.0,0,0,0,1
C007,P86,Sports,56.0,2,1,1,1
C007,P105,Books,62.0,2,1,0,1
C007,P163,Toys,91.0,6,1,1,1
C007,P32,Sports,30.0,0,0,0,1
C007,P3,Sports,89.0,0,0,0,1
C007,P165,Electronics,45.0,1,0,0,1
C007,P0,Fashion,103.0,3,2,1,1
C007,P57,Books,60.0,0,0,0,1
C007,P147,Fashion,79.0,0,0,0,1
C007,P91,Fashion,158.0,0,0,0,1
C007,P103,Electronics,83.0,0,0,0,1
C007,P106,Fashion,129.0,0,0,0,1
C007,P132,Fashion,32.0,0,0,0,1
C007,P145,Sports,130.0,0,0,0,1
C007,P17,Fashion,199.0,0,0,0,1
C007,P156,Sports,121.0,0,0,0,1
C007,P12,Toys,193.0,0,0,0,1
C007,P15,Fashion,43.0,0,0,0,1
C007,P191,Fashion,92.0,0,0,0,1
C008,P68,Toys,35.0,5,3,3,5
C008,P4,Books,177.0,0,0,0,5
C008,P5,Books,174.0,0,0,0,5
C008,P164,Electronics,144.0,1,0,0,5
C008,P114,Electronics,184.0,0,0,0,5
C008,P83,Sports,100.0,0,0,0,5
C008,P198,Books,78.0,0,0,0,5
C008,P59,Sports,66.0,0,0,0,5
C008,P160,Books,105.0,0,0,0,5
C008,P22,Sports,65.0,0,0,0,5
C008,P90,Fashion,58.0,0,0,0,5
C008,P54,Sports,13.0,0,0,0,5
C008,P45,Fashion,146.0,2,2,0,5
C008,P25,Toys,55.0,0,0,0,5
C008,P87,Toys,30.0,6,1,1,5
C008,P148,Fashion,71.0,0,0,0,5
C008,P141,Books,152.0,0,0,0,5
C008,P51,Electronics,76.0,1,0,0,5
C008,P16,Electronics,152.0,1,1,0,5
C008,P152,Fashion,9.0,0,0,0,5
C008,P26,Fashion,184.0,0,0,0,5
C008,P106,Fashion,129.0,0,0,0,5
C008,P104,Sports,147.0,1,0,0,5
C008,P176,Books,50.0,0,0,0,5
C008,P86,Sports,56.0,0,0,0,5
C008,P128,Fashion,122.0,1,0,0,5
C008,P145,Sports,130.0,1,0,0,5
C008,P109,Books,29.0,1,0,0,5
C008,P13,Sports,111.0,1,0,0,5
C008,P163,Toys,91.0,5,2,2,5
C009,P133,Toys,82.0,4,1,0,0
C009,P85,Fashion,46.0,1,0,0,0
C009,P108,Toys,161.0,3,1,1,0
C009,P102,Electronics,100.0,1,0,0,0
C009,P107,Sports,170.0,0,0,0,0
C009,P48,Electronics,59.0,1,1,1,0
C009,P197,Toys,29.0,4,1,0,0
C009,P111,Books,148.0,2,1,1,0
C009,P16,Electronics,152.0,0,0,0,0
C009,P184,Fashion,87.0,2,0,0,0
C009,P163,Toys,91.0,3,1,1,0
C009,P9,Toys,163.0,2,1,1,0
C009,P98,Fashion,182.0,0,0,0,0
C009,P121,Toys,81.0,1,0,0,0
C009,P191,Fashion,92.0,1,1,0,0
C009,P168,Sports,79.0,3,1,1,0
C009,P22,Sports,65.0,1,1,1,0
C009,P26,Fashion,184.0,0,0,0,0
C009,P128,Fashion,122.0,1,0,0,0
C009,P67,Electronics,156.0,0,0,0,0
C009,P140,Sports,135.0,0,0,0,0
C009,P100,Books,22.0,3,1,0,0
C009,P147,Fashion,79.0,0,0,0,0
C009,P58,Toys,39.0,2,1,0,0
C009,P87,Toys,30.0,3,2,2,0
C009,P135,Electronics,188.0,0,0,0,0
C009,P192,Electronics,94.0,1,1,0,0
C009,P34,Toys,18.0,4,3,2,0
C009,P36,Sports,98.0,1,0,0,0
C009,P165,Electronics,45.0,1,1,0,0
C010,P140,Sports,135.0,0,0,0,5
C010,P130,Sports,109.0,0,0,0,5
C010,P19,Books,52.0,0,0,0,5
C010,P145,Sports,130.0,0,0,0,5
C010,P17,Fashion,199.0,0,0,0,5
C010,P170,Toys,158.0,0,0,0,5
C010,P58,Toys,39.0,4,0,0,5
C010,P190,Fashion,30.0,0,0,0,5
C010,P121,Toys,81.0,0,0,0,5
C010,P32,Sports,30.0,0,0,0,5
C010,P13,Sports,111.0,0,0,0,5
C010,P66,Fashion,176.0,0,0,0,5
C010,P127,Electronics,140.0,0,0,0,5
C010,P98,Fashion,182.0,0,0,0,5
C010,P71,Sports,153.0,0,0,0,5
C010,P78,Toys,74.0,2,1,1,5
C010,P91,Fashion,158.0,2,1,1,5
C010,P35,Fashion,87.0,1,0,0,5
C010,P38,Fashion,116.0,1,0,0,5
C010,P129,Sports,106.0,0,0,0,5
C010,P160,Books,105.0,0,0,0,5
C010,P57,Books,60.0,1,0,0,5
C010,P99,Sports,34.0,1,1,1,5
C010,P3,Sports,89.0,2,1,1,5
C010,P165,Electronics,45.0,0,0,0,5
C010,P179,Toys,123.0,2,1,0,5
C010,P40,Books,47.0,3,2,2,5
C010,P82,Electronics,22.0,1,1,1,5
C010,P186,Fashion,190.0,0,0,0,5
C010,P172,Electronics,90.0,0,0,0,5
C011,P50,Books,116.0,0,0,0,3
C011,P119,Fashion,169.0,2,1,1,3
C011,P101,Electronics,193.0,1,0,0,3
C011,P29,Toys,141.0,1,0,0,3
C011,P124,Sports,7.0,2,1,1,3
C011,P11,Fashion,71.0,5,2,0,3
C011,P140,Sports,135.0,0,0,0,3
C011,P53,Fashion,26.0,2,1,1,3
C011,P161,Electronics,150.0,0,0,0,3
C011,P118,Toys,23.0,1,0,0,3
C011,P146,Electronics,130.0,0,0,0,3
C011,P72,Fashion,143.0,0,0,0,3
C011,P70,Electronics,141.0,1,0,0,3
C011,P43,Toys,168.0,0,0,0,3
C011,P26,Fashion,184.0,0,0,0,3
C011,P199,Electronics,48.0,0,0,0,3
C011,P178,Electronics,46.0,3,0,0,3
C011,P97,Books,107.0,0,0,0,3
C011,P177,Toys,170.0,0,0,0,3
C011,P134,Electronics,140.0,0,0,0,3
C011,P37,Toys,134.0,3,1,0,3
C011,P184,Fashion,87.0,1,1,1,3
C011,P174,Fashion,80.0,2,1,1,3
C011,P3,Sports,89.0,3,0,0,3
C011,P10,Sports,57.0,0,0,0,3
C011,P74,Electronics,71.0,3,0,0,3
C011,P183,Books,127.0,0,0,0,3
C011,P54,Sports,13.0,1,1,1,3
C011,P34,Toys,18.0,2,1,0,3
C011,P172,Electronics,90.0,0,0,0,3
C012,P163,Toys,91.0,1,0,0,5
C012,P117,Sports,50.0,0,0,0,5
C012,P141,Books,152.0,0,0,0,5
C012,P9,Toys,163.0,0,0,0,5
C012,P146,Electronics,130.0,0,0,0,5
C012,P93,Fashion,62.0,0,0,0,5
C012,P129,Sports,106.0,0,0,0,5
C012,P63,Books,,0,0,0,5
C012,P97,Books,107.0,1,1,0,5
C012,P48,Electronics,59.0,2,1,1,5
C012,P62,Toys,184.0,1,0,0,5
C012,P143,Fashion,75.0,0,0,0,5
C012,P156,Sports,121.0,1,1,0,5
C012,P151,Books,103.0,0,0,0,5
C012,P50,Books,116.0,0,0,0,5
C012,P159,Sports,60.0,1,0,0,5
C012,P31,Fashion,30.0,0,0,0,5
C012,P142,Books,163.0,0,0,0,5
C012,P28,Books,38.0,0,0,0,5
C012,P4,Books,177.0,1,0,0,5
C012,P187,Books,153.0,1,1,1,5
C012,P154,Fashion,42.0,2,1,1,5
C012,P34,Toys,18.0,1,1,1,5
C012,P136,Sports,192.0,0,0,0,5
C012,P171,Books,64.0,1,0,0,5
C012,P69,Electronics,159.0,0,0,0,5
C012,P40,Books,47.0,0,0,0,5
C012,P193,Books,77.0,0,0,0,5
C012,P190,Fashion,30.0,0,0,0,5
C012,P109,Books,29.0,0,0,0,5
C013,P93,Fashion,62.0,0,0,0,0
C013,P31,Fashion,30.0,0,0,0,0
C013,P193,Books,77.0,1,1,0,0
C013,P186,Fashion,190.0,0,0,0,0
C013,P148,Fashion,71.0,0,0,0,0
C013,P88,Toys,183.0,0,0,0,0
C013,P178,Electronics,46.0,0,0,0,0
C013,P173,Sports,199.0,0,0,0,0
C013,P185,Toys,75.0,7,2,2,0
C013,P30,Books,155.0,1,0,0,0
C013,P162,Toys,177.0,2,2,1,0
C013,P107,Sports,170.0,0,0,0,0
C013,P136,Sports,192.0,0,0,0,0
C013,P70,Electronics,141.0,0,0,0,0
C013,P197,Toys,29.0,1,0,0,0
C013,P163,Toys,91.0,0,0,0,0
C013,P77,Fashion,139.0,0,0,0,0
C013,P89,Sports,103.0,1,1,0,0
C013,P24,Sports,180.0,0,0,0,0
C013,P147,Fashion,79.0,1,0,0,0
C013,P132,Fashion,32.0,0,0,0,0
C013,P127,Electronics,140.0,0,0,0,0
C013,P48,Electronics,59.0,1,0,0,0
C013,P12,Toys,193.0,1,0,0,0
C013,P29,Toys,141.0,0,0,0,0
C013,P11,Fashion,71.0,0,0,0,0
C013,P35,Fashion,87.0,0,0,0,0
C013,P51,Electronics,76.0,1,0,0,0
C013,P34,Toys,18.0,1,1,0,0
C013,P174,Fashion,80.0,2,2,1,0
C014,P182,Electronics,144.0,0,0,0,4
C014,P39,Toys,93.0,0,0,0,4
C014,P113,Sports,41.0,4,2,2,4
C014,P193,Books,77.0,0,0,0,4
C014,P180,Books,51.0,0,0,0,4
C014,P160,Books,105.0,0,0,0,4
C014,P13,Sports,111.0,3,1,1,4
C014,P68,Toys,35.0,0,0,0,4
C014,P186,Fashion,190.0,0,0,0,4
C014,P2,Electronics,36.0,0,0,0,4
C014,P15,Fashion,43.0,1,0,0,4
C014,P6,Sports,66.0,0,0,0,4
C014,P110,Fashion,193.0,0,0,0,4
C014,P143,Fashion,75.0,0,0,0,4
C014,P109,Books,29.0,1,0,0,4
C014,P124,Sports,7.0,3,1,1,4
C014,P169,Sports,8.0,3,0,0,4
C014,P136,Sports,192.0,0,0,0,4
C014,P188,Electronics,81.0,0,0,0,4
C014,P35,Fashion,87.0,0,0,0,4
C014,P85,Fashion,46.0,1,0,0,4
C014,P33,Books,78.0,0,0,0,4
C014,P56,Electronics,84.0,0,0,0,4
C014,P41,Electronics,119.0,0,0,0,4
C014,P185,Toys,75.0,1,0,0,4
C014,P151,Books,103.0,0,0,0,4
C014,P16,Electronics,152.0,0,0,0,4
C014,P116,Sports,188.0,1,1,1,4
C014,P126,Toys,162.0,2,0,0,4
C014,P131,Toys,65.0,0,0,0,4
C015,P97,Books,107.0,1,1,1,7
C015,P72,Fashion,143.0,1,0,0,7
C015,P36,Sports,98.0,1,1,1,7
C015,P81,Electronics,20.0,4,3,3,7
C015,P159,Sports,60.0,1,0,0,7
C015,P28,Books,38.0,1,1,1,7
C015,P164,Electronics,144.0,2,1,1,7
C015,P26,Fashion,184.0,0,0,0,7
C015,P89,Sports,103.0,0,0,0,7
C015,P113,Sports,41.0,1,0,0,7
C015,P123,Books,195.0,0,0,0,7
C015,P95,Electronics,154.0,1,0,0,7
C015,P119,Fashion,169.0,1,0,0,7
C015,P117,Sports,50.0,0,0,0,7
C015,P149,Fashion,79.0,1,0,0,7
C015,P96,Books,159.0,0,0,0,7
C015,P128,Fashion,122.0,1,1,0,7
C015,P188,Electronics,81.0,3,0,0,7
C015,P152,Fashion,9.0,1,1,1,7
C015,P5,Books,174.0,1,0,0,7
C015,P163,Toys,91.0,1,1,1,7
C015,P82,Electronics,22.0,2,1,0,7
C015,P29,Toys,141.0,1,0,0,7
C015,P55,Toys,44.0,2,1,0,7
C015,P70,Electronics,141.0,5,2,1,7
C015,P94,Sports,180.0,1,1,0,7
C015,P38,Fashion,116.0,0,0,0,7
C015,P118,Toys,23.0,0,0,0,7
C015,P135,Electronics,188.0,0,0,0,7
C015,P144,Toys,173.0,0,0,0,7
C016,P141,Books,152.0,0,0,0,9
C016,P183,Books,127.0,0,0,0,9
C016,P145,Sports,130.0,1,0,0,9
C016,P12,Toys,193.0,0,0,0,9
C016,P155,Sports,101.0,0,0,0,9
C016,P184,Fashion,87.0,1,0,0,9
C016,P34,Toys,18.0,1,0,0,9
C016,P152,Fashion,9.0,1,1,1,9
C016,P169,Sports,8.0,2,1,1,9
C016,P56,Electronics,84.0,1,0,0,9
C016,P1,Fashion,132.0,0,0,0,9
C016,P93,Fashion,62.0,2,0,0,9
C016,P73,Books,121.0,0,0,0,9
C016,P43,Toys,168.0,0,0,0,9
C016,P9,Toys,163.0,0,0,0,9
C016,P116,Sports,188.0,0,0,0,9
C016,P96,Books,159.0,0,0,0,9
C016,P165,Electronics,45.0,2,0,0,9
C016,P99,Sports,34.0,0,0,0,9
C016,P72,Fashion,143.0,0,0,0,9
C016,P161,Electronics,150.0,0,0,0,9
C016,P142,Books,163.0,0,0,0,9
C016,P191,Fashion,92.0,0,0,0,9
C016,P150,Sports,144.0,0,0,0,9
C016,P89,Sports,103.0,1,0,0,9
C016,P10,Sports,57.0,3,2,1,9
C016,P109,Books,29.0,1,1,1,9
C016,P4,Books,177.0,0,0,0,9
C016,P149,Fashion,79.0,0,0,0,9
C016,P128,Fashion,122.0,0,0,0,9
C017,P60,Fashion,144.0,0,0,0,2
C017,P16,Electronics,152.0,1,1,0,2
C017,P100,Books,22.0,2,0,0,2
C017,P81,Electronics,20.0,1,1,1,2
C017,P35,Fashion,87.0,1,1,1,2
C017,P101,Electronics,193.0,0,0,0,2
C017,P71,Sports,153.0,1,1,1,2
C017,P197,Toys,29.0,0,0,0,2
C017,P76,Sports,196.0,0,0,0,2
C017,P192,Electronics,94.0,1,0,0,2
C017,P75,Fashion,183.0,0,0,0,2
C017,P120,Electronics,118.0,2,2,2,2
C017,P191,Fashion,92.0,1,0,0,2
C017,P82,Electronics,22.0,1,0,0,2
C017,P187,Books,153.0,1,0,0,2
C017,P143,Fashion,75.0,0,0,0,2
C017,P184,Fashion,87.0,0,0,0,2
C017,P148,Fashion,71.0,0,0,0,2
C017,P139,Sports,197.0,1,0,0,2
C017,P161,Electronics,150.0,0,0,0,2
C017,P198,Books,78.0,2,2,2,2
C017,P109,Books,29.0,3,1,0,2
C017,P163,Toys,91.0,1,0,0,2
C017,P34,Toys,18.0,0,0,0,2
C017,P158,Fashion,156.0,0,0,0,2
C017,P21,Electronics,55.0,0,0,0,2
C017,P12,Toys,193.0,0,0,0,2
C017,P152,Fashion,9.0,2,2,1,2
C017,P25,Toys,55.0,1,1,1,2
C017,P177,Toys,170.0,0,0,0,2
C018,P88,Toys,183.0,1,1,0,2
C018,P3,Sports,89.0,1,1,1,2
C018,P181,Electronics,162.0,0,0,0,2
C018,P106,Fashion,129.0,0,0,0,2
C018,P44,Fashion,141.0,0,0,0,2
C018,P23,Fashion,19.0,1,0,0,2
C018,P176,Books,50.0,2,1,1,2
C018,P69,Electronics,159.0,0,0,0,2
C018,P93,Fashion,62.0,1,1,1,2
C018,P167,Toys,181.0,1,0,0,2
C018,P128,Fashion,122.0,0,0,0,2
C018,P172,Electronics,90.0,2,1,1,2
C018,P144,Toys,173.0,1,0,0,2
C018,P110,Fashion,193.0,0,0,0,2
C018,P140,Sports,135.0,0,0,0,2
C018,P112,Toys,141.0,0,0,0,2
C018,P148,Fashion,71.0,1,1,1,2
C018,P6,Sports,66.0,0,0,0,2
C018,P195,Electronics,98.0,1,0,0,2
C018,P109,Books,29.0,0,0,0,2
C018,P52,Toys,33.0,3,0,0,2
C018,P77,Fashion,139.0,1,1,1,2
C018,P129,Sports,106.0,2,0,0,2
C018,P60,Fashion,144.0,0,0,0,2
C018,P55,Toys,44.0,3,1,1,2
C018,P155,Sports,101.0,0,0,0,2
C018,P63,Books,117.0,1,0,0,2
C018,P82,Electronics,22.0,0,0,0,2
C018,P81,Electronics,20.0,1,1,1,2
C018,P65,Electronics,194.0,0,0,0,2
C019,P178,Electronics,46.0,5,5,3,1
C019,P98,Fashion,182.0,1,1,0,1
C019,P181,Electronics,162.0,0,0,0,1
C019,P87,Toys,30.0,0,0,0,1
C019,P36,Sports,98.0,1,1,1,1
C019,P5,Books,174.0,0,0,0,1
C019,P97,Books,107.0,0,0,0,1
C019,P192,Electronics,94.0,3,1,1,1
C019,P130,Sports,109.0,1,0,0,1
C019,P158,Fashion,156.0,0,0,0,1
C019,P8,Toys,21.0,2,0,0,1
C019,P76,Sports,196.0,0,0,0,1
C019,P183,Books,127.0,0,0,0,1
C019,P22,Sports,65.0,0,0,0,1
C019,P45,Fashion,146.0,0,0,0,1
C019,P56,Electronics,84.0,5,2,1,1
C019,P72,Fashion,143.0,0,0,0,1
C019,P20,Sports,33.0,1,1,1,1
C019,P63,Books,117.0,0,0,0,1
C019,P81,Electronics,20.0,3,2,1,1
C019,P145,Sports,130.0,1,0,0,1
C019,P95,Electronics,154.0,2,1,0,1
C019,P3,Sports,89.0,0,0,0,1
C019,P123,Books,195.0,1,1,1,1
C019,P150,Sports,144.0,1,0,0,1
C019,P14,Toys,175.0,2,0,0,1
C019,P93,Fashion,62.0,2,0,0,1
C019,P132,Fashion,32.0,1,1,0,1
C019,P65,Electronics,194.0,2,0,0,1
C019,P25,Toys,55.0,3,0,0,1
C020,P131,Toys,65.0,0,0,0,9
C020,P189,Toys,10.0,1,1,1,9
C020,P54,Sports,13.0,2,1,0,9
C020,P115,Sports,81.0,0,0,0,9
C020,P6,Sports,66.0,0,0,0,9
C020,P127,Electronics,140.0,0,0,0,9
C020,P142,Books,163.0,0,0,0,9
C020,P180,Books,51.0,2,1,0,9
C020,P49,Sports,92.0,1,0,0,9
C020,P50,Books,116.0,0,0,0,9
C020,P187,Books,153.0,0,0,0,9
C020,P8,Toys,21.0,0,0,0,9
C020,P43,Toys,168.0,0,0,0,9
C020,P12,Toys,193.0,0,0,0,9
C020,P154,Fashion,42.0,4,4,3,9
C020,P109,Books,29.0,2,1,1,9
C020,P2,Electronics,36.0,1,1,1,9
C020,P13,Sports,111.0,0,0,0,9
C020,P132,Fashion,32.0,3,2,2,9
C020,P135,Electronics,188.0,0,0,0,9
C020,P185,Toys,75.0,2,1,0,9
C020,P198,Books,78.0,0,0,0,9
C020,P52,Toys,33.0,3,1,1,9
C020,P3,Sports,89.0,0,0,0,9
C020,P99,Sports,34.0,0,0,0,9
C020,P171,Books,64.0,1,0,0,9
C020,P191,Fashion,92.0,2,1,0,9
C020,P98,Fashion,182.0,0,0,0,9
C020,P37,Toys,134.0,0,0,0,9
C020,P134,Electronics,140.0,0,0,0,9
C021,P97,Books,107.0,4,1,0,1
C021,P84,Toys,114.0,2,2,2,1
C021,P42,Books,93.0,3,1,1,1
C021,P140,Sports,135.0,0,0,0,1
C021,P154,Fashion,42.0,2,1,1,1
C021,P10,Sports,57.0,0,0,0,1
C021,P72,Fashion,143.0,1,0,0,1
C021,P66,Fashion,176.0,0,0,0,1
C021,P167,Toys,181.0,0,0,0,1
C021,P121,Toys,81.0,2,0,0,1
C021,P179,Toys,123.0,0,0,0,1
C021,P1,Fashion,132.0,0,0,0,1
C021,P174,Fashion,80.0,1,1,0,1
C021,P33,Books,78.0,0,0,0,1
C021,P25,Toys,55.0,2,1,1,1
C021,P3,Sports,89.0,1,0,0,1
C021,P125,Electronics,126.0,0,0,0,1
C021,P107,Sports,170.0,0,0,0,1
C021,P151,Books,103.0,5,1,0,1
C021,P194,Toys,196.0,1,0,0,1
C021,P112,Toys,141.0,0,0,0,1
C021,P169,Sports,8.0,2,1,0,1
C021,P37,Toys,134.0,1,0,0,1
C021,P92,Electronics,192.0,0,0,0,1
C021,P23,Fashion,19.0,2,0,0,1
C021,P129,Sports,106.0,1,0,0,1
C021,P149,Fashion,79.0,2,0,0,1
C021,P90,Fashion,58.0,1,1,1,1
C021,P8,Toys,21.0,1,0,0,1
C021,P166,Sports,94.0,1,0,0,1
C022,P168,Sports,79.0,0,0,0,4
C022,P9,Toys,163.0,1,0,0,4
C022,P136,Sports,192.0,0,0,0,4
C022,P111,Books,148.0,0,0,0,4
C022,P98,Fashion,182.0,1,0,0,4
C022,P96,Books,159.0,2,1,1,4
C022,P182,Electronics,144.0,0,0,0,4
C022,P15,Fashion,43.0,1,1,1,4
C022,P69,Electronics,159.0,0,0,0,4
C022,P77,Fashion,139.0,0,0,0,4
C022,P178,Electronics,46.0,0,0,0,4
C022,P72,Fashion,143.0,0,0,0,4
C022,P108,Toys,161.0,2,0,0,4
C022,P11,Fashion,71.0,0,0,0,4
C022,P48,Electronics,59.0,0,0,0,4
C022,P61,Fashion,66.0,0,0,0,4
C022,P151,Books,103.0,0,0,0,4
C022,P19,Books,52.0,0,0,0,4
C022,P195,Electronics,98.0,1,0,0,4
C022,P160,Books,,0,0,0,4
C022,P36,Sports,98.0,0,0,0,4
C022,P91,Fashion,158.0,1,0,0,4
C022,P73,Books,121.0,1,0,0,4
C022,P146,Electronics,130.0,0,0,0,4
C022,P184,Fashion,87.0,1,0,0,4
C022,P131,Toys,65.0,1,0,0,4
C022,P20,Sports,33.0,0,0,0,4
C022,P1,Fashion,132.0,0,0,0,4
C022,P86,Sports,56.0,0,0,0,4
C022,P189,Toys,10.0,3,1,1,4
C023,P99,Sports,34.0,2,1,0,8
C023,P50,Books,116.0,0,0,0,8
C023,P54,Sports,13.0,1,0,0,8
C023,P74,Electronics,71.0,0,0,0,8
C023,P129,Sports,106.0,2,0,0,8
C023,P62,Toys,184.0,0,0,0,8
C023,P75,Fashion,183.0,0,0,0,8
C023,P45,Fashion,146.0,0,0,0,8
C023,P4,Books,177.0,0,0,0,8
C023,P197,Toys,29.0,0,0,0,8
C023,P123,Books,195.0,0,0,0,8
C023,P173,Sports,199.0,1,1,1,8
C023,P121,Toys,81.0,0,0,0,8
C023,P89,Sports,103.0,0,0,0,8
C023,P39,Toys,93.0,1,0,0,8
C023,P7,Sports,128.0,2,1,1,8
C023,P192,Electronics,94.0,0,0,0,8
C023,P125,Electronics,126.0,0,0,0,8
C023,P40,Books,47.0,0,0,0,8
C023,P188,Electronics,81.0,0,0,0,8
C023,P15,Fashion,43.0,0,0,0,8
C023,P42,Books,93.0,0,0,0,8
C023,P77,Fashion,139.0,2,1,1,8
C023,P135,Electronics,188.0,1,0,0,8
C023,P82,Electronics,22.0,0,0,0,8
C023,P110,Fashion,193.0,0,0,0,8
C023,P17,Fashion,199.0,0,0,0,8
C023,P11,Fashion,71.0,0,0,0,8
C023,P72,Fashion,143.0,0,0,0,8
C023,P199,Electronics,48.0,0,0,0,8
C024,P125,Electronics,126.0,0,0,0,8
C024,P80,Fashion,114.0,0,0,0,8
C024,P74,Electronics,71.0,0,0,0,8
C024,P150,Sports,144.0,2,2,0,8
C024,P41,Electronics,119.0,0,0,0,8
C024,P16,Electronics,152.0,0,0,0,8
C024,P132,Fashion,32.0,0,0,0,8
C024,P72,Fashion,143.0,0,0,0,8
C024,P46,Books,116.0,1,0,0,8
C024,P196,Electronics,159.0,0,0,0,8
C024,P36,Sports,98.0,0,0,0,8
C024,P193,Books,77.0,0,0,0,8
C024,P40,Books,47.0,1,1,0,8
C024,P120,Electronics,118.0,0,0,0,8
C024,P10,Sports,57.0,0,0,0,8
C024,P30,Books,155.0,0,0,0,8
C024,P28,Books,38.0,0,0,0,8
C024,P170,Toys,158.0,1,0,0,8
C024,P151,Books,103.0,0,0,0,8
C024,P166,Sports,94.0,0,0,0,8
C024,P65,Electronics,194.0,0,0,0,8
C024,P68,Toys,35.0,2,0,0,8
C024,P174,Fashion,80.0,2,0,0,8
C024,P91,Fashion,158.0,0,0,0,8
C024,P48,Electronics,59.0,0,0,0,8
C024,P173,Sports,199.0,0,0,0,8
C024,P138,Sports,10.0,1,1,1,8
C024,P121,Toys,81.0,0,0,0,8
C024,P176,Books,50.0,0,0,0,8
C024,P192,Electronics,94.0,0,0,0,8
C025,P132,Fashion,32.0,5,1,1,0
C025,P58,Toys,39.0,0,0,0,0
C025,P143,Fashion,75.0,3,0,0,0
C025,P29,Toys,141.0,1,0,0,0
C025,P5,Books,174.0,0,0,0,0
C025,P129,Sports,106.0,3,2,1,0
C025,P78,Toys,74.0,2,1,1,0
C025,P50,Books,116.0,2,0,0,0
C025,P184,Fashion,87.0,1,1,1,0
C025,P32,Sports,30.0,2,1,1,0
C025,P128,Fashion,122.0,4,0,0,0
C025,P45,Fashion,146.0,0,0,0,0
C025,P25,Toys,55.0,0,0,0,0
C025,P181,Electronics,162.0,0,0,0,0
C025,P39,Toys,93.0,0,0,0,0
C025,P107,Sports,170.0,0,0,0,0
C025,P122,Sports,195.0,0,0,0,0
C025,P133,Toys,82.0,0,0,0,0
C025,P52,Toys,33.0,1,0,0,0
C025,P100,Books,22.0,1,0,0,0
C025,P164,Electronics,144.0,3,1,1,0
C025,P152,Fashion,9.0,1,1,1,0
C025,P68,Toys,35.0,0,0,0,0
C025,P112,Toys,141.0,0,0,0,0
C025,P26,Fashion,184.0,4,3,3,0
C025,P64,Fashion,31.0,5,2,0,0
C025,P90,Fashion,58.0,2,2,1,0
C025,P12,Toys,193.0,0,0,0,0
C025,P157,Sports,194.0,0,0,0,0
C025,P179,Toys,123.0,4,3,2,0
C026,P1,Fashion,132.0,0,0,0,5
C026,P195,Electronics,98.0,0,0,0,5
C026,P196,Electronics,159.0,1,0,0,5
C026,P185,Toys,75.0,2,2,2,5
C026,P61,Fashion,66.0,0,0,0,5
C026,P41,Electronics,119.0,0,0,0,5
C026,P8,Toys,21.0,3,1,1,5
C026,P32,Sports,30.0,1,0,0,5
C026,P170,Toys,158.0,0,0,0,5
C026,P126,Toys,162.0,1,1,0,5
C026,P155,Sports,101.0,1,1,1,5
C026,P62,Toys,184.0,1,0,0,5
C026,P50,Books,116.0,0,0,0,5
C026,P140,Sports,135.0,0,0,0,5
C026,P124,Sports,7.0,1,0,0,5
C026,P177,Toys,170.0,0,0,0,5
C026,P163,Toys,91.0,1,0,0,5
C026,P84,Toys,114.0,0,0,0,5
C026,P193,Books,77.0,0,0,0,5
C026,P153,Electronics,8.0,3,1,1,5
C026,P95,Electronics,154.0,1,1,1,5
C026,P96,Books,159.0,0,0,0,5
C026,P66,Fashion,176.0,0,0,0,5
C026,P57,Books,60.0,1,0,0,5
C026,P172,Electronics,90.0,0,0,0,5
C026,P52,Toys,33.0,2,0,0,5
C026,P69,Electronics,159.0,0,0,0,5
C026,P37,Toys,134.0,0,0,0,5
C026,P80,Fashion,114.0,0,0,0,5
C026,P104,Sports,147.0,0,0,0,5
C027,P99,Sports,34.0,4,0,0,7
C027,P19,Books,52.0,1,1,1,7
C027,P155,Sports,101.0,1,0,0,7
C027,P55,Toys,44.0,1,0,0,7
C027,P84,Toys,114.0,0,0,0,7
C027,P23,Fashion,19.0,0,0,0,7
C027,P50,Books,116.0,0,0,0,7
C027,P109,Books,29.0,3,0,0,7
C027,P175,Books,56.0,0,0,0,7
C027,P34,Toys,18.0,1,0,0,7
C027,P115,Sports,81.0,3,2,2,7
C027,P72,Fashion,143.0,0,0,0,7
C027,P140,Sports,135.0,3,2,2,7
C027,P25,Toys,55.0,0,0,0,7
C027,P192,Electronics,94.0,0,0,0,7
C027,P156,Sports,121.0,3,3,2,7
C027,P123,Books,195.0,1,1,0,7
C027,P172,Electronics,90.0,0,0,0,7
C027,P41,Electronics,119.0,2,0,0,7
C027,P69,Electronics,159.0,0,0,0,7
C027,P163,Toys,91.0,2,1,1,7
C027,P190,Fashion,30.0,0,0,0,7
C027,P63,Books,117.0,0,0,0,7
C027,P47,Sports,76.0,2,1,1,7
C027,P58,Toys,39.0,0,0,0,7
C027,P52,Toys,33.0,1,1,1,7
C027,P16,Electronics,152.0,3,0,0,7
C027,P186,Fashion,190.0,0,0,0,7
C027,P154,Fashion,42.0,1,1,0,7
C027,P64,Fashion,31.0,0,0,0,7
C028,P107,Sports,170.0,0,0,0,6
C028,P135,Electronics,188.0,2,0,0,6
C028,P49,Sports,92.0,0,0,0,6
C028,P178,Electronics,46.0,3,1,0,6
C028,P57,Books,60.0,2,1,1,6
C028,P101,Electronics,193.0,0,0,0,6
C028,P82,Electronics,22.0,5,3,2,6
C028,P93,Fashion,62.0,0,0,0,6
C028,P136,Sports,192.0,0,0,0,6
C028,P128,Fashion,122.0,0,0,0,6
C028,P47,Sports,76.0,0,0,0,6
C028,P63,Books,117.0,1,0,0,6
C028,P100,Books,22.0,0,0,0,6
C028,P114,Electronics,184.0,1,0,0,6
C028,P185,Toys,75.0,2,1,1,6
C028,P53,Fashion,26.0,0,0,0,6
C028,P184,Fashion,87.0,0,0,0,6
C028,P192,Electronics,94.0,2,1,0,6
C028,P42,Books,93.0,1,0,0,6
C028,P73,Books,121.0,1,0,0,6
C028,P67,Electronics,156.0,1,0,0,6
C028,P27,Electronics,153.0,2,0,0,6
C028,P145,Sports,130.0,1,0,0,6
C028,P105,Books,62.0,0,0,0,6
C028,P72,Fashion,143.0,0,0,0,6
C028,P61,Fashion,66.0,0,0,0,6
C028,P159,Sports,60.0,4,0,0,6
C028,P36,Sports,98.0,1,1,1,6
C028,P117,Sports,50.0,0,0,0,6
C028,P125,Electronics,126.0,2,1,0,6
C029,P122,Sports,195.0,1,1,1,9
C029,P29,Toys,141.0,0,0,0,9
C029,P50,Books,116.0,0,0,0,9
C029,P98,Fashion,182.0,0,0,0,9
C029,P184,Fashion,87.0,2,0,0,9
C029,P32,Sports,30.0,0,0,0,9
C029,P28,Books,38.0,1,0,0,9
C029,P186,Fashion,190.0,1,0,0,9
C029,P25,Toys,55.0,0,0,0,9
C029,P18,Books,20.0,1,0,0,9
C029,P188,Electronics,81.0,0,0,0,9
C029,P163,Toys,91.0,1,1,1,9
C029,P114,Electronics,184.0,1,1,1,9
C029,P156,Sports,121.0,0,0,0,9
C029,P193,Books,77.0,1,1,0,9
C029,P51,Electronics,76.0,2,0,0,9
C029,P14,Toys,175.0,0,0,0,9
C029,P88,Toys,183.0,0,0,0,9
C029,P70,Electronics,141.0,0,0,0,9
C029,P176,Books,50.0,1,0,0,9
C029,P162,Toys,177.0,2,0,0,9
C029,P60,Fashion,,1,0,0,9
C029,P19,Books,52.0,1,1,1,9
C029,P56,Electronics,84.0,1,1,0,9
C029,P86,Sports,56.0,1,1,1,9
C029,P185,Toys,75.0,0,0,0,9
C029,P161,Electronics,150.0,0,0,0,9
C029,P105,Books,62.0,1,0,0,9
C029,P11,Fashion,71.0,1,0,0,9
C029,P158,Fashion,156.0,0,0,0,9
C030,P91,Fashion,158.0,1,0,0,6
C030,P159,Sports,60.0,0,0,0,6
C030,P116,Sports,188.0,1,0,0,6
C030,P61,Fashion,66.0,1,0,0,6
C030,P52,Toys,33.0,0,0,0,6
C030,P149,Fashion,79.0,0,0,0,6
C030,P113,Sports,41.0,0,0,0,6
C030,P104,Sports,147.0,1,0,0,6
C030,P72,Fashion,143.0,1,0,0,6
C030,P37,Toys,134.0,0,0,0,6
C030,P186,Fashion,190.0,0,0,0,6
C030,P94,Sports,180.0,0,0,0,6
C030,P121,Toys,81.0,0,0,0,6
C030,P130,Sports,109.0,0,0,0,6
C030,P57,Books,60.0,2,0,0,6
C030,P163,Toys,91.0,0,0,0,6
C030,P13,Sports,111.0,0,0,0,6
C030,P170,Toys,158.0,0,0,0,6
C030,P86,Sports,56.0,0,0,0,6
C030,P46,Books,116.0,1,1,1,6
C030,P11,Fashion,71.0,2,1,1,6
C030,P102,Electronics,100.0,0,0,0,6
C030,P148,Fashion,71.0,0,0,0,6
C030,P123,Books,195.0,1,0,0,6
C030,P24,Sports,180.0,0,0,0,6
C030,P76,Sports,196.0,0,0,0,6
C030,P187,Books,153.0,0,0,0,6
C030,P179,Toys,123.0,0,0,0,6
C030,P60,Fashion,144.0,0,0,0,6
C030,P25,Toys,55.0,1,0,0,6
C031,P165,Electronics,45.0,1,0,0,9
C031,P64,Fashion,31.0,2,2,0,9
C031,P55,Toys,44.0,0,0,0,9
C031,P94,Sports,180.0,1,0,0,9
C031,P171,Books,64.0,3,1,1,9
C031,P53,Fashion,26.0,0,0,0,9
C031,P67,Electronics,156.0,2,1,0,9
C031,P163,Toys,91.0,1,1,0,9
C031,P164,Electronics,,0,0,0,9
C031,P114,Electronics,184.0,0,0,0,9
C031,P80,Fashion,114.0,1,0,0,9
C031,P146,Electronics,130.0,1,0,0,9
C031,P59,Sports,66.0,5,2,0,9
C031,P172,Electronics,90.0,2,0,0,9
C031,P138,Sports,10.0,5,2,2,9
C031,P12,Toys,193.0,0,0,0,9
C031,P196,Electronics,159.0,1,0,0,9
C031,P150,Sports,144.0,0,0,0,9
C031,P35,Fashion,87.0,1,0,0,9
C031,P68,Toys,35.0,1,1,0,9
C031,P183,Books,127.0,0,0,0,9
C031,P14,Toys,175.0,0,0,0,9
C031,P69,Electronics,159.0,1,0,0,9
C031,P89,Sports,103.0,4,2,1,9
C031,P100,Books,22.0,1,1,1,9
C031,P83,Sports,100.0,1,0,0,9
C031,P20,Sports,33.0,2,1,1,9
C031,P4,Books,177.0,0,0,0,9
C031,P0,Fashion,103.0,2,2,1,9
C031,P147,Fashion,79.0,1,1,1,9
C032,P42,Books,93.0,0,0,0,6
C032,P58,Toys,39.0,3,2,2,6
C032,P190,Fashion,30.0,3,3,3,6
C032,P173,Sports,199.0,1,0,0,6
C032,P22,Sports,65.0,0,0,0,6
C032,P194,Toys,196.0,0,0,0,6
C032,P167,Toys,181.0,0,0,0,6
C032,P48,Electronics,59.0,0,0,0,6
C032,P78,Toys,74.0,0,0,0,6
C032,P25,Toys,55.0,5,2,2,6
C032,P62,Toys,184.0,0,0,0,6
C032,P36,Sports,98.0,0,0,0,6
C032,P191,Fashion,92.0,0,0,0,6
C032,P40,Books,47.0,0,0,0,6
C032,P31,Fashion,30.0,1,0,0,6
C032,P179,Toys,123.0,1,1,1,6
C032,P180,Books,51.0,0,0,0,6
C032,P176,Books,50.0,0,0,0,6
C032,P114,Electronics,184.0,0,0,0,6
C032,P128,Fashion,122.0,0,0,0,6
C032,P23,Fashion,19.0,0,0,0,6
C032,P161,Electronics,150.0,0,0,0,6
C032,P51,Electronics,76.0,1,0,0,6
C032,P135,Electronics,188.0,0,0,0,6
C032,P54,Sports,13.0,2,1,1,6
C032,P144,Toys,173.0,2,0,0,6
C032,P89,Sports,103.0,0,0,0,6
C032,P124,Sports,7.0,1,1,1,6
C032,P39,Toys,93.0,0,0,0,6
C032,P88,Toys,183.0,1,0,0,6
C033,P134,Electronics,140.0,0,0,0,6
C033,P73,Books,121.0,1,0,0,6
C033,P25,Toys,55.0,0,0,0,6
C033,P149,Fashion,79.0,0,0,0,6
C033,P177,Toys,170.0,0,0,0,6
C033,P79,Books,102.0,0,0,0,6
C033,P188,Electronics,81.0,2,2,1,6
C033,P33,Books,78.0,3,0,0,6
C033,P104,Sports,147.0,0,0,0,6
C033,P179,Toys,123.0,0,0,0,6
C033,P189,Toys,10.0,0,0,0,6
C033,P15,Fashion,43.0,0,0,0,6
C033,P32,Sports,30.0,2,1,1,6
C033,P180,Books,51.0,0,0,0,6
C033,P7,Sports,128.0,0,0,0,6
C033,P81,Electronics,20.0,4,3,3,6
C033,P11,Fashion,71.0,1,0,0,6
C033,P170,Toys,158.0,0,0,0,6
C033,P182,Electronics,144.0,0,0,0,6
C033,P142,Books,163.0,0,0,0,6
C033,P38,Fashion,116.0,0,0,0,6
C033,P98,Fashion,182.0,0,0,0,6
C033,P168,Sports,79.0,1,1,0,6
C033,P155,Sports,101.0,0,0,0,6
C033,P174,Fashion,80.0,0,0,0,6
C033,P90,Fashion,58.0,2,1,1,6
C033,P151,Books,103.0,2,2,2,6
C033,P95,Electronics,154.0,1,0,0,6
C033,P195,Electronics,98.0,3,2,2,6
C033,P140,Sports,135.0,0,0,0,6
C034,P90,Fashion,58.0,2,1,0,7
C034,P74,Electronics,71.0,0,0,0,7
C034,P173,Sports,199.0,1,0,0,7
C034,P131,Toys,65.0,2,0,0,7
C034,P181,Electronics,162.0,0,0,0,7
C034,P91,Fashion,158.0,0,0,0,7
C034,P190,Fashion,30.0,1,0,0,7
C034,P6,Sports,66.0,5,3,2,7
C034,P37,Toys,134.0,0,0,0,7
C034,P62,Toys,184.0,0,0,0,7
C034,P30,Books,155.0,0,0,0,7
C034,P98,Fashion,182.0,1,1,0,7
C034,P177,Toys,170.0,0,0,0,7
C034,P183,Books,127.0,1,0,0,7
C034,P29,Toys,141.0,1,0,0,7
C034,P155,Sports,101.0,1,1,0,7
C034,P136,Sports,192.0,1,1,0,7
C034,P84,Toys,114.0,2,0,0,7
C034,P138,Sports,10.0,3,0,0,7
C034,P120,Electronics,118.0,0,0,0,7
C034,P124,Sports,7.0,1,0,0,7
C034,P150,Sports,144.0,3,0,0,7
C034,P166,Sports,94.0,2,1,0,7
C034,P26,Fashion,184.0,0,0,0,7
C034,P130,Sports,109.0,5,1,0,7
C034,P114,Electronics,184.0,2,0,0,7
C034,P107,Sports,170.0,3,0,0,7
C034,P159,Sports,60.0,1,1,0,7
C034,P174,Fashion,80.0,2,0,0,7
C034,P52,Toys,33.0,2,0,0,7
C035,P160,Books,105.0,0,0,0,7
C035,P198,Books,78.0,1,0,0,7
C035,P17,Fashion,199.0,2,0,0,7
C035,P84,Toys,114.0,2,1,0,7
C035,P85,Fashion,46.0,1,1,1,7
C035,P75,Fashion,183.0,0,0,0,7
C035,P3,Sports,89.0,0,0,0,7
C035,P112,Toys,141.0,2,0,0,7
C035,P86,Sports,56.0,1,1,1,7
C035,P14,Toys,175.0,0,0,0,7
C035,P105,Books,62.0,0,0,0,7
C035,P154,Fashion,42.0,4,1,0,7
C035,P58,Toys,39.0,1,0,0,7
C035,P187,Books,153.0,3,1,0,7
C035,P180,Books,51.0,2,1,1,7
C035,P155,Sports,101.0,0,0,0,7
C035,P78,Toys,74.0,0,0,0,7
C035,P83,Sports,100.0,1,0,0,7
C035,P96,Books,159.0,0,0,0,7
C035,P98,Fashion,182.0,0,0,0,7
C035,P188,Electronics,81.0,0,0,0,7
C035,P46,Books,116.0,1,0,0,7
C035,P136,Sports,192.0,0,0,0,7
C035,P178,Electronics,46.0,6,3,3,7
C035,P47,Sports,76.0,2,0,0,7
C035,P126,Toys,162.0,0,0,0,7
C035,P7,Sports,128.0,0,0,0,7
C035,P4,Books,177.0,1,1,1,7
C035,P176,Books,50.0,1,1,1,7
C035,P40,Books,47.0,0,0,0,7
C036,P154,Fashion,42.0,0,0,0,5
C036,P159,Sports,60.0,0,0,0,5
C036,P102,Electronics,100.0,0,0,0,5
C036,P56,Electronics,84.0,0,0,0,5
C036,P3,Sports,89.0,1,0,0,5
C036,P63,Books,117.0,0,0,0,5
C036,P16,Electronics,152.0,0,0,0,5
C036,P144,Toys,173.0,0,0,0,5
C036,P129,Sports,106.0,0,0,0,5
C036,P4,Books,177.0,0,0,0,5
C036,P166,Sports,94.0,0,0,0,5
C036,P73,Books,121.0,1,0,0,5
C036,P121,Toys,81.0,1,0,0,5
C036,P35,Fashion,87.0,0,0,0,5
C036,P186,Fashion,190.0,1,0,0,5
C036,P103,Electronics,83.0,0,0,0,5
C036,P31,Fashion,30.0,1,1,1,5
C036,P62,Toys,184.0,1,1,0,5
C036,P176,Books,50.0,1,1,0,5
C036,P87,Toys,30.0,1,0,0,5
C036,P175,Books,56.0,2,0,0,5
C036,P68,Toys,35.0,2,1,1,5
C036,P184,Fashion,87.0,0,0,0,5
C036,P13,Sports,111.0,0,0,0,5
C036,P179,Toys,123.0,0,0,0,5
C036,P37,Toys,134.0,0,0,0,5
C036,P15,Fashion,43.0,0,0,0,5
C036,P145,Sports,130.0,0,0,0,5
C036,P57,Books,60.0,0,0,0,5
C036,P164,Electronics,144.0,0,0,0,5
C037,P97,Books,107.0,3,1,1,9
C037,P8,Toys,21.0,0,0,0,9
C037,P25,Toys,55.0,0,0,0,9
C037,P118,Toys,23.0,1,0,0,9
C037,P55,Toys,44.0,0,0,0,9
C037,P84,Toys,114.0,1,0,0,9
C037,P190,Fashion,30.0,0,0,0,9
C037,P107,Sports,170.0,0,0,0,9
C037,P3,Sports,89.0,0,0,0,9
C037,P111,Books,148.0,0,0,0,9
C037,P163,Toys,91.0,0,0,0,9
C037,P130,Sports,109.0,2,1,0,9
C037,P37,Toys,134.0,0,0,0,9
C037,P20,Sports,33.0,3,0,0,9
C037,P72,Fashion,143.0,0,0,0,9
C037,P170,Toys,158.0,0,0,0,9
C037,P120,Electronics,118.0,2,1,1,9
C037,P29,Toys,141.0,1,0,0,9
C037,P18,Books,20.0,3,1,1,9
C037,P186,Fashion,190.0,0,0,0,9
C037,P64,Fashion,31.0,2,1,1,9
C037,P73,Books,121.0,1,1,1,9
C037,P1,Fashion,132.0,0,0,0,9
C037,P139,Sports,197.0,0,0,0,9
C037,P13,Sports,111.0,2,1,1,9
C037,P62,Toys,184.0,0,0,0,9
C037,P166,Sports,94.0,0,0,0,9
C037,P132,Fashion,32.0,2,1,1,9
C037,P61,Fashion,66.0,0,0,0,9
C037,P127,Electronics,140.0,1,0,0,9
C038,P186,Fashion,190.0,0,0,0,2
C038,P102,Electronics,100.0,0,0,0,2
C038,P115,Sports,81.0,0,0,0,2
C038,P78,Toys,74.0,0,0,0,2
C038,P159,Sports,60.0,1,0,0,2
C038,P88,Toys,183.0,1,0,0,2
C038,P93,Fashion,62.0,0,0,0,2
C038,P16,Electronics,152.0,0,0,0,2
C038,P143,Fashion,75.0,0,0,0,2
C038,P133,Toys,82.0,0,0,0,2
C038,P147,Fashion,79.0,0,0,0,2
C038,P33,Books,78.0,0,0,0,2
C038,P117,Sports,50.0,1,0,0,2
C038,P58,Toys,39.0,0,0,0,2
C038,P71,Sports,153.0,0,0,0,2
C038,P55,Toys,44.0,2,0,0,2
C038,P170,Toys,158.0,0,0,0,2
C038,P121,Toys,81.0,1,0,0,2
C038,P30,Books,155.0,0,0,0,2
C038,P162,Toys,177.0,0,0,0,2
C038,P118,Toys,23.0,2,1,1,2
C038,P70,Electronics,141.0,3,1,0,2
C038,P89,Sports,,0,0,0,2
C038,P52,Toys,33.0,0,0,0,2
C038,P38,Fashion,116.0,0,0,0,2
C038,P165,Electronics,45.0,2,1,0,2
C038,P49,Sports,92.0,0,0,0,2
C038,P79,Books,102.0,0,0,0,2
C038,P107,Sports,170.0,0,0,0,2
C038,P8,Toys,21.0,0,0,0,2
C039,P38,Fashion,116.0,1,1,0,8
C039,P78,Toys,74.0,0,0,0,8
C039,P40,Books,47.0,5,0,0,8
C039,P176,Books,50.0,8,3,2,8
C039,P174,Fashion,80.0,0,0,0,8
C039,P66,Fashion,176.0,0,0,0,8
C039,P0,Fashion,103.0,0,0,0,8
C039,P25,Toys,55.0,1,0,0,8
C039,P2,Electronics,36.0,1,1,1,8
C039,P20,Sports,33.0,2,2,2,8
C039,P198,Books,78.0,0,0,0,8
C039,P73,Books,121.0,1,0,0,8
C039,P96,Books,159.0,0,0,0,8
C039,P47,Sports,76.0,0,0,0,8
C039,P136,Sports,,0,0,0,8
C039,P123,Books,195.0,1,1,0,8
C039,P133,Toys,82.0,0,0,0,8
C039,P162,Toys,177.0,0,0,0,8
C039,P44,Fashion,141.0,0,0,0,8
C039,P64,Fashion,31.0,3,3,2,8
C039,P70,Electronics,141.0,0,0,0,8
C039,P196,Electronics,159.0,0,0,0,8
C039,P17,Fashion,199.0,1,1,0,8
C039,P88,Toys,183.0,0,0,0,8
C039,P27,Electronics,153.0,1,1,1,8
C039,P60,Fashion,144.0,0,0,0,8
C039,P59,Sports,66.0,1,0,0,8
C039,P95,Electronics,154.0,1,0,0,8
C039,P130,Sports,109.0,1,0,0,8
C039,P117,Sports,50.0,1,1,1,8
C040,P42,Books,93.0,0,0,0,9
C040,P148,Fashion,71.0,2,0,0,9
C040,P94,Sports,180.0,1,1,1,9
C040,P133,Toys,82.0,0,0,0,9
C040,P30,Books,155.0,1,1,1,9
C040,P65,Electronics,194.0,3,2,2,9
C040,P114,Electronics,184.0,1,1,1,9
C040,P130,Sports,109.0,0,0,0,9
C040,P16,Electronics,152.0,0,0,0,9
C040,P88,Toys,183.0,0,0,0,9
C040,P196,Electronics,159.0,3,1,1,9
C040,P125,Electronics,126.0,2,1,1,9
C040,P152,Fashion,9.0,1,0,0,9
C040,P139,Sports,197.0,0,0,0,9
C040,P11,Fashion,71.0,1,0,0,9
C040,P14,Toys,175.0,0,0,0,9
C040,P26,Fashion,184.0,0,0,0,9
C040,P44,Fashion,141.0,0,0,0,9
C040,P62,Toys,,0,0,0,9
C040,P55,Toys,44.0,0,0,0,9
C040,P169,Sports,8.0,1,1,1,9
C040,P99,Sports,34.0,0,0,0,9
C040,P45,Fashion,146.0,1,1,0,9
C040,P57,Books,60.0,0,0,0,9
C040,P60,Fashion,144.0,0,0,0,9
C040,P12,Toys,193.0,0,0,0,9
C040,P102,Electronics,100.0,0,0,0,9
C040,P129,Sports,106.0,0,0,0,9
C040,P50,Books,116.0,1,1,0,9
C040,P56,Electronics,84.0,2,2,1,9
C041,P58,Toys,39.0,2,2,1,4
C041,P29,Toys,141.0,0,0,0,4
C041,P40,Books,47.0,0,0,0,4
C041,P85,Fashion,46.0,0,0,0,4
C041,P60,Fashion,144.0,0,0,0,4
C041,P140,Sports,135.0,0,0,0,4
C041,P87,Toys,30.0,0,0,0,4
C041,P124,Sports,7.0,0,0,0,4
C041,P21,Electronics,55.0,4,1,1,4
C041,P6,Sports,66.0,2,2,1,4
C041,P38,Fashion,116.0,1,0,0,4
C041,P78,Toys,74.0,0,0,0,4
C041,P84,Toys,114.0,0,0,0,4
C041,P94,Sports,180.0,0,0,0,4
C041,P187,Books,153.0,0,0,0,4
C041,P160,Books,105.0,1,1,1,4
C041,P35,Fashion,87.0,0,0,0,4
C041,P108,Toys,161.0,0,0,0,4
C041,P112,Toys,141.0,1,0,0,4
C041,P100,Books,22.0,3,2,1,4
C041,P86,Sports,56.0,2,2,1,4
C041,P145,Sports,130.0,0,0,0,4
C041,P91,Fashion,158.0,1,1,1,4
C041,P152,Fashion,9.0,1,1,0,4
C041,P96,Books,159.0,1,1,0,4
C041,P191,Fashion,92.0,1,0,0,4
C041,P30,Books,155.0,1,1,1,4
C041,P139,Sports,197.0,0,0,0,4
C041,P161,Electronics,150.0,0,0,0,4
C041,P32,Sports,30.0,1,0,0,4
C042,P67,Electronics,156.0,0,0,0,3
C042,P137,Sports,44.0,1,1,0,3
C042,P41,Electronics,119.0,5,4,4,3
C042,P54,Sports,13.0,0,0,0,3
C042,P79,Books,102.0,1,1,1,3
C042,P7,Sports,128.0,0,0,0,3
C042,P121,Toys,81.0,1,1,1,3
C042,P152,Fashion,9.0,0,0,0,3
C042,P87,Toys,30.0,2,1,1,3
C042,P190,Fashion,30.0,0,0,0,3
C042,P5,Books,174.0,0,0,0,3
C042,P34,Toys,18.0,1,1,0,3
C042,P145,Sports,130.0,1,0,0,3
C042,P51,Electronics,76.0,4,2,0,3
C042,P63,Books,117.0,1,0,0,3
C042,P50,Books,116.0,1,0,0,3
C042,P119,Fashion,169.0,1,1,1,3
C042,P139,Sports,197.0,0,0,0,3
C042,P10,Sports,57.0,2,1,1,3
C042,P78,Toys,74.0,3,1,1,3
C042,P143,Fashion,75.0,2,1,1,3
C042,P75,Fashion,183.0,0,0,0,3
C042,P105,Books,62.0,2,0,0,3
C042,P120,Electronics,118.0,2,0,0,3
C042,P180,Books,51.0,2,2,2,3
C042,P140,Sports,135.0,1,0,0,3
C042,P141,Books,152.0,0,0,0,3
C042,P35,Fashion,87.0,0,0,0,3
C042,P155,Sports,101.0,0,0,0,3
C042,P134,Electronics,140.0,1,0,0,3
C043,P52,Toys,33.0,0,0,0,0
C043,P143,Fashion,75.0,0,0,0,0
C043,P5,Books,174.0,0,0,0,0
C043,P44,Fashion,141.0,0,0,0,0
C043,P120,Electronics,118.0,0,0,0,0
C043,P38,Fashion,116.0,0,0,0,0
C043,P150,Sports,144.0,0,0,0,0
C043,P182,Electronics,144.0,1,1,0,0
C043,P134,Electronics,140.0,0,0,0,0
C043,P30,Books,155.0,0,0,0,0
C043,P74,Electronics,71.0,0,0,0,0
C043,P71,Sports,153.0,1,1,1,0
C043,P23,Fashion,19.0,1,0,0,0
C043,P41,Electronics,119.0,0,0,0,0
C043,P195,Electronics,98.0,0,0,0,0
C043,P91,Fashion,158.0,0,0,0,0
C043,P80,Fashion,114.0,1,1,1,0
C043,P4,Books,177.0,2,2,2,0
C043,P153,Electronics,8.0,0,0,0,0
C043,P53,Fashion,26.0,1,0,0,0
C043,P137,Sports,44.0,0,0,0,0
C043,P157,Sports,194.0,0,0,0,0
C043,P113,Sports,41.0,1,0,0,0
C043,P136,Sports,192.0,1,1,0,0
C043,P75,Fashion,183.0,0,0,0,0
C043,P33,Books,78.0,0,0,0,0
C043,P126,Toys,162.0,0,0,0,0
C043,P192,Electronics,94.0,0,0,0,0
C043,P69,Electronics,159.0,0,0,0,0
C043,P131,Toys,65.0,2,1,1,0
C044,P78,Toys,74.0,0,0,0,0
C044,P52,Toys,33.0,2,0,0,0
C044,P31,Fashion,30.0,2,1,1,0
C044,P175,Books,56.0,0,0,0,0
C044,P23,Fashion,19.0,4,0,0,0
C044,P1,Fashion,132.0,1,0,0,0
C044,P198,Books,78.0,2,0,0,0
C044,P123,Books,195.0,0,0,0,0
C044,P18,Books,20.0,0,0,0,0
C044,P167,Toys,181.0,0,0,0,0
C044,P186,Fashion,190.0,0,0,0,0
C044,P79,Books,102.0,0,0,0,0
C044,P81,Electronics,20.0,2,0,0,0
C044,P45,Fashion,146.0,0,0,0,0
C044,P67,Electronics,156.0,0,0,0,0
C044,P36,Sports,98.0,4,2,2,0
C044,P136,Sports,192.0,0,0,0,0
C044,P161,Electronics,150.0,1,1,1,0
C044,P137,Sports,44.0,1,0,0,0
C044,P182,Electronics,144.0,0,0,0,0
C044,P131,Toys,65.0,4,1,1,0
C044,P105,Books,62.0,1,0,0,0
C044,P73,Books,121.0,0,0,0,0
C044,P176,Books,50.0,2,0,0,0
C044,P199,Electronics,48.0,1,1,0,0
C044,P74,Electronics,71.0,1,0,0,0
C044,P154,Fashion,42.0,2,1,1,0
C044,P115,Sports,81.0,0,0,0,0
C044,P60,Fashion,144.0,1,1,1,0
C044,P21,Electronics,55.0,0,0,0,0
C045,P44,Fashion,141.0,0,0,0,6
C045,P121,Toys,81.0,1,1,1,6
C045,P19,Books,52.0,0,0,0,6
C045,P41,Electronics,119.0,1,0,0,6
C045,P198,Books,78.0,0,0,0,6
C045,P34,Toys,18.0,1,0,0,6
C045,P79,Books,102.0,0,0,0,6
C045,P148,Fashion,71.0,2,1,0,6
C045,P77,Fashion,139.0,1,0,0,6
C045,P183,Books,127.0,1,1,1,6
C045,P3,Sports,89.0,2,2,2,6
C045,P140,Sports,135.0,0,0,0,6
C045,P62,Toys,184.0,1,0,0,6
C045,P55,Toys,44.0,0,0,0,6
C045,P71,Sports,153.0,0,0,0,6
C045,P57,Books,60.0,0,0,0,6
C045,P159,Sports,60.0,0,0,0,6
C045,P24,Sports,180.0,0,0,0,6
C045,P14,Toys,175.0,1,0,0,6
C045,P194,Toys,196.0,2,1,1,6
C045,P87,Toys,30.0,5,2,2,6
C045,P166,Sports,94.0,1,1,1,6
C045,P109,Books,29.0,1,1,1,6
C045,P28,Books,38.0,2,2,2,6
C045,P32,Sports,30.0,0,0,0,6
C045,P153,Electronics,8.0,1,0,0,6
C045,P106,Fashion,129.0,0,0,0,6
C045,P178,Electronics,46.0,1,0,0,6
C045,P80,Fashion,114.0,0,0,0,6
C045,P197,Toys,29.0,4,2,2,6
C046,P37,Toys,134.0,0,0,0,6
C046,P7,Sports,128.0,0,0,0,6
C046,P101,Electronics,193.0,1,1,1,6
C046,P14,Toys,175.0,1,1,1,6
C046,P131,Toys,65.0,2,1,1,6
C046,P198,Books,78.0,4,1,1,6
C046,P128,Fashion,122.0,0,0,0,6
C046,P38,Fashion,116.0,0,0,0,6
C046,P138,Sports,,0,0,0,6
C046,P103,Electronics,83.0,1,1,0,6
C046,P153,Electronics,8.0,2,1,1,6
C046,P147,Fashion,79.0,1,0,0,6
C046,P53,Fashion,26.0,1,0,0,6
C046,P4,Books,177.0,3,0,0,6
C046,P62,Toys,184.0,0,0,0,6
C046,P137,Sports,44.0,2,1,1,6
C046,P15,Fashion,43.0,0,0,0,6
C046,P49,Sports,92.0,2,0,0,6
C046,P68,Toys,35.0,1,0,0,6
C046,P177,Toys,170.0,2,0,0,6
C046,P150,Sports,144.0,1,1,1,6
C046,P8,Toys,21.0,1,0,0,6
C046,P23,Fashion,19.0,2,1,1,6
C046,P160,Books,105.0,1,0,0,6
C046,P47,Sports,76.0,0,0,0,6
C046,P189,Toys,10.0,2,0,0,6
C046,P57,Books,60.0,3,1,0,6
C046,P44,Fashion,141.0,0,0,0,6
C046,P117,Sports,50.0,1,0,0,6
C046,P165,Electronics,45.0,1,0,0,6
C047,P145,Sports,130.0,2,0,0,3
C047,P7,Sports,128.0,0,0,0,3
C047,P158,Fashion,156.0,1,0,0,3
C047,P86,Sports,56.0,0,0,0,3
C047,P95,Electronics,154.0,1,0,0,3
C047,P120,Electronics,118.0,4,1,1,3
C047,P122,Sports,195.0,0,0,0,3
C047,P9,Toys,163.0,0,0,0,3
C047,P39,Toys,93.0,2,1,1,3
C047,P90,Fashion,58.0,0,0,0,3
C047,P197,Toys,29.0,1,0,0,3
C047,P179,Toys,123.0,1,1,1,3
C047,P181,Electronics,162.0,0,0,0,3
C047,P137,Sports,44.0,2,1,1,3
C047,P163,Toys,91.0,0,0,0,3
C047,P124,Sports,7.0,2,1,1,3
C047,P10,Sports,57.0,1,0,0,3
C047,P52,Toys,33.0,0,0,0,3
C047,P61,Fashion,66.0,1,0,0,3
C047,P21,Electronics,55.0,6,0,0,3
C047,P14,Toys,175.0,1,1,0,3
C047,P15,Fashion,43.0,0,0,0,3
C047,P1,Fashion,132.0,1,0,0,3
C047,P125,Electronics,126.0,4,2,1,3
C047,P157,Sports,194.0,0,0,0,3
C047,P24,Sports,180.0,0,0,0,3
C047,P65,Electronics,194.0,2,0,0,3
C047,P199,Electronics,48.0,2,1,1,3
C047,P18,Books,20.0,0,0,0,3
C047,P89,Sports,103.0,2,0,0,3
C048,P75,Fashion,183.0,0,0,0,4
C048,P31,Fashion,30.0,0,0,0,4
C048,P44,Fashion,141.0,0,0,0,4
C048,P107,Sports,170.0,0,0,0,4
C048,P148,Fashion,71.0,0,0,0,4
C048,P63,Books,117.0,1,1,1,4
C048,P130,Sports,109.0,0,0,0,4
C048,P171,Books,64.0,2,1,0,4
C048,P23,Fashion,19.0,2,0,0,4
C048,P129,Sports,106.0,1,1,0,4
C048,P166,Sports,94.0,1,0,0,4
C048,P20,Sports,33.0,1,0,0,4
C048,P106,Fashion,129.0,0,0,0,4
C048,P190,Fashion,30.0,1,1,0,4
C048,P126,Toys,162.0,2,1,0,4
C048,P147,Fashion,79.0,2,0,0,4
C048,P162,Toys,177.0,0,0,0,4
C048,P19,Books,52.0,6,5,3,4
C048,P142,Books,163.0,1,0,0,4
C048,P96,Books,159.0,0,0,0,4
C048,P73,Books,121.0,2,0,0,4
C048,P78,Toys,74.0,0,0,0,4
C048,P140,Sports,135.0,0,0,0,4
C048,P187,Books,153.0,2,1,0,4
C048,P124,Sports,7.0,2,0,0,4
C048,P29,Toys,141.0,1,0,0,4
C048,P168,Sports,79.0,2,2,1,4
C048,P86,Sports,56.0,0,0,0,4
C048,P191,Fashion,92.0,2,2,2,4
C048,P43,Toys,168.0,1,0,0,4
C049,P179,Toys,123.0,1,0,0,0
C049,P191,Fashion,92.0,3,1,1,0
C049,P55,Toys,44.0,1,0,0,0
C049,P61,Fashion,66.0,0,0,0,0
C049,P26,Fashion,184.0,3,1,1,0
C049,P80,Fashion,114.0,0,0,0,0
C049,P193,Books,77.0,1,0,0,0
C049,P42,Books,93.0,0,0,0,0
C049,P171,Books,64.0,1,1,1,0
C049,P177,Toys,170.0,0,0,0,0
C049,P154,Fashion,42.0,0,0,0,0
C049,P116,Sports,188.0,1,0,0,0
C049,P18,Books,20.0,2,0,0,0
C049,P75,Fashion,183.0,0,0,0,0
C049,P159,Sports,60.0,0,0,0,0
C049,P122,Sports,195.0,0,0,0,0
C049,P149,Fashion,79.0,1,0,0,0
C049,P86,Sports,56.0,0,0,0,0
C049,P57,Books,60.0,0,0,0,0
C049,P54,Sports,13.0,0,0,0,0
C049,P186,Fashion,190.0,1,1,1,0
C049,P60,Fashion,144.0,1,0,0,0
C049,P16,Electronics,152.0,0,0,0,0
C049,P13,Sports,111.0,0,0,0,0
C049,P95,Electronics,154.0,0,0,0,0
C049,P188,Electronics,81.0,0,0,0,0
C049,P84,Toys,114.0,2,1,1,0
C049,P157,Sports,194.0,0,0,0,0
C049,P10,Sports,57.0,0,0,0,0
C049,P34,Toys,18.0,1,0,0,0
C050,P27,Electronics,153.0,1,1,1,7
C050,P25,Toys,55.0,2,2,2,7
C050,P13,Sports,111.0,1,0,0,7
C050,P23,Fashion,19.0,3,2,2,7
C050,P39,Toys,93.0,0,0,0,7
C050,P47,Sports,76.0,0,0,0,7
C050,P160,Books,105.0,1,0,0,7
C050,P0,Fashion,103.0,0,0,0,7
C050,P143,Fashion,75.0,0,0,0,7
C050,P50,Books,116.0,0,0,0,7
C050,P45,Fashion,146.0,0,0,0,7
C050,P120,Electronics,118.0,1,0,0,7
C050,P116,Sports,188.0,1,1,0,7
C050,P197,Toys,29.0,3,2,1,7
C050,P11,Fashion,71.0,0,0,0,7
C050,P159,Sports,60.0,0,0,0,7
C050,P5,Books,174.0,0,0,0,7
C050,P111,Books,148.0,0,0,0,7
C050,P100,Books,22.0,1,0,0,7
C050,P157,Sports,194.0,0,0,0,7
C050,P112,Toys,141.0,0,0,0,7
C050,P3,Sports,89.0,1,1,0,7
C050,P118,Toys,23.0,4,1,1,7
C050,P71,Sports,153.0,0,0,0,7
C050,P130,Sports,109.0,1,1,0,7
C050,P35,Fashion,87.0,0,0,0,7
C050,P43,Toys,168.0,3,1,0,7
C050,P117,Sports,50.0,0,0,0,7
C050,P63,Books,117.0,0,0,0,7
C050,P191,Fashion,92.0,1,0,0,7
C051,P196,Electronics,159.0,1,1,1,8
C051,P112,Toys,141.0,1,0,0,8
C051,P76,Sports,196.0,0,0,0,8
C051,P83,Sports,100.0,0,0,0,8
C051,P179,Toys,123.0,0,0,0,8
C051,P120,Electronics,118.0,0,0,0,8
C051,P63,Books,117.0,1,1,1,8
C051,P152,Fashion,9.0,1,1,1,8
C051,P192,Electronics,94.0,0,0,0,8
C051,P55,Toys,44.0,0,0,0,8
C051,P90,Fashion,58.0,2,0,0,8
C051,P45,Fashion,146.0,2,0,0,8
C051,P143,Fashion,75.0,4,2,1,8
C051,P0,Fashion,103.0,3,1,1,8
C051,P159,Sports,60.0,0,0,0,8
C051,P104,Sports,147.0,1,1,1,8
C051,P174,Fashion,80.0,1,0,0,8
C051,P57,Books,60.0,0,0,0,8
C051,P187,Books,153.0,0,0,0,8
C051,P25,Toys,55.0,0,0,0,8
C051,P38,Fashion,116.0,1,0,0,8
C051,P73,Books,121.0,1,1,1,8
C051,P151,Books,103.0,0,0,0,8
C051,P88,Toys,183.0,0,0,0,8
C051,P30,Books,155.0,2,1,1,8
C051,P124,Sports,7.0,0,0,0,8
C051,P103,Electronics,83.0,1,0,0,8
C051,P175,Books,56.0,0,0,0,8
C051,P67,Electronics,156.0,0,0,0,8
C051,P56,Electronics,84.0,0,0,0,8
C052,P29,Toys,141.0,1,1,1,0
C052,P73,Books,121.0,0,0,0,0
C052,P5,Books,174.0,0,0,0,0
C052,P81,Electronics,20.0,1,1,1,0
C052,P22,Sports,65.0,4,1,1,0
C052,P109,Books,29.0,2,1,1,0
C052,P43,Toys,168.0,2,0,0,0
C052,P94,Sports,180.0,0,0,0,0
C052,P30,Books,155.0,0,0,0,0
C052,P65,Electronics,194.0,0,0,0,0
C052,P18,Books,20.0,1,1,1,0
C052,P71,Sports,153.0,1,1,1,0
C052,P36,Sports,98.0,4,1,0,0
C052,P38,Fashion,116.0,0,0,0,0
C052,P7,Sports,128.0,2,1,0,0
C052,P103,Electronics,83.0,0,0,0,0
C052,P142,Books,163.0,0,0,0,0
C052,P24,Sports,180.0,0,0,0,0
C052,P16,Electronics,152.0,0,0,0,0
C052,P198,Books,78.0,0,0,0,0
C052,P118,Toys,23.0,0,0,0,0
C052,P120,Electronics,118.0,0,0,0,0
C052,P6,Sports,66.0,2,2,1,0
C052,P138,Sports,10.0,4,2,0,0
C052,P164,Electronics,144.0,2,1,1,0
C052,P37,Toys,134.0,1,1,1,0
C052,P128,Fashion,122.0,0,0,0,0
C052,P171,Books,64.0,4,1,0,0
C052,P189,Toys,10.0,1,0,0,0
C052,P175,Books,56.0,1,1,0,0
C053,P176,Books,50.0,2,0,0,0
C053,P32,Sports,30.0,0,0,0,0
C053,P166,Sports,94.0,1,0,0,0
C053,P136,Sports,192.0,1,0,0,0
C053,P76,Sports,196.0,1,1,0,0
C053,P88,Toys,183.0,0,0,0,0
C053,P168,Sports,79.0,0,0,0,0
C053,P24,Sports,180.0,0,0,0,0
C053,P41,Electronics,119.0,0,0,0,0
C053,P150,Sports,144.0,0,0,0,0
C053,P15,Fashion,43.0,2,0,0,0
C053,P52,Toys,33.0,1,0,0,0
C053,P35,Fashion,87.0,3,1,0,0
C053,P8,Toys,21.0,2,2,2,0
C053,P49,Sports,92.0,3,1,0,0
C053,P37,Toys,134.0,0,0,0,0
C053,P188,Electronics,81.0,1,1,1,0
C053,P148,Fashion,71.0,4,2,1,0
C053,P117,Sports,50.0,0,0,0,0
C053,P4,Books,177.0,0,0,0,0
C053,P28,Books,38.0,2,1,0,0
C053,P118,Toys,23.0,2,1,1,0
C053,P48,Electronics,59.0,2,0,0,0
C053,P149,Fashion,79.0,0,0,0,0
C053,P54,Sports,13.0,2,1,1,0
C053,P90,Fashion,58.0,5,3,1,0
C053,P196,Electronics,159.0,0,0,0,0
C053,P103,Electronics,83.0,1,0,0,0
C053,P104,Sports,147.0,0,0,0,0
C053,P127,Electronics,140.0,0,0,0,0
C054,P146,Electronics,130.0,3,2,2,6
C054,P185,Toys,75.0,0,0,0,6
C054,P31,Fashion,30.0,3,0,0,6
C054,P127,Electronics,140.0,0,0,0,6
C054,P25,Toys,55.0,0,0,0,6
C054,P37,Toys,134.0,1,0,0,6
C054,P189,Toys,10.0,2,1,1,6
C054,P2,Electronics,36.0,2,0,0,6
C054,P95,Electronics,154.0,1,1,1,6
C054,P171,Books,64.0,0,0,0,6
C054,P177,Toys,170.0,2,1,1,6
C054,P129,Sports,106.0,0,0,0,6
C054,P122,Sports,195.0,1,1,1,6
C054,P158,Fashion,156.0,6,3,1,6
C054,P140,Sports,135.0,1,1,1,6
C054,P51,Electronics,76.0,2,0,0,6
C054,P182,Electronics,144.0,0,0,0,6
C054,P178,Electronics,46.0,0,0,0,6
C054,P118,Toys,23.0,0,0,0,6
C054,P117,Sports,50.0,2,1,1,6
C054,P38,Fashion,116.0,0,0,0,6
C054,P41,Electronics,119.0,1,0,0,6
C054,P6,Sports,66.0,1,1,0,6
C054,P71,Sports,153.0,0,0,0,6
C054,P108,Toys,161.0,0,0,0,6
C054,P128,Fashion,122.0,3,1,1,6
C054,P85,Fashion,46.0,5,1,1,6
C054,P131,Toys,65.0,2,1,1,6
C054,P99,Sports,34.0,0,0,0,6
C054,P184,Fashion,87.0,3,1,1,6
C055,P1,Fashion,132.0,1,0,0,8
C055,P12,Toys,193.0,1,1,0,8
C055,P154,Fashion,42.0,0,0,0,8
C055,P141,Books,152.0,1,0,0,8
C055,P33,Books,78.0,2,0,0,8
C055,P185,Toys,75.0,0,0,0,8
C055,P169,Sports,8.0,2,1,1,8
C055,P46,Books,116.0,3,2,1,8
C055,P162,Toys,177.0,0,0,0,8
C055,P193,Books,77.0,2,1,0,8
C055,P143,Fashion,75.0,2,0,0,8
C055,P3,Sports,89.0,4,1,1,8
C055,P126,Toys,162.0,3,2,2,8
C055,P8,Toys,21.0,1,0,0,8
C055,P16,Electronics,152.0,1,0,0,8
C055,P151,Books,103.0,2,1,1,8
C055,P192,Electronics,94.0,1,0,0,8
C055,P31,Fashion,30.0,1,0,0,8
C055,P112,Toys,141.0,2,1,1,8
C055,P26,Fashion,184.0,0,0,0,8
C055,P117,Sports,50.0,5,3,1,8
C055,P135,Electronics,188.0,0,0,0,8
C055,P113,Sports,41.0,4,1,1,8
C055,P153,Electronics,8.0,1,0,0,8
C055,P39,Toys,93.0,0,0,0,8
C055,P130,Sports,109.0,4,1,1,8
C055,P108,Toys,161.0,0,0,0,8
C055,P150,Sports,144.0,3,2,1,8
C055,P123,Books,195.0,0,0,0,8
C055,P129,Sports,106.0,3,0,0,8
C056,P137,Sports,44.0,0,0,0,0
C056,P17,Fashion,199.0,0,0,0,0
C056,P140,Sports,135.0,0,0,0,0
C056,P185,Toys,75.0,1,0,0,0
C056,P182,Electronics,144.0,0,0,0,0
C056,P146,Electronics,130.0,0,0,0,0
C056,P32,Sports,30.0,0,0,0,0
C056,P141,Books,152.0,0,0,0,0
C056,P86,Sports,56.0,0,0,0,0
C056,P106,Fashion,129.0,0,0,0,0
C056,P33,Books,78.0,1,0,0,0
C056,P91,Fashion,158.0,1,0,0,0
C056,P50,Books,116.0,0,0,0,0
C056,P159,Sports,60.0,2,0,0,0
C056,P199,Electronics,48.0,1,1,0,0
C056,P179,Toys,123.0,1,1,1,0
C056,P152,Fashion,9.0,1,1,1,0
C056,P55,Toys,44.0,0,0,0,0
C056,P70,Electronics,141.0,0,0,0,0
C056,P77,Fashion,139.0,0,0,0,0
C056,P76,Sports,196.0,0,0,0,0
C056,P44,Fashion,141.0,0,0,0,0
C056,P88,Toys,183.0,0,0,0,0
C056,P124,Sports,7.0,2,1,0,0
C056,P48,Electronics,59.0,0,0,0,0
C056,P116,Sports,188.0,0,0,0,0
C056,P4,Books,177.0,0,0,0,0
C056,P175,Books,56.0,0,0,0,0
C056,P139,Sports,197.0,0,0,0,0
C056,P188,Electronics,81.0,1,1,0,0
C057,P167,Toys,181.0,0,0,0,7
C057,P13,Sports,111.0,0,0,0,7
C057,P41,Electronics,119.0,0,0,0,7
C057,P110,Fashion,193.0,0,0,0,7
C057,P100,Books,22.0,4,3,1,7
C057,P73,Books,121.0,3,1,1,7
C057,P81,Electronics,20.0,1,0,0,7
C057,P34,Toys,18.0,0,0,0,7
C057,P14,Toys,175.0,0,0,0,7
C057,P84,Toys,114.0,2,1,1,7
C057,P146,Electronics,130.0,0,0,0,7
C057,P4,Books,177.0,0,0,0,7
C057,P178,Electronics,46.0,0,0,0,7
C057,P111,Books,148.0,1,0,0,7
C057,P8,Toys,21.0,4,0,0,7
C057,P127,Electronics,140.0,0,0,0,7
C057,P28,Books,38.0,3,0,0,7
C057,P172,Electronics,90.0,0,0,0,7
C057,P112,Toys,141.0,0,0,0,7
C057,P33,Books,78.0,4,1,0,7
C057,P43,Toys,168.0,0,0,0,7
C057,P12,Toys,193.0,0,0,0,7
C057,P160,Books,105.0,6,2,2,7
C057,P51,Electronics,76.0,1,0,0,7
C057,P187,Books,153.0,0,0,0,7
C057,P94,Sports,180.0,0,0,0,7
C057,P40,Books,47.0,2,0,0,7
C057,P39,Toys,93.0,0,0,0,7
C057,P96,Books,159.0,0,0,0,7
C057,P165,Electronics,45.0,3,1,1,7
C058,P171,Books,64.0,4,0,0,2
C058,P73,Books,121.0,4,3,3,2
C058,P32,Sports,30.0,1,1,1,2
C058,P39,Toys,93.0,0,0,0,2
C058,P82,Electronics,22.0,0,0,0,2
C058,P124,Sports,7.0,0,0,0,2
C058,P111,Books,148.0,2,1,1,2
C058,P86,Sports,56.0,0,0,0,2
C058,P30,Books,155.0,7,2,1,2
C058,P80,Fashion,114.0,0,0,0,2
C058,P44,Fashion,141.0,1,0,0,2
C058,P34,Toys,18.0,1,1,1,2
C058,P144,Toys,173.0,0,0,0,2
C058,P157,Sports,194.0,1,1,0,2
C058,P38,Fashion,116.0,2,2,1,2
C058,P17,Fashion,199.0,0,0,0,2
C058,P58,Toys,39.0,0,0,0,2
C058,P183,Books,127.0,4,3,2,2
C058,P21,Electronics,55.0,0,0,0,2
C058,P22,Sports,65.0,2,0,0,2
C058,P90,Fashion,58.0,0,0,0,2
C058,P78,Toys,74.0,2,1,1,2
C058,P137,Sports,44.0,0,0,0,2
C058,P14,Toys,175.0,1,0,0,2
C058,P141,Books,152.0,2,1,1,2
C058,P136,Sports,192.0,0,0,0,2
C058,P20,Sports,33.0,0,0,0,2
C058,P57,Books,,2,1,1,2
C058,P105,Books,62.0,2,1,0,2
C058,P8,Toys,21.0,2,1,1,2
C059,P59,Sports,66.0,1,0,0,5
C059,P161,Electronics,150.0,1,0,0,5
C059,P172,Electronics,90.0,0,0,0,5
C059,P56,Electronics,84.0,1,0,0,5
C059,P68,Toys,35.0,3,1,1,5
C059,P94,Sports,180.0,2,1,0,5
C059,P194,Toys,196.0,0,0,0,5
C059,P197,Toys,29.0,1,0,0,5
C059,P174,Fashion,80.0,0,0,0,5
C059,P145,Sports,130.0,0,0,0,5
C059,P57,Books,60.0,1,1,1,5
C059,P167,Toys,181.0,0,0,0,5
C059,P75,Fashion,183.0,0,0,0,5
C059,P19,Books,52.0,2,1,1,5
C059,P125,Electronics,126.0,1,0,0,5
C059,P185,Toys,75.0,0,0,0,5
C059,P189,Toys,10.0,0,0,0,5
C059,P4,Books,177.0,2,1,1,5
C059,P105,Books,62.0,0,0,0,5
C059,P99,Sports,34.0,1,0,0,5
C059,P39,Toys,93.0,0,0,0,5
C059,P43,Toys,168.0,0,0,0,5
C059,P198,Books,78.0,0,0,0,5
C059,P35,Fashion,87.0,0,0,0,5
C059,P76,Sports,196.0,1,1,0,5
C059,P100,Books,22.0,4,0,0,5
C059,P34,Toys,18.0,0,0,0,5
C059,P123,Books,195.0,3,1,0,5
C059,P24,Sports,180.0,1,0,0,5
C059,P2,Electronics,36.0,1,1,0,5
C060,P90,Fashion,58.0,1,1,0,8
C060,P119,Fashion,169.0,0,0,0,8
C060,P184,Fashion,87.0,0,0,0,8
C060,P87,Toys,30.0,0,0,0,8
C060,P110,Fashion,193.0,0,0,0,8
C060,P123,Books,195.0,0,0,0,8
C060,P107,Sports,170.0,1,1,1,8
C060,P29,Toys,141.0,0,0,0,8
C060,P20,Sports,33.0,1,0,0,8
C060,P41,Electronics,119.0,1,1,1,8
C060,P22,Sports,65.0,1,0,0,8
C060,P16,Electronics,152.0,2,0,0,8
C060,P65,Electronics,194.0,0,0,0,8
C060,P180,Books,51.0,0,0,0,8
C060,P102,Electronics,100.0,3,2,1,8
C060,P127,Electronics,140.0,0,0,0,8
C060,P130,Sports,109.0,1,1,0,8
C060,P143,Fashion,75.0,1,0,0,8
C060,P169,Sports,8.0,1,0,0,8
C060,P168,Sports,79.0,0,0,0,8
C060,P69,Electronics,159.0,3,0,0,8
C060,P136,Sports,192.0,1,0,0,8
C060,P182,Electronics,144.0,2,1,1,8
C060,P108,Toys,161.0,0,0,0,8
C060,P26,Fashion,184.0,0,0,0,8
C060,P117,Sports,50.0,0,0,0,8
C060,P96,Books,159.0,0,0,0,8
C060,P145,Sports,130.0,0,0,0,8
C060,P80,Fashion,114.0,0,0,0,8
C060,P192,Electronics,94.0,0,0,0,8
C061,P162,Toys,177.0,0,0,0,8
C061,P32,Sports,30.0,0,0,0,8
C061,P167,Toys,181.0,1,0,0,8
C061,P51,Electronics,76.0,1,0,0,8
C061,P17,Fashion,199.0,0,0,0,8
C061,P168,Sports,79.0,0,0,0,8
C061,P96,Books,159.0,0,0,0,8
C061,P181,Electronics,162.0,0,0,0,8
C061,P191,Fashion,92.0,0,0,0,8
C061,P142,Books,163.0,0,0,0,8
C061,P99,Sports,34.0,0,0,0,8
C061,P124,Sports,7.0,1,0,0,8
C061,P37,Toys,134.0,0,0,0,8
C061,P1,Fashion,132.0,0,0,0,8
C061,P11,Fashion,71.0,1,0,0,8
C061,P44,Fashion,141.0,1,1,1,8
C061,P24,Sports,180.0,0,0,0,8
C061,P54,Sports,13.0,0,0,0,8
C061,P92,Electronics,192.0,0,0,0,8
C061,P194,Toys,196.0,1,1,0,8
C061,P47,Sports,76.0,0,0,0,8
C061,P105,Books,62.0,0,0,0,8
C061,P196,Electronics,159.0,1,1,1,8
C061,P13,Sports,111.0,0,0,0,8
C061,P63,Books,117.0,0,0,0,8
C061,P166,Sports,94.0,0,0,0,8
C061,P165,Electronics,45.0,1,0,0,8
C061,P8,Toys,21.0,1,1,1,8
C061,P146,Electronics,130.0,2,1,1,8
C061,P184,Fashion,87.0,0,0,0,8
C062,P192,Electronics,94.0,0,0,0,0
C062,P35,Fashion,87.0,4,2,2,0
C062,P166,Sports,94.0,0,0,0,0
C062,P76,Sports,196.0,0,0,0,0
C062,P38,Fashion,116.0,3,1,1,0
C062,P165,Electronics,45.0,1,0,0,0
C062,P39,Toys,93.0,1,1,0,0
C062,P49,Sports,92.0,4,2,2,0
C062,P119,Fashion,169.0,1,1,0,0
C062,P33,Books,78.0,0,0,0,0
C062,P199,Electronics,48.0,1,1,1,0
C062,P191,Fashion,92.0,1,0,0,0
C062,P88,Toys,183.0,1,1,1,0
C062,P179,Toys,123.0,1,0,0,0
C062,P92,Electronics,192.0,0,0,0,0
C062,P175,Books,56.0,1,1,1,0
C062,P74,Electronics,71.0,2,1,0,0
C062,P29,Toys,141.0,1,0,0,0
C062,P138,Sports,10.0,2,0,0,0
C062,P34,Toys,18.0,3,2,2,0
C062,P27,Electronics,153.0,0,0,0,0
C062,P89,Sports,103.0,2,0,0,0
C062,P4,Books,177.0,1,0,0,0
C062,P30,Books,155.0,0,0,0,0
C062,P154,Fashion,42.0,4,2,2,0
C062,P23,Fashion,19.0,1,1,1,0
C062,P70,Electronics,141.0,0,0,0,0
C062,P101,Electronics,193.0,0,0,0,0
C062,P106,Fashion,129.0,5,4,1,0
C062,P20,Sports,33.0,2,1,1,0
C063,P64,Fashion,31.0,0,0,0,8
C063,P182,Electronics,144.0,0,0,0,8
C063,P128,Fashion,122.0,0,0,0,8
C063,P1,Fashion,132.0,0,0,0,8
C063,P149,Fashion,79.0,1,0,0,8
C063,P164,Electronics,144.0,1,0,0,8
C063,P165,Electronics,45.0,8,3,1,8
C063,P5,Books,174.0,0,0,0,8
C063,P154,Fashion,42.0,1,0,0,8
C063,P74,Electronics,71.0,1,0,0,8
C063,P135,Electronics,188.0,1,0,0,8
C063,P160,Books,105.0,0,0,0,8
C063,P91,Fashion,158.0,0,0,0,8
C063,P195,Electronics,98.0,1,0,0,8
C063,P105,Books,62.0,0,0,0,8
C063,P48,Electronics,59.0,3,2,1,8
C063,P84,Toys,114.0,0,0,0,8
C063,P148,Fashion,71.0,0,0,0,8
C063,P62,Toys,184.0,1,0,0,8
C063,P101,Electronics,193.0,1,1,1,8
C063,P98,Fashion,182.0,1,1,1,8
C063,P45,Fashion,146.0,0,0,0,8
C063,P57,Books,60.0,1,0,0,8
C063,P129,Sports,106.0,0,0,0,8
C063,P159,Sports,60.0,1,0,0,8
C063,P51,Electronics,76.0,1,0,0,8
C063,P27,Electronics,153.0,2,0,0,8
C063,P72,Fashion,143.0,0,0,0,8
C063,P34,Toys,18.0,2,1,1,8
C063,P162,Toys,177.0,0,0,0,8
C064,P161,Electronics,150.0,1,0,0,3
C064,P107,Sports,170.0,0,0,0,3
C064,P187,Books,153.0,1,0,0,3
C064,P116,Sports,188.0,0,0,0,3
C064,P105,Books,62.0,1,0,0,3
C064,P59,Sports,66.0,1,0,0,3
C064,P133,Toys,82.0,0,0,0,3
C064,P162,Toys,177.0,2,0,0,3
C064,P123,Books,195.0,0,0,0,3
C064,P15,Fashion,43.0,0,0,0,3
C064,P96,Books,159.0,0,0,0,3
C064,P158,Fashion,156.0,2,0,0,3
C064,P46,Books,116.0,0,0,0,3
C064,P141,Books,152.0,0,0,0,3
C064,P70,Electronics,141.0,2,1,1,3
C064,P20,Sports,33.0,0,0,0,3
C064,P170,Toys,158.0,1,0,0,3
C064,P89,Sports,103.0,1,1,1,3
C064,P18,Books,20.0,0,0,0,3
C064,P7,Sports,128.0,0,0,0,3
C064,P114,Electronics,184.0,2,1,0,3
C064,P85,Fashion,46.0,1,0,0,3
C064,P109,Books,29.0,0,0,0,3
C064,P195,Electronics,98.0,1,0,0,3
C064,P19,Books,52.0,1,1,0,3
C064,P130,Sports,109.0,2,0,0,3
C064,P22,Sports,65.0,0,0,0,3
C064,P151,Books,103.0,0,0,0,3
C064,P57,Books,60.0,0,0,0,3
C064,P176,Books,50.0,0,0,0,3
C065,P24,Sports,180.0,0,0,0,8
C065,P160,Books,105.0,0,0,0,8
C065,P1,Fashion,132.0,0,0,0,8
C065,P135,Electronics,188.0,0,0,0,8
C065,P99,Sports,34.0,0,0,0,8
C065,P25,Toys,55.0,0,0,0,8
C065,P59,Sports,66.0,1,0,0,8
C065,P122,Sports,195.0,0,0,0,8
C065,P18,Books,20.0,0,0,0,8
C065,P8,Toys,21.0,3,2,2,8
C065,P5,Books,174.0,1,0,0,8
C065,P81,Electronics,20.0,6,1,1,8
C065,P75,Fashion,183.0,2,0,0,8
C065,P173,Sports,199.0,2,2,2,8
C065,P181,Electronics,162.0,0,0,0,8
C065,P162,Toys,177.0,0,0,0,8
C065,P144,Toys,173.0,0,0,0,8
C065,P114,Electronics,184.0,0,0,0,8
C065,P56,Electronics,84.0,2,0,0,8
C065,P11,Fashion,71.0,1,1,1,8
C065,P180,Books,51.0,6,3,3,8
C065,P183,Books,127.0,0,0,0,8
C065,P111,Books,148.0,2,1,0,8
C065,P100,Books,22.0,2,2,1,8
C065,P64,Fashion,31.0,1,1,1,8
C065,P116,Sports,188.0,0,0,0,8
C065,P131,Toys,65.0,2,0,0,8
C065,P14,Toys,175.0,0,0,0,8
C065,P106,Fashion,129.0,0,0,0,8
C065,P125,Electronics,126.0,0,0,0,8
C066,P43,Toys,168.0,0,0,0,3
C066,P75,Fashion,183.0,0,0,0,3
C066,P174,Fashion,80.0,0,0,0,3
C066,P109,Books,29.0,0,0,0,3
C066,P78,Toys,74.0,0,0,0,3
C066,P62,Toys,184.0,0,0,0,3
C066,P165,Electronics,45.0,0,0,0,3
C066,P180,Books,51.0,0,0,0,3
C066,P157,Sports,194.0,0,0,0,3
C066,P126,Toys,162.0,0,0,0,3
C066,P150,Sports,144.0,0,0,0,3
C066,P106,Fashion,129.0,0,0,0,3
C066,P107,Sports,170.0,2,2,1,3
C066,P191,Fashion,92.0,1,0,0,3
C066,P24,Sports,180.0,1,1,1,3
C066,P100,Books,22.0,2,0,0,3
C066,P131,Toys,65.0,0,0,0,3
C066,P31,Fashion,30.0,0,0,0,3
C066,P137,Sports,44.0,0,0,0,3
C066,P143,Fashion,75.0,2,2,1,3
C066,P148,Fashion,71.0,1,1,1,3
C066,P171,Books,64.0,0,0,0,3
C066,P110,Fashion,193.0,1,0,0,3
C066,P145,Sports,130.0,0,0,0,3
C066,P10,Sports,57.0,0,0,0,3
C066,P176,Books,50.0,0,0,0,3
C066,P35,Fashion,87.0,1,1,0,3
C066,P169,Sports,8.0,0,0,0,3
C066,P186,Fashion,190.0,2,1,0,3
C066,P89,Sports,103.0,0,0,0,3
C067,P145,Sports,130.0,1,0,0,8
C067,P111,Books,148.0,2,0,0,8
C067,P81,Electronics,20.0,5,3,1,8
C067,P182,Electronics,144.0,2,0,0,8
C067,P30,Books,155.0,1,0,0,8
C067,P89,Sports,103.0,1,0,0,8
C067,P19,Books,52.0,2,2,2,8
C067,P130,Sports,109.0,1,0,0,8
C067,P76,Sports,196.0,0,0,0,8
C067,P14,Toys,175.0,1,0,0,8
C067,P122,Sports,195.0,0,0,0,8
C067,P64,Fashion,31.0,2,2,2,8
C067,P118,Toys,23.0,1,1,1,8
C067,P13,Sports,111.0,0,0,0,8
C067,P38,Fashion,116.0,0,0,0,8
C067,P35,Fashion,87.0,1,0,0,8
C067,P155,Sports,101.0,0,0,0,8
C067,P165,Electronics,45.0,3,0,0,8
C067,P185,Toys,75.0,0,0,0,8
C067,P115,Sports,81.0,1,0,0,8
C067,P163,Toys,91.0,2,0,0,8
C067,P25,Toys,55.0,3,1,0,8
C067,P108,Toys,161.0,0,0,0,8
C067,P159,Sports,60.0,0,0,0,8
C067,P8,Toys,21.0,0,0,0,8
C067,P99,Sports,34.0,0,0,0,8
C067,P51,Electronics,76.0,2,1,1,8
C067,P82,Electronics,22.0,3,2,2,8
C067,P36,Sports,98.0,0,0,0,8
C067,P128,Fashion,122.0,0,0,0,8
C068,P184,Fashion,87.0,1,1,1,7
C068,P17,Fashion,199.0,0,0,0,7
C068,P67,Electronics,156.0,0,0,0,7
C068,P35,Fashion,87.0,0,0,0,7
C068,P58,Toys,39.0,1,1,1,7
C068,P153,Electronics,8.0,5,2,2,7
C068,P117,Sports,50.0,2,1,0,7
C068,P113,Sports,41.0,1,0,0,7
C068,P100,Books,22.0,3,3,3,7
C068,P114,Electronics,184.0,0,0,0,7
C068,P14,Toys,175.0,0,0,0,7
C068,P136,Sports,192.0,0,0,0,7
C068,P193,Books,77.0,2,1,1,7
C068,P121,Toys,81.0,2,1,0,7
C068,P24,Sports,180.0,1,0,0,7
C068,P152,Fashion,9.0,1,1,1,7
C068,P165,Electronics,45.0,3,1,1,7
C068,P94,Sports,180.0,0,0,0,7
C068,P12,Toys,193.0,0,0,0,7
C068,P133,Toys,82.0,2,1,0,7
C068,P65,Electronics,194.0,0,0,0,7
C068,P0,Fashion,103.0,2,1,1,7
C068,P196,Electronics,159.0,1,1,1,7
C068,P50,Books,116.0,2,2,2,7
C068,P175,Books,56.0,3,2,1,7
C068,P48,Electronics,59.0,3,1,1,7
C068,P21,Electronics,55.0,5,3,2,7
C068,P140,Sports,135.0,1,0,0,7
C068,P72,Fashion,143.0,0,0,0,7
C068,P168,Sports,79.0,0,0,0,7
C069,P136,Sports,192.0,0,0,0,7
C069,P118,Toys,23.0,1,0,0,7
C069,P40,Books,47.0,1,0,0,7
C069,P29,Toys,141.0,0,0,0,7
C069,P39,Toys,93.0,0,0,0,7
C069,P83,Sports,100.0,0,0,0,7
C069,P74,Electronics,71.0,2,2,0,7
C069,P145,Sports,130.0,0,0,0,7
C069,P89,Sports,103.0,0,0,0,7
C069,P10,Sports,57.0,1,1,0,7
C069,P15,Fashion,43.0,1,1,1,7
C069,P26,Fashion,184.0,1,0,0,7
C069,P173,Sports,199.0,2,1,1,7
C069,P85,Fashion,46.0,1,1,0,7
C069,P33,Books,78.0,0,0,0,7
C069,P51,Electronics,76.0,0,0,0,7
C069,P19,Books,52.0,2,0,0,7
C069,P105,Books,62.0,0,0,0,7
C069,P28,Books,38.0,1,0,0,7
C069,P53,Fashion,26.0,2,1,0,7
C069,P186,Fashion,190.0,0,0,0,7
C069,P34,Toys,18.0,4,2,0,7
C069,P90,Fashion,58.0,0,0,0,7
C069,P111,Books,148.0,2,1,1,7
C069,P0,Fashion,103.0,0,0,0,7
C069,P150,Sports,144.0,0,0,0,7
C069,P55,Toys,44.0,3,2,1,7
C069,P58,Toys,39.0,6,4,3,7
C069,P18,Books,20.0,0,0,0,7
C069,P157,Sports,194.0,0,0,0,7
C070,P31,Fashion,30.0,8,2,1,9
C070,P170,Toys,158.0,0,0,0,9
C070,P143,Fashion,75.0,1,1,0,9
C070,P7,Sports,128.0,1,0,0,9
C070,P111,Books,148.0,0,0,0,9
C070,P33,Books,78.0,0,0,0,9
C070,P61,Fashion,66.0,3,2,1,9
C070,P75,Fashion,183.0,0,0,0,9
C070,P44,Fashion,141.0,1,0,0,9
C070,P60,Fashion,144.0,0,0,0,9
C070,P79,Books,102.0,0,0,0,9
C070,P97,Books,107.0,0,0,0,9
C070,P18,Books,20.0,0,0,0,9
C070,P163,Toys,91.0,0,0,0,9
C070,P38,Fashion,116.0,2,0,0,9
C070,P95,Electronics,154.0,0,0,0,9
C070,P172,Electronics,90.0,0,0,0,9
C070,P45,Fashion,146.0,0,0,0,9
C070,P124,Sports,7.0,1,0,0,9
C070,P21,Electronics,55.0,1,0,0,9
C070,P50,Books,116.0,0,0,0,9
C070,P131,Toys,65.0,1,0,0,9
C070,P5,Books,174.0,1,0,0,9
C070,P51,Electronics,76.0,1,0,0,9
C070,P28,Books,38.0,1,0,0,9
C070,P63,Books,117.0,0,0,0,9
C070,P169,Sports,8.0,5,1,0,9
C070,P146,Electronics,130.0,0,0,0,9
C070,P183,Books,127.0,0,0,0,9
C070,P53,Fashion,26.0,2,1,1,9
C071,P5,Books,174.0,0,0,0,3
C071,P40,Books,47.0,0,0,0,3
C071,P135,Electronics,188.0,0,0,0,3
C071,P114,Electronics,184.0,0,0,0,3
C071,P127,Electronics,140.0,0,0,0,3
C071,P188,Electronics,81.0,4,2,2,3
C071,P37,Toys,134.0,0,0,0,3
C071,P71,Sports,153.0,1,0,0,3
C071,P105,Books,62.0,1,0,0,3
C071,P182,Electronics,144.0,1,0,0,3
C071,P102,Electronics,100.0,3,2,1,3
C071,P117,Sports,50.0,1,0,0,3
C071,P95,Electronics,154.0,2,2,2,3
C071,P94,Sports,180.0,0,0,0,3
C071,P130,Sports,109.0,0,0,0,3
C071,P111,Books,148.0,0,0,0,3
C071,P80,Fashion,114.0,0,0,0,3
C071,P183,Books,127.0,0,0,0,3
C071,P68,Toys,35.0,0,0,0,3
C071,P17,Fashion,199.0,0,0,0,3
C071,P49,Sports,92.0,2,1,0,3
C071,P57,Books,60.0,0,0,0,3
C071,P161,Electronics,150.0,0,0,0,3
C071,P58,Toys,39.0,0,0,0,3
C071,P82,Electronics,22.0,3,1,1,3
C071,P193,Books,77.0,2,2,1,3
C071,P99,Sports,34.0,1,0,0,3
C071,P53,Fashion,26.0,4,0,0,3
C071,P120,Electronics,118.0,0,0,0,3
C071,P89,Sports,103.0,0,0,0,3
C072,P57,Books,60.0,1,1,0,3
C072,P67,Electronics,156.0,0,0,0,3
C072,P161,Electronics,150.0,0,0,0,3
C072,P13,Sports,111.0,0,0,0,3
C072,P44,Fashion,141.0,2,1,1,3
C072,P71,Sports,153.0,0,0,0,3
C072,P113,Sports,41.0,0,0,0,3
C072,P174,Fashion,80.0,3,3,1,3
C072,P186,Fashion,190.0,2,0,0,3
C072,P81,Electronics,20.0,0,0,0,3
C072,P176,Books,50.0,4,0,0,3
C072,P69,Electronics,159.0,0,0,0,3
C072,P66,Fashion,176.0,0,0,0,3
C072,P58,Toys,39.0,0,0,0,3
C072,P126,Toys,162.0,1,0,0,3
C072,P11,Fashion,71.0,1,0,0,3
C072,P32,Sports,30.0,0,0,0,3
C072,P123,Books,195.0,1,0,0,3
C072,P101,Electronics,193.0,0,0,0,3
C072,P55,Toys,44.0,2,2,0,3
C072,P89,Sports,103.0,4,1,1,3
C072,P19,Books,52.0,1,0,0,3
C072,P10,Sports,57.0,3,3,2,3
C072,P172,Electronics,90.0,3,1,1,3
C072,P22,Sports,65.0,1,0,0,3
C072,P193,Books,77.0,2,0,0,3
C072,P166,Sports,94.0,1,1,1,3
C072,P115,Sports,81.0,0,0,0,3
C072,P128,Fashion,122.0,1,1,1,3
C072,P129,Sports,106.0,3,3,2,3
C073,P138,Sports,10.0,1,1,0,2
C073,P153,Electronics,8.0,1,0,0,2
C073,P39,Toys,93.0,0,0,0,2
C073,P35,Fashion,87.0,1,0,0,2
C073,P75,Fashion,183.0,0,0,0,2
C073,P78,Toys,74.0,0,0,0,2
C073,P43,Toys,168.0,1,0,0,2
C073,P33,Books,78.0,1,1,0,2
C073,P157,Sports,194.0,0,0,0,2
C073,P36,Sports,98.0,1,1,1,2
C073,P177,Toys,170.0,0,0,0,2
C073,P151,Books,103.0,0,0,0,2
C073,P32,Sports,30.0,1,0,0,2
C073,P37,Toys,134.0,0,0,0,2
C073,P5,Books,174.0,2,1,0,2
C073,P148,Fashion,71.0,1,0,0,2
C073,P192,Electronics,94.0,0,0,0,2
C073,P63,Books,117.0,2,1,0,2
C073,P15,Fashion,43.0,1,1,1,2
C073,P21,Electronics,55.0,1,0,0,2
C073,P94,Sports,180.0,0,0,0,2
C073,P19,Books,52.0,0,0,0,2
C073,P118,Toys,23.0,1,0,0,2
C073,P27,Electronics,153.0,0,0,0,2
C073,P38,Fashion,116.0,1,1,0,2
C073,P191,Fashion,92.0,1,1,1,2
C073,P62,Toys,184.0,1,0,0,2
C073,P18,Books,20.0,2,2,1,2
C073,P164,Electronics,144.0,2,1,1,2
C073,P77,Fashion,139.0,0,0,0,2
C074,P176,Books,50.0,0,0,0,8
C074,P198,Books,78.0,1,0,0,8
C074,P183,Books,127.0,0,0,0,8
C074,P87,Toys,30.0,0,0,0,8
C074,P64,Fashion,31.0,2,0,0,8
C074,P72,Fashion,143.0,1,0,0,8
C074,P23,Fashion,19.0,1,0,0,8
C074,P39,Toys,93.0,2,0,0,8
C074,P110,Fashion,193.0,0,0,0,8
C074,P73,Books,121.0,1,0,0,8
C074,P44,Fashion,141.0,2,0,0,8
C074,P130,Sports,109.0,0,0,0,8
C074,P10,Sports,57.0,5,1,1,8
C074,P61,Fashion,66.0,1,1,1,8
C074,P32,Sports,30.0,3,0,0,8
C074,P124,Sports,7.0,3,1,1,8
C074,P119,Fashion,169.0,0,0,0,8
C074,P160,Books,105.0,0,0,0,8
C074,P144,Toys,173.0,0,0,0,8
C074,P99,Sports,34.0,3,1,1,8
C074,P114,Electronics,184.0,0,0,0,8
C074,P188,Electronics,81.0,1,0,0,8
C074,P54,Sports,13.0,6,2,1,8
C074,P8,Toys,21.0,5,3,2,8
C074,P165,Electronics,45.0,0,0,0,8
C074,P162,Toys,177.0,1,0,0,8
C074,P91,Fashion,158.0,0,0,0,8
C074,P131,Toys,65.0,0,0,0,8
C074,P157,Sports,194.0,0,0,0,8
C074,P80,Fashion,114.0,0,0,0,8
C075,P191,Fashion,92.0,0,0,0,4
C075,P190,Fashion,30.0,4,1,1,4
C075,P16,Electronics,152.0,1,1,1,4
C075,P165,Electronics,45.0,1,1,1,4
C075,P93,Fashion,62.0,0,0,0,4
C075,P55,Toys,44.0,1,0,0,4
C075,P75,Fashion,183.0,2,0,0,4
C075,P159,Sports,60.0,0,0,0,4
C075,P163,Toys,91.0,1,1,1,4
C075,P171,Books,64.0,2,2,2,4
C075,P173,Sports,199.0,0,0,0,4
C075,P25,Toys,55.0,0,0,0,4
C075,P54,Sports,13.0,1,0,0,4
C075,P86,Sports,56.0,0,0,0,4
C075,P152,Fashion,9.0,1,0,0,4
C075,P155,Sports,101.0,0,0,0,4
C075,P51,Electronics,76.0,0,0,0,4
C075,P133,Toys,82.0,0,0,0,4
C075,P109,Books,29.0,0,0,0,4
C075,P118,Toys,23.0,1,0,0,4
C075,P198,Books,78.0,1,0,0,4
C075,P124,Sports,7.0,2,2,2,4
C075,P108,Toys,161.0,0,0,0,4
C075,P20,Sports,33.0,1,0,0,4
C075,P40,Books,47.0,0,0,0,4
C075,P195,Electronics,98.0,1,0,0,4
C075,P139,Sports,197.0,0,0,0,4
C075,P62,Toys,184.0,2,1,1,4
C075,P91,Fashion,158.0,0,0,0,4
C075,P5,Books,174.0,0,0,0,4
C076,P194,Toys,196.0,1,1,0,6
C076,P115,Sports,81.0,0,0,0,6
C076,P29,Toys,141.0,1,0,0,6
C076,P94,Sports,180.0,0,0,0,6
C076,P3,Sports,89.0,0,0,0,6
C076,P82,Electronics,22.0,0,0,0,6
C076,P190,Fashion,30.0,2,0,0,6
C076,P107,Sports,170.0,0,0,0,6
C076,P77,Fashion,139.0,0,0,0,6
C076,P120,Electronics,118.0,1,1,1,6
C076,P65,Electronics,194.0,1,1,1,6
C076,P177,Toys,170.0,4,1,1,6
C076,P46,Books,116.0,1,0,0,6
C076,P103,Electronics,83.0,0,0,0,6
C076,P4,Books,177.0,0,0,0,6
C076,P10,Sports,57.0,0,0,0,6
C076,P106,Fashion,129.0,0,0,0,6
C076,P76,Sports,196.0,0,0,0,6
C076,P166,Sports,94.0,0,0,0,6
C076,P24,Sports,180.0,0,0,0,6
C076,P92,Electronics,192.0,0,0,0,6
C076,P97,Books,107.0,1,0,0,6
C076,P42,Books,93.0,0,0,0,6
C076,P79,Books,102.0,0,0,0,6
C076,P5,Books,,1,1,0,6
C076,P124,Sports,7.0,3,1,1,6
C076,P60,Fashion,144.0,0,0,0,6
C076,P20,Sports,33.0,0,0,0,6
C076,P139,Sports,197.0,0,0,0,6
C076,P102,Electronics,100.0,1,0,0,6
C077,P18,Books,20.0,2,2,2,1
C077,P60,Fashion,144.0,2,1,1,1
C077,P4,Books,177.0,0,0,0,1
C077,P97,Books,107.0,0,0,0,1
C077,P87,Toys,30.0,2,0,0,1
C077,P134,Electronics,140.0,5,2,2,1
C077,P73,Books,121.0,2,2,1,1
C077,P159,Sports,60.0,4,1,0,1
C077,P157,Sports,194.0,1,1,1,1
C077,P147,Fashion,79.0,1,0,0,1
C077,P91,Fashion,158.0,0,0,0,1
C077,P115,Sports,81.0,3,2,2,1
C077,P110,Fashion,193.0,1,0,0,1
C077,P128,Fashion,122.0,1,0,0,1
C077,P32,Sports,30.0,1,0,0,1
C077,P178,Electronics,46.0,3,1,1,1
C077,P177,Toys,170.0,1,0,0,1
C077,P56,Electronics,84.0,6,6,4,1
C077,P148,Fashion,71.0,0,0,0,1
C077,P14,Toys,175.0,1,0,0,1
C077,P96,Books,159.0,0,0,0,1
C077,P162,Toys,177.0,1,1,1,1
C077,P55,Toys,44.0,2,0,0,1
C077,P93,Fashion,62.0,2,1,1,1
C077,P83,Sports,100.0,0,0,0,1
C077,P169,Sports,8.0,3,2,1,1
C077,P72,Fashion,143.0,4,2,1,1
C077,P16,Electronics,152.0,3,1,1,1
C077,P173,Sports,199.0,1,1,1,1
C077,P199,Electronics,48.0,3,2,0,1
C078,P65,Electronics,194.0,0,0,0,2
C078,P122,Sports,195.0,0,0,0,2
C078,P9,Toys,163.0,0,0,0,2
C078,P125,Electronics,126.0,0,0,0,2
C078,P164,Electronics,144.0,1,0,0,2
C078,P143,Fashion,75.0,0,0,0,2
C078,P128,Fashion,122.0,0,0,0,2
C078,P113,Sports,41.0,0,0,0,2
C078,P195,Electronics,98.0,1,1,1,2
C078,P26,Fashion,184.0,0,0,0,2
C078,P159,Sports,60.0,2,1,1,2
C078,P145,Sports,130.0,0,0,0,2
C078,P166,Sports,94.0,0,0,0,2
C078,P127,Electronics,140.0,2,0,0,2
C078,P53,Fashion,26.0,2,1,1,2
C078,P185,Toys,75.0,3,0,0,2
C078,P88,Toys,183.0,2,0,0,2
C078,P148,Fashion,71.0,3,1,1,2
C078,P66,Fashion,176.0,1,1,1,2
C078,P178,Electronics,46.0,1,1,1,2
C078,P116,Sports,188.0,0,0,0,2
C078,P102,Electronics,100.0,1,0,0,2
C078,P8,Toys,21.0,2,1,1,2
C078,P138,Sports,10.0,1,0,0,2
C078,P147,Fashion,79.0,2,0,0,2
C078,P21,Electronics,55.0,5,2,1,2
C078,P119,Fashion,169.0,0,0,0,2
C078,P35,Fashion,87.0,0,0,0,2
C078,P31,Fashion,30.0,1,1,0,2
C078,P167,Toys,181.0,2,2,2,2
C079,P16,Electronics,152.0,1,1,0,4
C079,P94,Sports,180.0,0,0,0,4
C079,P92,Electronics,192.0,0,0,0,4
C079,P118,Toys,23.0,2,1,1,4
C079,P120,Electronics,118.0,1,0,0,4
C079,P132,Fashion,32.0,0,0,0,4
C079,P78,Toys,74.0,5,2,2,4
C079,P39,Toys,93.0,1,1,0,4
C079,P131,Toys,65.0,0,0,0,4
C079,P50,Books,116.0,0,0,0,4
C079,P145,Sports,130.0,1,1,1,4
C079,P141,Books,152.0,2,0,0,4
C079,P133,Toys,82.0,5,2,2,4
C079,P153,Electronics,8.0,0,0,0,4
C079,P99,Sports,34.0,1,0,0,4
C079,P142,Books,163.0,0,0,0,4
C079,P17,Fashion,199.0,0,0,0,4
C079,P158,Fashion,,0,0,0,4
C079,P128,Fashion,122.0,0,0,0,4
C079,P62,Toys,184.0,3,0,0,4
C079,P165,Electronics,45.0,0,0,0,4
C079,P80,Fashion,114.0,0,0,0,4
C079,P107,Sports,170.0,0,0,0,4
C079,P191,Fashion,92.0,0,0,0,4
C079,P58,Toys,39.0,1,0,0,4
C079,P74,Electronics,71.0,0,0,0,4
C079,P148,Fashion,71.0,0,0,0,4
C079,P95,Electronics,154.0,0,0,0,4
C079,P119,Fashion,169.0,0,0,0,4
C079,P27,Electronics,153.0,0,0,0,4
C080,P117,Sports,50.0,2,0,0,0
C080,P165,Electronics,45.0,2,1,0,0
C080,P24,Sports,180.0,0,0,0,0
C080,P182,Electronics,144.0,0,0,0,0
C080,P4,Books,177.0,0,0,0,0
C080,P33,Books,78.0,3,0,0,0
C080,P156,Sports,121.0,1,0,0,0
C080,P61,Fashion,66.0,1,1,1,0
C080,P51,Electronics,76.0,4,3,2,0
C080,P197,Toys,29.0,1,0,0,0
C080,P115,Sports,81.0,1,1,0,0
C080,P39,Toys,93.0,0,0,0,0
C080,P142,Books,163.0,1,1,1,0
C080,P48,Electronics,59.0,4,0,0,0
C080,P60,Fashion,144.0,0,0,0,0
C080,P81,Electronics,20.0,1,1,1,0
C080,P85,Fashion,46.0,1,0,0,0
C080,P175,Books,56.0,3,1,1,0
C080,P55,Toys,44.0,1,1,0,0
C080,P9,Toys,163.0,1,1,1,0
C080,P25,Toys,55.0,1,1,1,0
C080,P134,Electronics,140.0,1,0,0,0
C080,P190,Fashion,30.0,3,1,0,0
C080,P22,Sports,65.0,0,0,0,0
C080,P158,Fashion,156.0,0,0,0,0
C080,P5,Books,174.0,0,0,0,0
C080,P62,Toys,184.0,0,0,0,0
C080,P180,Books,51.0,3,1,1,0
C080,P171,Books,64.0,1,0,0,0
C080,P28,Books,38.0,0,0,0,0
C081,P147,Fashion,79.0,5,1,0,0
C081,P159,Sports,60.0,0,0,0,0
C081,P153,Electronics,8.0,0,0,0,0
C081,P43,Toys,168.0,0,0,0,0
C081,P181,Electronics,162.0,0,0,0,0
C081,P55,Toys,44.0,2,0,0,0
C081,P107,Sports,170.0,0,0,0,0
C081,P79,Books,102.0,0,0,0,0
C081,P9,Toys,163.0,0,0,0,0
C081,P47,Sports,76.0,3,2,1,0
C081,P105,Books,62.0,0,0,0,0
C081,P129,Sports,106.0,0,0,0,0
C081,P122,Sports,195.0,1,0,0,0
C081,P145,Sports,130.0,0,0,0,0
C081,P97,Books,107.0,1,0,0,0
C081,P144,Toys,173.0,0,0,0,0
C081,P173,Sports,199.0,0,0,0,0
C081,P41,Electronics,119.0,0,0,0,0
C081,P191,Fashion,92.0,1,1,1,0
C081,P118,Toys,23.0,2,0,0,0
C081,P143,Fashion,75.0,3,2,2,0
C081,P170,Toys,158.0,0,0,0,0
C081,P96,Books,159.0,0,0,0,0
C081,P176,Books,50.0,1,1,0,0
C081,P85,Fashion,46.0,1,0,0,0
C081,P155,Sports,101.0,4,1,1,0
C081,P1,Fashion,132.0,1,0,0,0
C081,P20,Sports,33.0,1,1,1,0
C081,P98,Fashion,182.0,0,0,0,0
C081,P178,Electronics,46.0,1,0,0,0
C082,P17,Fashion,199.0,0,0,0,4
C082,P142,Books,163.0,3,2,2,4
C082,P101,Electronics,193.0,0,0,0,4
C082,P179,Toys,123.0,1,0,0,4
C082,P162,Toys,177.0,2,1,1,4
C082,P23,Fashion,19.0,0,0,0,4
C082,P103,Electronics,83.0,0,0,0,4
C082,P194,Toys,196.0,0,0,0,4
C082,P32,Sports,30.0,1,1,1,4
C082,P132,Fashion,32.0,1,1,1,4
C082,P146,Electronics,130.0,0,0,0,4
C082,P166,Sports,94.0,1,0,0,4
C082,P27,Electronics,153.0,1,0,0,4
C082,P119,Fashion,169.0,1,1,0,4
C082,P92,Electronics,192.0,0,0,0,4
C082,P75,Fashion,183.0,1,0,0,4
C082,P147,Fashion,79.0,1,0,0,4
C082,P26,Fashion,184.0,0,0,0,4
C082,P136,Sports,192.0,0,0,0,4
C082,P182,Electronics,144.0,0,0,0,4
C082,P83,Sports,100.0,2,0,0,4
C082,P112,Toys,141.0,2,1,1,4
C082,P89,Sports,103.0,0,0,0,4
C082,P163,Toys,91.0,1,0,0,4
C082,P6,Sports,66.0,1,0,0,4
C082,P137,Sports,44.0,0,0,0,4
C082,P106,Fashion,129.0,0,0,0,4
C082,P87,Toys,30.0,1,0,0,4
C082,P143,Fashion,75.0,1,0,0,4
C082,P90,Fashion,58.0,0,0,0,4
C083,P18,Books,20.0,0,0,0,7
C083,P55,Toys,44.0,3,1,1,7
C083,P44,Fashion,141.0,0,0,0,7
C083,P68,Toys,35.0,1,0,0,7
C083,P189,Toys,10.0,1,0,0,7
C083,P73,Books,121.0,0,0,0,7
C083,P91,Fashion,158.0,0,0,0,7
C083,P71,Sports,153.0,0,0,0,7
C083,P57,Books,60.0,1,0,0,7
C083,P39,Toys,93.0,4,3,1,7
C083,P36,Sports,98.0,1,1,1,7
C083,P181,Electronics,162.0,0,0,0,7
C083,P176,Books,50.0,3,3,2,7
C083,P5,Books,174.0,0,0,0,7
C083,P2,Electronics,36.0,2,1,1,7
C083,P160,Books,105.0,2,1,0,7
C083,P90,Fashion,58.0,0,0,0,7
C083,P13,Sports,111.0,0,0,0,7
C083,P141,Books,152.0,1,1,1,7
C083,P59,Sports,66.0,1,0,0,7
C083,P92,Electronics,192.0,1,1,1,7
C083,P51,Electronics,76.0,2,0,0,7
C083,P112,Toys,141.0,0,0,0,7
C083,P9,Toys,163.0,0,0,0,7
C083,P184,Fashion,87.0,1,0,0,7
C083,P56,Electronics,84.0,0,0,0,7
C083,P113,Sports,41.0,0,0,0,7
C083,P143,Fashion,75.0,3,0,0,7
C083,P137,Sports,44.0,0,0,0,7
C083,P121,Toys,81.0,2,1,1,7
C084,P191,Fashion,92.0,1,0,0,4
C084,P115,Sports,81.0,2,1,1,4
C084,P177,Toys,170.0,0,0,0,4
C084,P120,Electronics,118.0,0,0,0,4
C084,P141,Books,152.0,0,0,0,4
C084,P23,Fashion,19.0,1,0,0,4
C084,P159,Sports,60.0,1,0,0,4
C084,P101,Electronics,193.0,0,0,0,4
C084,P60,Fashion,144.0,0,0,0,4
C084,P170,Toys,158.0,0,0,0,4
C084,P56,Electronics,84.0,5,2,2,4
C084,P71,Sports,153.0,1,1,1,4
C084,P9,Toys,163.0,1,1,1,4
C084,P135,Electronics,188.0,0,0,0,4
C084,P92,Electronics,192.0,1,1,1,4
C084,P166,Sports,94.0,3,2,2,4
C084,P86,Sports,56.0,3,1,0,4
C084,P165,Electronics,45.0,1,0,0,4
C084,P169,Sports,8.0,2,1,1,4
C084,P192,Electronics,94.0,0,0,0,4
C084,P76,Sports,196.0,2,0,0,4
C084,P197,Toys,29.0,1,0,0,4
C084,P81,Electronics,20.0,0,0,0,4
C084,P104,Sports,147.0,1,0,0,4
C084,P138,Sports,10.0,5,3,1,4
C084,P72,Fashion,143.0,0,0,0,4
C084,P40,Books,47.0,1,0,0,4
C084,P61,Fashion,66.0,1,0,0,4
C084,P85,Fashion,46.0,3,1,0,4
C084,P129,Sports,106.0,3,1,1,4
C085,P178,Electronics,46.0,2,1,1,4
C085,P189,Toys,10.0,0,0,0,4
C085,P70,Electronics,141.0,0,0,0,4
C085,P197,Toys,29.0,2,2,1,4
C085,P103,Electronics,83.0,2,1,0,4
C085,P89,Sports,103.0,1,1,0,4
C085,P142,Books,163.0,1,0,0,4
C085,P75,Fashion,183.0,0,0,0,4
C085,P53,Fashion,26.0,2,1,1,4
C085,P81,Electronics,20.0,1,0,0,4
C085,P151,Books,103.0,3,1,0,4
C085,P36,Sports,98.0,1,0,0,4
C085,P7,Sports,128.0,0,0,0,4
C085,P93,Fashion,62.0,2,1,0,4
C085,P130,Sports,109.0,3,2,2,4
C085,P124,Sports,7.0,1,1,0,4
C085,P96,Books,159.0,0,0,0,4
C085,P49,Sports,92.0,2,1,1,4
C085,P177,Toys,170.0,0,0,0,4
C085,P188,Electronics,81.0,0,0,0,4
C085,P29,Toys,141.0,0,0,0,4
C085,P109,Books,29.0,3,1,0,4
C085,P74,Electronics,71.0,0,0,0,4
C085,P144,Toys,173.0,0,0,0,4
C085,P9,Toys,163.0,0,0,0,4
C085,P162,Toys,177.0,1,1,1,4
C085,P169,Sports,8.0,1,0,0,4
C085,P3,Sports,89.0,2,1,0,4
C085,P114,Electronics,184.0,1,0,0,4
C085,P47,Sports,76.0,1,0,0,4
C086,P110,Fashion,193.0,0,0,0,3
C086,P68,Toys,35.0,0,0,0,3
C086,P80,Fashion,114.0,2,2,1,3
C086,P11,Fashion,71.0,2,1,0,3
C086,P48,Electronics,59.0,3,2,2,3
C086,P100,Books,22.0,1,0,0,3
C086,P82,Electronics,22.0,0,0,0,3
C086,P57,Books,60.0,1,0,0,3
C086,P26,Fashion,184.0,0,0,0,3
C086,P1,Fashion,132.0,0,0,0,3
C086,P33,Books,78.0,0,0,0,3
C086,P159,Sports,60.0,0,0,0,3
C086,P133,Toys,82.0,0,0,0,3
C086,P38,Fashion,116.0,0,0,0,3
C086,P8,Toys,21.0,0,0,0,3
C086,P178,Electronics,46.0,1,1,1,3
C086,P5,Books,174.0,0,0,0,3
C086,P96,Books,159.0,0,0,0,3
C086,P72,Fashion,143.0,2,1,0,3
C086,P78,Toys,74.0,6,1,0,3
C086,P128,Fashion,122.0,1,1,0,3
C086,P122,Sports,195.0,0,0,0,3
C086,P76,Sports,196.0,1,0,0,3
C086,P109,Books,29.0,1,0,0,3
C086,P75,Fashion,183.0,1,1,1,3
C086,P129,Sports,106.0,0,0,0,3
C086,P43,Toys,168.0,0,0,0,3
C086,P10,Sports,57.0,1,0,0,3
C086,P2,Electronics,36.0,7,3,3,3
C086,P139,Sports,197.0,0,0,0,3
C087,P123,Books,195.0,0,0,0,8
C087,P67,Electronics,156.0,0,0,0,8
C087,P132,Fashion,32.0,2,1,1,8
C087,P199,Electronics,48.0,0,0,0,8
C087,P85,Fashion,46.0,1,0,0,8
C087,P71,Sports,153.0,1,0,0,8
C087,P34,Toys,18.0,0,0,0,8
C087,P21,Electronics,55.0,0,0,0,8
C087,P149,Fashion,79.0,2,1,0,8
C087,P127,Electronics,140.0,2,0,0,8
C087,P125,Electronics,126.0,0,0,0,8
C087,P99,Sports,34.0,5,2,1,8
C087,P116,Sports,188.0,1,0,0,8
C087,P81,Electronics,20.0,2,1,0,8
C087,P14,Toys,175.0,0,0,0,8
C087,P186,Fashion,190.0,0,0,0,8
C087,P101,Electronics,193.0,1,1,1,8
C087,P129,Sports,106.0,5,2,2,8
C087,P55,Toys,44.0,1,1,1,8
C087,P155,Sports,101.0,3,2,1,8
C087,P140,Sports,135.0,2,0,0,8
C087,P4,Books,177.0,1,0,0,8
C087,P175,Books,56.0,1,1,1,8
C087,P88,Toys,183.0,0,0,0,8
C087,P184,Fashion,87.0,0,0,0,8
C087,P198,Books,78.0,0,0,0,8
C087,P114,Electronics,184.0,0,0,0,8
C087,P95,Electronics,154.0,0,0,0,8
C087,P10,Sports,57.0,3,2,1,8
C087,P31,Fashion,30.0,2,1,0,8
C088,P40,Books,47.0,1,0,0,1
C088,P181,Electronics,162.0,0,0,0,1
C088,P42,Books,93.0,0,0,0,1
C088,P128,Fashion,122.0,1,0,0,1
C088,P103,Electronics,83.0,1,0,0,1
C088,P44,Fashion,141.0,0,0,0,1
C088,P67,Electronics,156.0,1,0,0,1
C088,P25,Toys,55.0,3,0,0,1
C088,P133,Toys,82.0,0,0,0,1
C088,P34,Toys,18.0,3,2,1,1
C088,P192,Electronics,94.0,2,1,1,1
C088,P106,Fashion,129.0,0,0,0,1
C088,P123,Books,195.0,0,0,0,1
C088,P50,Books,116.0,0,0,0,1
C088,P110,Fashion,193.0,1,1,0,1
C088,P136,Sports,192.0,1,0,0,1
C088,P63,Books,117.0,1,0,0,1
C088,P151,Books,103.0,0,0,0,1
C088,P94,Sports,180.0,0,0,0,1
C088,P55,Toys,44.0,1,0,0,1
C088,P108,Toys,161.0,0,0,0,1
C088,P154,Fashion,42.0,0,0,0,1
C088,P57,Books,60.0,0,0,0,1
C088,P20,Sports,33.0,0,0,0,1
C088,P121,Toys,81.0,1,0,0,1
C088,P177,Toys,170.0,0,0,0,1
C088,P69,Electronics,159.0,0,0,0,1
C088,P152,Fashion,9.0,0,0,0,1
C088,P39,Toys,93.0,1,0,0,1
C088,P131,Toys,65.0,0,0,0,1
C089,P191,Fashion,92.0,6,1,0,8
C089,P1,Fashion,132.0,4,2,2,8
C089,P8,Toys,21.0,1,1,1,8
C089,P165,Electronics,45.0,0,0,0,8
C089,P152,Fashion,9.0,4,1,1,8
C089,P4,Books,177.0,0,0,0,8
C089,P136,Sports,192.0,1,1,1,8
C089,P130,Sports,109.0,0,0,0,8
C089,P133,Toys,82.0,2,2,1,8
C089,P52,Toys,33.0,0,0,0,8
C089,P186,Fashion,190.0,2,1,0,8
C089,P177,Toys,170.0,0,0,0,8
C089,P49,Sports,92.0,3,1,0,8
C089,P68,Toys,35.0,0,0,0,8
C089,P162,Toys,177.0,0,0,0,8
C089,P163,Toys,91.0,1,1,1,8
C089,P132,Fashion,32.0,0,0,0,8
C089,P37,Toys,134.0,0,0,0,8
C089,P92,Electronics,192.0,1,0,0,8
C089,P108,Toys,161.0,1,1,1,8
C089,P123,Books,195.0,0,0,0,8
C089,P83,Sports,100.0,0,0,0,8
C089,P135,Electronics,188.0,1,1,0,8
C089,P73,Books,121.0,1,1,0,8
C089,P50,Books,116.0,0,0,0,8
C089,P21,Electronics,55.0,1,0,0,8
C089,P79,Books,102.0,0,0,0,8
C089,P88,Toys,183.0,0,0,0,8
C089,P127,Electronics,140.0,1,1,1,8
C089,P93,Fashion,62.0,4,2,2,8
C090,P185,Toys,75.0,1,0,0,1
C090,P111,Books,148.0,3,1,1,1
C090,P151,Books,103.0,1,0,0,1
C090,P176,Books,50.0,2,1,0,1
C090,P196,Electronics,159.0,0,0,0,1
C090,P52,Toys,33.0,0,0,0,1
C090,P94,Sports,180.0,0,0,0,1
C090,P93,Fashion,62.0,1,0,0,1
C090,P11,Fashion,71.0,1,1,1,1
C090,P0,Fashion,103.0,0,0,0,1
C090,P128,Fashion,122.0,0,0,0,1
C090,P112,Toys,141.0,0,0,0,1
C090,P113,Sports,41.0,2,1,1,1
C090,P75,Fashion,183.0,2,0,0,1
C090,P7,Sports,128.0,1,0,0,1
C090,P123,Books,195.0,0,0,0,1
C090,P105,Books,62.0,1,1,0,1
C090,P154,Fashion,42.0,4,2,2,1
C090,P139,Sports,197.0,0,0,0,1
C090,P25,Toys,55.0,1,0,0,1
C090,P156,Sports,121.0,0,0,0,1
C090,P90,Fashion,58.0,1,1,1,1
C090,P28,Books,38.0,2,1,1,1
C090,P5,Books,174.0,0,0,0,1
C090,P148,Fashion,71.0,0,0,0,1
C090,P140,Sports,135.0,0,0,0,1
C090,P186,Fashion,190.0,0,0,0,1
C090,P99,Sports,34.0,0,0,0,1
C090,P19,Books,52.0,1,1,0,1
C090,P122,Sports,195.0,0,0,0,1
C091,P159,Sports,60.0,1,0,0,2
C091,P81,Electronics,20.0,0,0,0,2
C091,P180,Books,51.0,4,2,2,2
C091,P147,Fashion,79.0,0,0,0,2
C091,P32,Sports,30.0,2,1,0,2
C091,P58,Toys,39.0,1,1,0,2
C091,P156,Sports,121.0,1,0,0,2
C091,P119,Fashion,169.0,0,0,0,2
C091,P165,Electronics,45.0,2,0,0,2
C091,P21,Electronics,55.0,0,0,0,2
C091,P42,Books,93.0,0,0,0,2
C091,P47,Sports,76.0,1,1,1,2
C091,P110,Fashion,193.0,1,1,0,2
C091,P125,Electronics,126.0,0,0,0,2
C091,P9,Toys,163.0,0,0,0,2
C091,P199,Electronics,48.0,4,2,1,2
C091,P118,Toys,23.0,1,0,0,2
C091,P182,Electronics,144.0,1,0,0,2
C091,P5,Books,174.0,2,0,0,2
C091,P149,Fashion,79.0,1,0,0,2
C091,P86,Sports,56.0,1,0,0,2
C091,P70,Electronics,141.0,0,0,0,2
C091,P68,Toys,35.0,2,0,0,2
C091,P0,Fashion,103.0,1,0,0,2
C091,P77,Fashion,139.0,0,0,0,2
C091,P10,Sports,57.0,0,0,0,2
C091,P36,Sports,98.0,1,0,0,2
C091,P143,Fashion,75.0,1,0,0,2
C091,P151,Books,103.0,0,0,0,2
C091,P97,Books,107.0,0,0,0,2
C092,P193,Books,77.0,0,0,0,9
C092,P112,Toys,141.0,2,1,1,9
C092,P12,Toys,193.0,1,0,0,9
C092,P73,Books,121.0,0,0,0,9
C092,P44,Fashion,141.0,0,0,0,9
C092,P140,Sports,-1.0,0,0,0,9
C092,P125,Electronics,126.0,1,0,0,9
C092,P88,Toys,183.0,0,0,0,9
C092,P20,Sports,33.0,2,0,0,9
C092,P196,Electronics,159.0,1,1,1,9
C092,P166,Sports,94.0,0,0,0,9
C092,P100,Books,22.0,3,0,0,9
C092,P79,Books,102.0,0,0,0,9
C092,P47,Sports,76.0,0,0,0,9
C092,P124,Sports,7.0,1,0,0,9
C092,P171,Books,64.0,1,0,0,9
C092,P85,Fashion,46.0,1,0,0,9
C092,P52,Toys,33.0,6,4,2,9
C092,P164,Electronics,144.0,0,0,0,9
C092,P21,Electronics,55.0,0,0,0,9
C092,P183,Books,127.0,0,0,0,9
C092,P154,Fashion,42.0,1,0,0,9
C092,P153,Electronics,8.0,2,1,1,9
C092,P150,Sports,144.0,1,0,0,9
C092,P13,Sports,111.0,1,1,0,9
C092,P35,Fashion,87.0,0,0,0,9
C092,P116,Sports,188.0,0,0,0,9
C092,P139,Sports,197.0,0,0,0,9
C092,P98,Fashion,182.0,0,0,0,9
C092,P86,Sports,56.0,0,0,0,9
C093,P94,Sports,180.0,0,0,0,1
C093,P181,Electronics,162.0,0,0,0,1
C093,P174,Fashion,80.0,3,0,0,1
C093,P89,Sports,103.0,0,0,0,1
C093,P192,Electronics,94.0,0,0,0,1
C093,P182,Electronics,144.0,1,0,0,1
C093,P6,Sports,66.0,3,1,1,1
C093,P76,Sports,196.0,0,0,0,1
C093,P1,Fashion,132.0,0,0,0,1
C093,P188,Electronics,81.0,0,0,0,1
C093,P63,Books,117.0,3,2,2,1
C093,P180,Books,51.0,1,0,0,1
C093,P165,Electronics,45.0,0,0,0,1
C093,P67,Electronics,156.0,0,0,0,1
C093,P93,Fashion,62.0,1,0,0,1
C093,P16,Electronics,152.0,0,0,0,1
C093,P107,Sports,170.0,2,2,2,1
C093,P44,Fashion,141.0,2,0,0,1
C093,P109,Books,29.0,2,0,0,1
C093,P125,Electronics,126.0,0,0,0,1
C093,P198,Books,78.0,1,0,0,1
C093,P172,Electronics,90.0,1,1,1,1
C093,P78,Toys,74.0,1,0,0,1
C093,P102,Electronics,100.0,3,1,0,1
C093,P72,Fashion,143.0,2,2,2,1
C093,P173,Sports,199.0,0,0,0,1
C093,P164,Electronics,144.0,0,0,0,1
C093,P159,Sports,60.0,2,1,1,1
C093,P61,Fashion,66.0,1,1,0,1
C093,P161,Electronics,150.0,0,0,0,1
C094,P193,Books,77.0,0,0,0,3
C094,P31,Fashion,30.0,3,1,1,3
C094,P33,Books,78.0,0,0,0,3
C094,P73,Books,,0,0,0,3
C094,P1,Fashion,132.0,0,0,0,3
C094,P75,Fashion,183.0,0,0,0,3
C094,P28,Books,38.0,0,0,0,3
C094,P34,Toys,18.0,3,0,0,3
C094,P153,Electronics,8.0,1,0,0,3
C094,P14,Toys,175.0,1,1,1,3
C094,P122,Sports,195.0,1,1,1,3
C094,P151,Books,103.0,0,0,0,3
C094,P130,Sports,109.0,0,0,0,3
C094,P4,Books,177.0,1,0,0,3
C094,P166,Sports,94.0,0,0,0,3
C094,P152,Fashion,9.0,2,2,2,3
C094,P76,Sports,196.0,0,0,0,3
C094,P171,Books,64.0,0,0,0,3
C094,P53,Fashion,26.0,2,1,1,3
C094,P131,Toys,65.0,1,0,0,3
C094,P2,Electronics,36.0,0,0,0,3
C094,P164,Electronics,144.0,0,0,0,3
C094,P44,Fashion,141.0,0,0,0,3
C094,P62,Toys,184.0,0,0,0,3
C094,P170,Toys,158.0,0,0,0,3
C094,P11,Fashion,71.0,0,0,0,3
C094,P148,Fashion,71.0,0,0,0,3
C094,P144,Toys,173.0,0,0,0,3
C094,P72,Fashion,143.0,0,0,0,3
C094,P50,Books,116.0,0,0,0,3
C095,P191,Fashion,92.0,0,0,0,3
C095,P110,Fashion,193.0,0,0,0,3
C095,P180,Books,51.0,5,3,2,3
C095,P78,Toys,74.0,0,0,0,3
C095,P35,Fashion,87.0,1,0,0,3
C095,P8,Toys,21.0,0,0,0,3
C095,P178,Electronics,46.0,0,0,0,3
C095,P164,Electronics,144.0,2,1,1,3
C095,P16,Electronics,152.0,0,0,0,3
C095,P173,Sports,199.0,0,0,0,3
C095,P5,Books,174.0,0,0,0,3
C095,P31,Fashion,30.0,1,1,0,3
C095,P93,Fashion,62.0,4,3,2,3
C095,P194,Toys,196.0,2,1,1,3
C095,P3,Sports,89.0,0,0,0,3
C095,P40,Books,47.0,1,0,0,3
C095,P163,Toys,91.0,1,0,0,3
C095,P27,Electronics,153.0,1,1,1,3
C095,P115,Sports,81.0,0,0,0,3
C095,P68,Toys,35.0,0,0,0,3
C095,P4,Books,177.0,2,1,0,3
C095,P63,Books,117.0,3,2,2,3
C095,P161,Electronics,150.0,0,0,0,3
C095,P103,Electronics,83.0,1,0,0,3
C095,P64,Fashion,31.0,1,0,0,3
C095,P101,Electronics,193.0,1,0,0,3
C095,P21,Electronics,55.0,1,0,0,3
C095,P197,Toys,29.0,2,1,1,3
C095,P125,Electronics,126.0,0,0,0,3
C095,P37,Toys,134.0,1,1,1,3
C096,P87,Toys,30.0,1,0,0,6
C096,P67,Electronics,156.0,0,0,0,6
C096,P158,Fashion,156.0,1,0,0,6
C096,P38,Fashion,116.0,0,0,0,6
C096,P110,Fashion,193.0,1,0,0,6
C096,P103,Electronics,83.0,0,0,0,6
C096,P75,Fashion,183.0,0,0,0,6
C096,P167,Toys,181.0,0,0,0,6
C096,P183,Books,127.0,0,0,0,6
C096,P147,Fashion,,0,0,0,6
C096,P52,Toys,33.0,0,0,0,6
C096,P159,Sports,60.0,0,0,0,6
C096,P125,Electronics,126.0,1,0,0,6
C096,P51,Electronics,76.0,1,0,0,6
C096,P191,Fashion,92.0,1,0,0,6
C096,P45,Fashion,146.0,3,1,1,6
C096,P65,Electronics,194.0,1,0,0,6
C096,P104,Sports,147.0,0,0,0,6
C096,P197,Toys,29.0,1,1,0,6
C096,P6,Sports,66.0,0,0,0,6
C096,P4,Books,177.0,0,0,0,6
C096,P144,Toys,173.0,1,0,0,6
C096,P134,Electronics,140.0,0,0,0,6
C096,P48,Electronics,59.0,1,1,0,6
C096,P96,Books,159.0,1,0,0,6
C096,P95,Electronics,154.0,0,0,0,6
C096,P70,Electronics,141.0,0,0,0,6
C096,P78,Toys,74.0,1,0,0,6
C096,P112,Toys,141.0,0,0,0,6
C096,P168,Sports,79.0,0,0,0,6
C097,P7,Sports,128.0,3,0,0,9
C097,P185,Toys,75.0,1,1,1,9
C097,P94,Sports,180.0,0,0,0,9
C097,P154,Fashion,42.0,0,0,0,9
C097,P99,Sports,34.0,2,0,0,9
C097,P28,Books,38.0,6,3,1,9
C097,P107,Sports,170.0,0,0,0,9
C097,P0,Fashion,103.0,1,0,0,9
C097,P100,Books,22.0,3,2,2,9
C097,P43,Toys,168.0,1,1,0,9
C097,P171,Books,64.0,4,0,0,9
C097,P52,Toys,33.0,2,1,1,9
C097,P55,Toys,44.0,4,1,0,9
C097,P80,Fashion,114.0,1,0,0,9
C097,P21,Electronics,55.0,0,0,0,9
C097,P22,Sports,65.0,0,0,0,9
C097,P13,Sports,111.0,1,1,1,9
C097,P138,Sports,10.0,1,1,1,9
C097,P104,Sports,147.0,3,1,1,9
C097,P97,Books,107.0,3,0,0,9
C097,P195,Electronics,98.0,0,0,0,9
C097,P126,Toys,162.0,2,0,0,9
C097,P37,Toys,134.0,3,1,1,9
C097,P42,Books,93.0,4,2,2,9
C097,P36,Sports,98.0,1,0,0,9
C097,P30,Books,155.0,2,0,0,9
C097,P191,Fashion,92.0,0,0,0,9
C097,P157,Sports,194.0,0,0,0,9
C097,P48,Electronics,59.0,0,0,0,9
C097,P198,Books,78.0,3,0,0,9
C098,P157,Sports,194.0,0,0,0,6
C098,P24,Sports,180.0,1,1,1,6
C098,P45,Fashion,146.0,1,0,0,6
C098,P131,Toys,65.0,1,1,1,6
C098,P61,Fashion,66.0,1,1,1,6
C098,P80,Fashion,114.0,2,2,1,6
C098,P18,Books,20.0,2,1,1,6
C098,P10,Sports,57.0,0,0,0,6
C098,P136,Sports,192.0,0,0,0,6
C098,P160,Books,105.0,0,0,0,6
C098,P133,Toys,82.0,1,0,0,6
C098,P194,Toys,196.0,1,0,0,6
C098,P54,Sports,13.0,0,0,0,6
C098,P182,Electronics,144.0,0,0,0,6
C098,P2,Electronics,36.0,1,1,1,6
C098,P13,Sports,111.0,1,0,0,6
C098,P16,Electronics,152.0,0,0,0,6
C098,P98,Fashion,182.0,1,1,1,6
C098,P3,Sports,89.0,0,0,0,6
C098,P163,Toys,91.0,0,0,0,6
C098,P180,Books,51.0,0,0,0,6
C098,P76,Sports,196.0,0,0,0,6
C098,P193,Books,77.0,0,0,0,6
C098,P32,Sports,30.0,2,0,0,6
C098,P75,Fashion,183.0,0,0,0,6
C098,P23,Fashion,19.0,2,1,1,6
C098,P44,Fashion,141.0,1,1,1,6
C098,P171,Books,64.0,0,0,0,6
C098,P73,Books,121.0,0,0,0,6
C098,P113,Sports,41.0,2,1,0,6
C099,P152,Fashion,9.0,6,2,2,0
C099,P64,Fashion,31.0,5,2,2,0
C099,P190,Fashion,30.0,2,0,0,0
C099,P157,Sports,194.0,0,0,0,0
C099,P59,Sports,66.0,0,0,0,0
C099,P22,Sports,65.0,1,0,0,0
C099,P104,Sports,147.0,0,0,0,0
C099,P99,Sports,34.0,1,0,0,0
C099,P105,Books,62.0,0,0,0,0
C099,P32,Sports,30.0,1,0,0,0
C099,P117,Sports,50.0,2,0,0,0
C099,P144,Toys,173.0,0,0,0,0
C099,P115,Sports,81.0,3,0,0,0
C099,P100,Books,22.0,1,1,0,0
C099,P131,Toys,65.0,2,1,1,0
C099,P120,Electronics,118.0,1,0,0,0
C099,P90,Fashion,58.0,3,1,1,0
C099,P166,Sports,94.0,1,1,1,0
C099,P24,Sports,180.0,0,0,0,0
C099,P189,Toys,10.0,3,3,2,0
C099,P62,Toys,184.0,0,0,0,0
C099,P161,Electronics,150.0,1,1,1,0
C099,P191,Fashion,92.0,5,0,0,0
C099,P61,Fashion,66.0,1,1,1,0
C099,P178,Electronics,46.0,0,0,0,0
C099,P13,Sports,111.0,1,1,1,0
C099,P162,Toys,177.0,0,0,0,0
C099,P123,Books,195.0,0,0,0,0
C099,P42,Books,93.0,1,1,1,0
C099,P3,Sports,89.0,0,0,0,0
C100,P75,Fashion,183.0,0,0,0,0
C100,P151,Books,103.0,1,0,0,0
C100,P86,Sports,56.0,2,0,0,0
C100,P48,Electronics,59.0,1,1,1,0
C100,P66,Fashion,176.0,0,0,0,0
C100,P84,Toys,114.0,2,1,1,0
C100,P173,Sports,199.0,0,0,0,0
C100,P117,Sports,50.0,0,0,0,0
C100,P171,Books,64.0,2,0,0,0
C100,P131,Toys,65.0,1,0,0,0
C100,P195,Electronics,98.0,2,0,0,0
C100,P22,Sports,65.0,1,0,0,0
C100,P95,Electronics,154.0,1,0,0,0
C100,P5,Books,174.0,0,0,0,0
C100,P33,Books,78.0,0,0,0,0
C100,P106,Fashion,129.0,1,0,0,0
C100,P63,Books,117.0,2,0,0,0
C100,P77,Fashion,139.0,0,0,0,0
C100,P185,Toys,75.0,0,0,0,0
C100,P24,Sports,180.0,0,0,0,0
C100,P114,Electronics,184.0,0,0,0,0
C100,P147,Fashion,79.0,0,0,0,0
C100,P165,Electronics,45.0,3,2,1,0
C100,P128,Fashion,122.0,0,0,0,0
C100,P112,Toys,141.0,0,0,0,0
C100,P135,Electronics,188.0,3,2,1,0
C100,P1,Fashion,132.0,0,0,0,0
C100,P16,Electronics,152.0,0,0,0,0
C100,P188,Electronics,81.0,3,3,2,0
C100,P29,Toys,141.0,0,0,0,0
C101,P21,Electronics,55.0,4,1,1,4
C101,P161,Electronics,150.0,2,0,0,4
C101,P142,Books,163.0,1,1,0,4
C101,P78,Toys,74.0,0,0,0,4
C101,P60,Fashion,144.0,4,1,1,4
C101,P84,Toys,114.0,3,3,3,4
C101,P148,Fashion,71.0,1,1,1,4
C101,P107,Sports,170.0,0,0,0,4
C101,P44,Fashion,141.0,2,0,0,4
C101,P70,Electronics,141.0,3,1,1,4
C101,P55,Toys,44.0,2,2,2,4
C101,P10,Sports,57.0,1,0,0,4
C101,P185,Toys,75.0,1,0,0,4
C101,P159,Sports,60.0,2,0,0,4
C101,P96,Books,159.0,0,0,0,4
C101,P158,Fashion,156.0,1,1,0,4
C101,P11,Fashion,71.0,0,0,0,4
C101,P66,Fashion,176.0,0,0,0,4
C101,P18,Books,20.0,1,1,1,4
C101,P36,Sports,98.0,1,0,0,4
C101,P139,Sports,197.0,0,0,0,4
C101,P6,Sports,66.0,3,1,1,4
C101,P146,Electronics,130.0,3,1,1,4
C101,P99,Sports,34.0,0,0,0,4
C101,P130,Sports,109.0,2,1,1,4
C101,P85,Fashion,46.0,2,0,0,4
C101,P72,Fashion,143.0,1,1,1,4
C101,P80,Fashion,114.0,1,0,0,4
C101,P52,Toys,33.0,0,0,0,4
C101,P170,Toys,158.0,0,0,0,4
C102,P85,Fashion,46.0,0,0,0,4
C102,P132,Fashion,32.0,1,1,1,4
C102,P54,Sports,13.0,1,1,0,4
C102,P58,Toys,39.0,2,1,1,4
C102,P3,Sports,89.0,0,0,0,4
C102,P74,Electronics,71.0,0,0,0,4
C102,P125,Electronics,126.0,0,0,0,4
C102,P97,Books,107.0,0,0,0,4
C102,P190,Fashion,30.0,0,0,0,4
C102,P42,Books,93.0,0,0,0,4
C102,P157,Sports,194.0,0,0,0,4
C102,P142,Books,163.0,1,0,0,4
C102,P24,Sports,180.0,0,0,0,4
C102,P43,Toys,168.0,0,0,0,4
C102,P4,Books,177.0,0,0,0,4
C102,P62,Toys,184.0,0,0,0,4
C102,P92,Electronics,192.0,0,0,0,4
C102,P123,Books,195.0,0,0,0,4
C102,P71,Sports,153.0,0,0,0,4
C102,P88,Toys,183.0,1,1,1,4
C102,P66,Fashion,176.0,0,0,0,4
C102,P111,Books,148.0,1,1,1,4
C102,P20,Sports,33.0,1,1,0,4
C102,P81,Electronics,20.0,2,1,1,4
C102,P174,Fashion,80.0,0,0,0,4
C102,P107,Sports,170.0,0,0,0,4
C102,P126,Toys,162.0,0,0,0,4
C102,P170,Toys,158.0,0,0,0,4
C102,P175,Books,56.0,1,0,0,4
C102,P79,Books,102.0,0,0,0,4
C103,P6,Sports,66.0,0,0,0,6
C103,P55,Toys,44.0,2,0,0,6
C103,P71,Sports,153.0,0,0,0,6
C103,P101,Electronics,193.0,0,0,0,6
C103,P72,Fashion,143.0,0,0,0,6
C103,P21,Electronics,55.0,0,0,0,6
C103,P53,Fashion,26.0,3,0,0,6
C103,P29,Toys,141.0,0,0,0,6
C103,P157,Sports,194.0,0,0,0,6
C103,P130,Sports,109.0,0,0,0,6
C103,P125,Electronics,126.0,1,0,0,6
C103,P195,Electronics,98.0,1,0,0,6
C103,P171,Books,64.0,2,0,0,6
C103,P142,Books,163.0,0,0,0,6
C103,P170,Toys,158.0,0,0,0,6
C103,P194,Toys,196.0,0,0,0,6
C103,P2,Electronics,36.0,2,0,0,6
C103,P50,Books,116.0,3,3,2,6
C103,P31,Fashion,30.0,0,0,0,6
C103,P94,Sports,180.0,0,0,0,6
C103,P62,Toys,184.0,1,1,1,6
C103,P105,Books,62.0,3,1,0,6
C103,P24,Sports,180.0,0,0,0,6
C103,P178,Electronics,46.0,2,0,0,6
C103,P86,Sports,56.0,1,0,0,6
C103,P121,Toys,81.0,4,1,1,6
C103,P90,Fashion,58.0,2,2,2,6
C103,P126,Toys,162.0,0,0,0,6
C103,P42,Books,93.0,3,1,1,6
C103,P34,Toys,18.0,0,0,0,6
C104,P43,Toys,168.0,0,0,0,7
C104,P56,Electronics,84.0,2,1,0,7
C104,P54,Sports,13.0,0,0,0,7
C104,P24,Sports,180.0,0,0,0,7
C104,P157,Sports,194.0,0,0,0,7
C104,P195,Electronics,98.0,0,0,0,7
C104,P48,Electronics,59.0,0,0,0,7
C104,P21,Electronics,55.0,4,1,1,7
C104,P193,Books,77.0,0,0,0,7
C104,P27,Electronics,153.0,1,0,0,7
C104,P146,Electronics,130.0,0,0,0,7
C104,P15,Fashion,43.0,3,2,2,7
C104,P81,Electronics,20.0,2,1,0,7
C104,P8,Toys,21.0,1,0,0,7
C104,P72,Fashion,143.0,2,0,0,7
C104,P29,Toys,141.0,0,0,0,7
C104,P75,Fashion,183.0,0,0,0,7
C104,P171,Books,64.0,0,0,0,7
C104,P127,Electronics,140.0,0,0,0,7
C104,P69,Electronics,159.0,0,0,0,7
C104,P89,Sports,103.0,0,0,0,7
C104,P74,Electronics,71.0,4,2,0,7
C104,P71,Sports,153.0,0,0,0,7
C104,P10,Sports,57.0,1,0,0,7
C104,P118,Toys,23.0,1,1,1,7
C104,P125,Electronics,126.0,0,0,0,7
C104,P5,Books,174.0,0,0,0,7
C104,P172,Electronics,90.0,3,2,2,7
C104,P189,Toys,10.0,0,0,0,7
C104,P58,Toys,39.0,2,0,0,7
C105,P24,Sports,180.0,0,0,0,8
C105,P82,Electronics,22.0,0,0,0,8
C105,P36,Sports,98.0,0,0,0,8
C105,P12,Toys,193.0,0,0,0,8
C105,P163,Toys,91.0,1,0,0,8
C105,P119,Fashion,169.0,0,0,0,8
C105,P97,Books,107.0,1,1,1,8
C105,P86,Sports,56.0,2,1,1,8
C105,P127,Electronics,140.0,1,1,0,8
C105,P103,Electronics,83.0,1,0,0,8
C105,P47,Sports,76.0,1,0,0,8
C105,P41,Electronics,119.0,1,1,1,8
C105,P113,Sports,41.0,1,1,1,8
C105,P102,Electronics,100.0,0,0,0,8
C105,P158,Fashion,156.0,1,0,0,8
C105,P147,Fashion,79.0,1,0,0,8
C105,P11,Fashion,71.0,1,1,0,8
C105,P190,Fashion,30.0,0,0,0,8
C105,P193,Books,77.0,1,0,0,8
C105,P196,Electronics,159.0,1,0,0,8
C105,P61,Fashion,66.0,0,0,0,8
C105,P46,Books,116.0,0,0,0,8
C105,P139,Sports,197.0,1,0,0,8
C105,P130,Sports,109.0,0,0,0,8
C105,P125,Electronics,126.0,2,0,0,8
C105,P48,Electronics,59.0,0,0,0,8
C105,P181,Electronics,162.0,0,0,0,8
C105,P179,Toys,123.0,0,0,0,8
C105,P85,Fashion,46.0,1,0,0,8
C105,P172,Electronics,90.0,1,1,1,8
C106,P146,Electronics,130.0,4,1,0,6
C106,P72,Fashion,143.0,2,1,0,6
C106,P113,Sports,41.0,5,3,3,6
C106,P187,Books,153.0,1,0,0,6
C106,P35,Fashion,87.0,0,0,0,6
C106,P9,Toys,163.0,0,0,0,6
C106,P4,Books,177.0,1,0,0,6
C106,P139,Sports,197.0,1,0,0,6
C106,P195,Electronics,98.0,2,0,0,6
C106,P188,Electronics,81.0,0,0,0,6
C106,P130,Sports,109.0,2,2,1,6
C106,P103,Electronics,83.0,1,0,0,6
C106,P149,Fashion,79.0,1,1,0,6
C106,P172,Electronics,90.0,0,0,0,6
C106,P48,Electronics,59.0,2,2,2,6
C106,P79,Books,102.0,1,1,0,6
C106,P45,Fashion,146.0,2,0,0,6
C106,P51,Electronics,76.0,0,0,0,6
C106,P82,Electronics,22.0,1,1,1,6
C106,P145,Sports,130.0,5,2,1,6
C106,P28,Books,38.0,1,0,0,6
C106,P40,Books,47.0,1,0,0,6
C106,P101,Electronics,193.0,0,0,0,6
C106,P83,Sports,100.0,4,3,2,6
C106,P111,Books,148.0,2,1,1,6
C106,P131,Toys,65.0,0,0,0,6
C106,P3,Sports,89.0,3,0,0,6
C106,P0,Fashion,103.0,0,0,0,6
C106,P24,Sports,180.0,0,0,0,6
C106,P135,Electronics,188.0,0,0,0,6
C107,P86,Sports,56.0,2,0,0,0
C107,P115,Sports,81.0,1,1,0,0
C107,P117,Sports,50.0,0,0,0,0
C107,P84,Toys,114.0,0,0,0,0
C107,P142,Books,163.0,0,0,0,0
C107,P76,Sports,196.0,0,0,0,0
C107,P190,Fashion,30.0,0,0,0,0
C107,P10,Sports,57.0,2,0,0,0
C107,P183,Books,127.0,1,0,0,0
C107,P8,Toys,21.0,3,0,0,0
C107,P32,Sports,30.0,1,0,0,0
C107,P116,Sports,188.0,0,0,0,0
C107,P181,Electronics,162.0,0,0,0,0
C107,P72,Fashion,143.0,1,0,0,0
C107,P85,Fashion,46.0,0,0,0,0
C107,P55,Toys,44.0,1,0,0,0
C107,P103,Electronics,83.0,0,0,0,0
C107,P20,Sports,33.0,1,0,0,0
C107,P122,Sports,195.0,0,0,0,0
C107,P1,Fashion,132.0,0,0,0,0
C107,P96,Books,159.0,1,0,0,0
C107,P141,Books,152.0,2,1,1,0
C107,P0,Fashion,,1,0,0,0
C107,P19,Books,52.0,0,0,0,0
C107,P163,Toys,91.0,2,2,2,0
C107,P164,Electronics,144.0,1,1,1,0
C107,P9,Toys,163.0,2,1,0,0
C107,P120,Electronics,118.0,0,0,0,0
C107,P43,Toys,168.0,0,0,0,0
C107,P172,Electronics,90.0,0,0,0,0
C108,P116,Sports,188.0,0,0,0,5
C108,P81,Electronics,20.0,2,0,0,5
C108,P75,Fashion,183.0,1,0,0,5
C108,P148,Fashion,71.0,0,0,0,5
C108,P50,Books,116.0,2,2,1,5
C108,P179,Toys,123.0,1,0,0,5
C108,P54,Sports,13.0,2,0,0,5
C108,P158,Fashion,156.0,0,0,0,5
C108,P193,Books,77.0,2,1,1,5
C108,P42,Books,93.0,1,0,0,5
C108,P59,Sports,66.0,0,0,0,5
C108,P137,Sports,44.0,0,0,0,5
C108,P134,Electronics,140.0,1,1,1,5
C108,P32,Sports,30.0,1,0,0,5
C108,P98,Fashion,182.0,1,0,0,5
C108,P130,Sports,109.0,0,0,0,5
C108,P163,Toys,91.0,2,2,2,5
C108,P198,Books,78.0,2,0,0,5
C108,P151,Books,103.0,1,0,0,5
C108,P109,Books,29.0,2,1,0,5
C108,P181,Electronics,162.0,0,0,0,5
C108,P197,Toys,29.0,2,2,2,5
C108,P167,Toys,181.0,1,0,0,5
C108,P125,Electronics,126.0,1,1,1,5
C108,P47,Sports,76.0,1,0,0,5
C108,P95,Electronics,154.0,1,0,0,5
C108,P117,Sports,50.0,2,0,0,5
C108,P153,Electronics,8.0,2,0,0,5
C108,P138,Sports,10.0,1,0,0,5
C108,P199,Electronics,48.0,1,0,0,5
C109,P185,Toys,75.0,0,0,0,7
C109,P94,Sports,180.0,2,1,1,7
C109,P130,Sports,109.0,0,0,0,7
C109,P195,Electronics,98.0,0,0,0,7
C109,P44,Fashion,141.0,0,0,0,7
C109,P121,Toys,81.0,0,0,0,7
C109,P107,Sports,170.0,1,0,0,7
C109,P38,Fashion,116.0,0,0,0,7
C109,P21,Electronics,55.0,1,0,0,7
C109,P81,Electronics,20.0,2,2,2,7
C109,P165,Electronics,45.0,1,0,0,7
C109,P166,Sports,94.0,0,0,0,7
C109,P66,Fashion,176.0,0,0,0,7
C109,P150,Sports,144.0,1,1,0,7
C109,P144,Toys,173.0,1,1,1,7
C109,P62,Toys,184.0,1,0,0,7
C109,P34,Toys,18.0,3,2,1,7
C109,P175,Books,56.0,1,0,0,7
C109,P86,Sports,56.0,3,2,2,7
C109,P45,Fashion,146.0,0,0,0,7
C109,P61,Fashion,66.0,1,0,0,7
C109,P167,Toys,181.0,1,0,0,7
C109,P168,Sports,79.0,0,0,0,7
C109,P136,Sports,192.0,0,0,0,7
C109,P182,Electronics,144.0,1,1,1,7
C109,P12,Toys,193.0,1,0,0,7
C109,P14,Toys,175.0,1,0,0,7
C109,P89,Sports,103.0,0,0,0,7
C109,P39,Toys,93.0,0,0,0,7
C109,P2,Electronics,36.0,0,0,0,7
C110,P122,Sports,195.0,0,0,0,5
C110,P57,Books,60.0,6,1,1,5
C110,P191,Fashion,92.0,0,0,0,5
C110,P25,Toys,55.0,1,1,0,5
C110,P99,Sports,34.0,1,1,1,5
C110,P181,Electronics,162.0,1,0,0,5
C110,P87,Toys,30.0,1,1,0,5
C110,P196,Electronics,159.0,0,0,0,5
C110,P173,Sports,199.0,0,0,0,5
C110,P177,Toys,170.0,0,0,0,5
C110,P1,Fashion,132.0,0,0,0,5
C110,P39,Toys,93.0,1,0,0,5
C110,P86,Sports,56.0,1,0,0,5
C110,P22,Sports,65.0,0,0,0,5
C110,P108,Toys,161.0,1,1,1,5
C110,P131,Toys,65.0,1,1,1,5
C110,P88,Toys,183.0,0,0,0,5
C110,P193,Books,77.0,0,0,0,5
C110,P58,Toys,39.0,1,1,0,5
C110,P149,Fashion,79.0,2,0,0,5
C110,P187,Books,153.0,0,0,0,5
C110,P143,Fashion,75.0,1,0,0,5
C110,P172,Electronics,90.0,0,0,0,5
C110,P78,Toys,74.0,0,0,0,5
C110,P2,Electronics,36.0,0,0,0,5
C110,P73,Books,121.0,0,0,0,5
C110,P144,Toys,173.0,0,0,0,5
C110,P113,Sports,41.0,3,0,0,5
C110,P141,Books,152.0,0,0,0,5
C110,P30,Books,155.0,1,0,0,5
C111,P23,Fashion,19.0,0,0,0,0
C111,P77,Fashion,139.0,2,0,0,0
C111,P28,Books,38.0,1,0,0,0
C111,P56,Electronics,84.0,0,0,0,0
C111,P43,Toys,168.0,1,1,1,0
C111,P14,Toys,175.0,0,0,0,0
C111,P75,Fashion,183.0,0,0,0,0
C111,P189,Toys,10.0,1,0,0,0
C111,P90,Fashion,58.0,1,1,1,0
C111,P184,Fashion,87.0,0,0,0,0
C111,P180,Books,51.0,1,0,0,0
C111,P127,Electronics,140.0,1,0,0,0
C111,P148,Fashion,71.0,1,0,0,0
C111,P114,Electronics,184.0,0,0,0,0
C111,P86,Sports,56.0,2,1,0,0
C111,P37,Toys,134.0,1,1,0,0
C111,P188,Electronics,81.0,1,0,0,0
C111,P74,Electronics,71.0,0,0,0,0
C111,P54,Sports,13.0,0,0,0,0
C111,P65,Electronics,194.0,0,0,0,0
C111,P38,Fashion,116.0,1,0,0,0
C111,P151,Books,103.0,2,1,1,0
C111,P115,Sports,81.0,1,1,0,0
C111,P155,Sports,101.0,1,0,0,0
C111,P96,Books,159.0,4,2,1,0
C111,P80,Fashion,114.0,2,1,0,0
C111,P17,Fashion,199.0,0,0,0,0
C111,P79,Books,102.0,3,0,0,0
C111,P30,Books,155.0,4,2,1,0
C111,P186,Fashion,190.0,0,0,0,0
C112,P72,Fashion,143.0,0,0,0,5
C112,P32,Sports,30.0,1,0,0,5
C112,P148,Fashion,71.0,0,0,0,5
C112,P13,Sports,111.0,2,1,0,5
C112,P81,Electronics,20.0,2,2,1,5
C112,P199,Electronics,,2,1,0,5
C112,P78,Toys,74.0,5,2,1,5
C112,P125,Electronics,126.0,2,2,1,5
C112,P97,Books,107.0,0,0,0,5
C112,P34,Toys,18.0,3,1,1,5
C112,P16,Electronics,152.0,1,0,0,5
C112,P67,Electronics,156.0,0,0,0,5
C112,P189,Toys,10.0,4,1,0,5
C112,P114,Electronics,184.0,0,0,0,5
C112,P101,Electronics,193.0,0,0,0,5
C112,P121,Toys,81.0,0,0,0,5
C112,P153,Electronics,8.0,0,0,0,5
C112,P146,Electronics,130.0,1,1,1,5
C112,P0,Fashion,103.0,1,0,0,5
C112,P24,Sports,180.0,1,0,0,5
C112,P37,Toys,134.0,0,0,0,5
C112,P154,Fashion,42.0,2,0,0,5
C112,P196,Electronics,159.0,0,0,0,5
C112,P66,Fashion,176.0,1,0,0,5
C112,P36,Sports,98.0,0,0,0,5
C112,P43,Toys,168.0,1,0,0,5
C112,P57,Books,,0,0,0,5
C112,P175,Books,56.0,0,0,0,5
C112,P61,Fashion,66.0,1,0,0,5
C112,P169,Sports,8.0,1,1,0,5
C113,P110,Fashion,193.0,1,0,0,7
C113,P130,Sports,109.0,1,1,0,7
C113,P122,Sports,195.0,0,0,0,7
C113,P73,Books,121.0,0,0,0,7
C113,P17,Fashion,199.0,1,1,1,7
C113,P60,Fashion,144.0,0,0,0,7
C113,P147,Fashion,79.0,0,0,0,7
C113,P6,Sports,66.0,1,0,0,7
C113,P136,Sports,192.0,1,0,0,7
C113,P92,Electronics,192.0,0,0,0,7
C113,P115,Sports,81.0,1,1,0,7
C113,P111,Books,148.0,0,0,0,7
C113,P0,Fashion,103.0,0,0,0,7
C113,P123,Books,195.0,0,0,0,7
C113,P7,Sports,128.0,0,0,0,7
C113,P31,Fashion,30.0,1,0,0,7
C113,P44,Fashion,141.0,0,0,0,7
C113,P24,Sports,180.0,0,0,0,7
C113,P139,Sports,197.0,0,0,0,7
C113,P80,Fashion,114.0,0,0,0,7
C113,P62,Toys,184.0,2,0,0,7
C113,P84,Toys,114.0,1,0,0,7
C113,P120,Electronics,118.0,0,0,0,7
C113,P178,Electronics,46.0,0,0,0,7
C113,P146,Electronics,130.0,0,0,0,7
C113,P40,Books,47.0,2,0,0,7
C113,P8,Toys,21.0,3,1,0,7
C113,P54,Sports,13.0,3,2,2,7
C113,P9,Toys,163.0,0,0,0,7
C113,P124,Sports,7.0,0,0,0,7
C114,P179,Toys,123.0,2,1,1,2
C114,P65,Electronics,194.0,2,1,0,2
C114,P78,Toys,74.0,3,2,2,2
C114,P137,Sports,44.0,0,0,0,2
C114,P185,Toys,75.0,1,0,0,2
C114,P60,Fashion,144.0,0,0,0,2
C114,P106,Fashion,129.0,0,0,0,2
C114,P83,Sports,100.0,0,0,0,2
C114,P119,Fashion,169.0,0,0,0,2
C114,P195,Electronics,98.0,1,0,0,2
C114,P121,Toys,81.0,1,1,1,2
C114,P177,Toys,170.0,0,0,0,2
C114,P182,Electronics,144.0,1,0,0,2
C114,P191,Fashion,92.0,0,0,0,2
C114,P138,Sports,10.0,0,0,0,2
C114,P169,Sports,8.0,0,0,0,2
C114,P103,Electronics,83.0,0,0,0,2
C114,P84,Toys,114.0,0,0,0,2
C114,P124,Sports,7.0,0,0,0,2
C114,P13,Sports,111.0,0,0,0,2
C114,P98,Fashion,182.0,0,0,0,2
C114,P76,Sports,196.0,1,1,1,2
C114,P91,Fashion,158.0,0,0,0,2
C114,P29,Toys,141.0,0,0,0,2
C114,P31,Fashion,30.0,1,1,1,2
C114,P66,Fashion,176.0,1,0,0,2
C114,P198,Books,78.0,0,0,0,2
C114,P35,Fashion,87.0,1,0,0,2
C114,P30,Books,155.0,0,0,0,2
C114,P81,Electronics,20.0,0,0,0,2
C115,P86,Sports,56.0,2,1,1,3
C115,P169,Sports,8.0,1,0,0,3
C115,P164,Electronics,144.0,0,0,0,3
C115,P11,Fashion,71.0,0,0,0,3
C115,P94,Sports,180.0,1,0,0,3
C115,P98,Fashion,182.0,0,0,0,3
C115,P154,Fashion,42.0,1,0,0,3
C115,P165,Electronics,45.0,1,1,1,3
C115,P0,Fashion,103.0,0,0,0,3
C115,P129,Sports,106.0,0,0,0,3
C115,P148,Fashion,71.0,1,1,0,3
C115,P184,Fashion,87.0,1,1,1,3
C115,P171,Books,64.0,1,0,0,3
C115,P2,Electronics,36.0,3,2,2,3
C115,P112,Toys,141.0,0,0,0,3
C115,P72,Fashion,143.0,0,0,0,3
C115,P126,Toys,162.0,1,1,1,3
C115,P101,Electronics,193.0,0,0,0,3
C115,P100,Books,22.0,0,0,0,3
C115,P133,Toys,82.0,0,0,0,3
C115,P90,Fashion,58.0,0,0,0,3
C115,P74,Electronics,71.0,0,0,0,3
C115,P194,Toys,196.0,1,0,0,3
C115,P163,Toys,91.0,1,1,0,3
C115,P123,Books,195.0,0,0,0,3
C115,P51,Electronics,76.0,0,0,0,3
C115,P16,Electronics,152.0,0,0,0,3
C115,P168,Sports,79.0,1,1,1,3
C115,P18,Books,20.0,1,1,1,3
C115,P65,Electronics,194.0,1,0,0,3
C116,P50,Books,116.0,1,0,0,6
C116,P3,Sports,89.0,2,1,0,6
C116,P74,Electronics,71.0,0,0,0,6
C116,P154,Fashion,42.0,3,0,0,6
C116,P61,Fashion,66.0,1,0,0,6
C116,P73,Books,121.0,0,0,0,6
C116,P143,Fashion,75.0,0,0,0,6
C116,P191,Fashion,92.0,2,2,2,6
C116,P75,Fashion,183.0,0,0,0,6
C116,P128,Fashion,122.0,0,0,0,6
C116,P184,Fashion,87.0,1,1,1,6
C116,P126,Toys,162.0,0,0,0,6
C116,P45,Fashion,146.0,0,0,0,6
C116,P67,Electronics,156.0,2,2,0,6
C116,P138,Sports,10.0,4,0,0,6
C116,P34,Toys,18.0,0,0,0,6
C116,P146,Electronics,130.0,0,0,0,6
C116,P152,Fashion,9.0,0,0,0,6
C116,P62,Toys,184.0,0,0,0,6
C116,P86,Sports,56.0,2,0,0,6
C116,P93,Fashion,62.0,0,0,0,6
C116,P149,Fashion,79.0,0,0,0,6
C116,P193,Books,77.0,0,0,0,6
C116,P170,Toys,158.0,0,0,0,6
C116,P89,Sports,103.0,1,0,0,6
C116,P17,Fashion,199.0,0,0,0,6
C116,P64,Fashion,31.0,0,0,0,6
C116,P117,Sports,50.0,1,1,1,6
C116,P22,Sports,65.0,3,0,0,6
C116,P87,Toys,30.0,0,0,0,6
C117,P90,Fashion,58.0,0,0,0,7
C117,P185,Toys,75.0,2,1,0,7
C117,P66,Fashion,176.0,0,0,0,7
C117,P108,Toys,161.0,0,0,0,7
C117,P136,Sports,192.0,0,0,0,7
C117,P116,Sports,188.0,1,1,1,7
C117,P41,Electronics,119.0,0,0,0,7
C117,P4,Books,,0,0,0,7
C117,P96,Books,159.0,0,0,0,7
C117,P88,Toys,183.0,0,0,0,7
C117,P30,Books,155.0,0,0,0,7
C117,P60,Fashion,144.0,0,0,0,7
C117,P182,Electronics,144.0,0,0,0,7
C117,P148,Fashion,71.0,0,0,0,7
C117,P63,Books,117.0,0,0,0,7
C117,P50,Books,116.0,0,0,0,7
C117,P83,Sports,100.0,0,0,0,7
C117,P38,Fashion,116.0,1,0,0,7
C117,P107,Sports,170.0,0,0,0,7
C117,P156,Sports,121.0,0,0,0,7
C117,P115,Sports,81.0,1,0,0,7
C117,P86,Sports,56.0,0,0,0,7
C117,P35,Fashion,87.0,3,0,0,7
C117,P157,Sports,194.0,0,0,0,7
C117,P120,Electronics,118.0,0,0,0,7
C117,P75,Fashion,183.0,2,1,1,7
C117,P29,Toys,141.0,1,0,0,7
C117,P99,Sports,34.0,1,0,0,7
C117,P61,Fashion,66.0,0,0,0,7
C117,P168,Sports,79.0,0,0,0,7
C118,P76,Sports,196.0,0,0,0,4
C118,P120,Electronics,118.0,0,0,0,4
C118,P36,Sports,98.0,1,0,0,4
C118,P84,Toys,114.0,0,0,0,4
C118,P9,Toys,163.0,1,1,1,4
C118,P73,Books,121.0,0,0,0,4
C118,P27,Electronics,153.0,0,0,0,4
C118,P125,Electronics,126.0,0,0,0,4
C118,P95,Electronics,154.0,0,0,0,4
C118,P26,Fashion,184.0,1,1,0,4
C118,P166,Sports,94.0,1,0,0,4
C118,P78,Toys,74.0,2,0,0,4
C118,P10,Sports,57.0,1,1,1,4
C118,P12,Toys,193.0,0,0,0,4
C118,P105,Books,62.0,1,1,1,4
C118,P75,Fashion,183.0,0,0,0,4
C118,P43,Toys,168.0,0,0,0,4
C118,P65,Electronics,194.0,0,0,0,4
C118,P50,Books,116.0,0,0,0,4
C118,P59,Sports,66.0,1,1,1,4
C118,P33,Books,78.0,1,1,1,4
C118,P126,Toys,162.0,0,0,0,4
C118,P81,Electronics,20.0,1,0,0,4
C118,P161,Electronics,150.0,0,0,0,4
C118,P129,Sports,106.0,0,0,0,4
C118,P1,Fashion,132.0,1,1,0,4
C118,P198,Books,78.0,0,0,0,4
C118,P116,Sports,188.0,0,0,0,4
C118,P148,Fashion,71.0,2,1,1,4
C118,P79,Books,102.0,2,1,1,4
C119,P32,Sports,30.0,0,0,0,9
C119,P71,Sports,153.0,0,0,0,9
C119,P94,Sports,180.0,0,0,0,9
C119,P76,Sports,196.0,1,0,0,9
C119,P20,Sports,33.0,0,0,0,9
C119,P198,Books,78.0,0,0,0,9
C119,P4,Books,177.0,1,1,1,9
C119,P129,Sports,106.0,0,0,0,9
C119,P51,Electronics,76.0,0,0,0,9
C119,P87,Toys,30.0,1,0,0,9
C119,P44,Fashion,141.0,1,0,0,9
C119,P100,Books,22.0,1,0,0,9
C119,P2,Electronics,36.0,2,1,0,9
C119,P159,Sports,60.0,0,0,0,9
C119,P167,Toys,181.0,0,0,0,9
C119,P86,Sports,56.0,0,0,0,9
C119,P143,Fashion,75.0,0,0,0,9
C119,P170,Toys,158.0,0,0,0,9
C119,P142,Books,163.0,2,1,0,9
C119,P197,Toys,29.0,1,0,0,9
C119,P28,Books,38.0,3,0,0,9
C119,P38,Fashion,116.0,1,1,1,9
C119,P96,Books,159.0,0,0,0,9
C119,P7,Sports,128.0,0,0,0,9
C119,P77,Fashion,139.0,0,0,0,9
C119,P194,Toys,196.0,0,0,0,9
C119,P160,Books,105.0,0,0,0,9
C119,P193,Books,77.0,1,1,1,9
C119,P184,Fashion,87.0,0,0,0,9
C119,P35,Fashion,87.0,0,0,0,9
C120,P193,Books,77.0,1,1,0,5
C120,P104,Sports,147.0,1,0,0,5
C120,P46,Books,116.0,0,0,0,5
C120,P154,Fashion,42.0,2,0,0,5
C120,P188,Electronics,81.0,0,0,0,5
C120,P5,Books,174.0,1,0,0,5
C120,P92,Electronics,192.0,0,0,0,5
C120,P197,Toys,29.0,5,2,1,5
C120,P32,Sports,30.0,1,1,1,5
C120,P84,Toys,114.0,0,0,0,5
C120,P56,Electronics,84.0,0,0,0,5
C120,P161,Electronics,150.0,3,1,1,5
C120,P168,Sports,79.0,0,0,0,5
C120,P171,Books,64.0,1,0,0,5
C120,P37,Toys,134.0,1,1,1,5
C120,P148,Fashion,71.0,0,0,0,5
C120,P199,Electronics,48.0,2,2,1,5
C120,P109,Books,29.0,3,1,0,5
C120,P71,Sports,153.0,2,0,0,5
C120,P47,Sports,76.0,0,0,0,5
C120,P75,Fashion,183.0,0,0,0,5
C120,P128,Fashion,122.0,1,1,1,5
C120,P103,Electronics,83.0,2,0,0,5
C120,P1,Fashion,132.0,0,0,0,5
C120,P132,Fashion,32.0,0,0,0,5
C120,P177,Toys,170.0,2,1,0,5
C120,P141,Books,152.0,0,0,0,5
C120,P51,Electronics,76.0,0,0,0,5
C120,P163,Toys,91.0,1,0,0,5
C120,P149,Fashion,79.0,1,1,1,5
C121,P0,Fashion,103.0,2,1,1,2
C121,P89,Sports,103.0,3,1,1,2
C121,P21,Electronics,-1.0,0,0,0,2
C121,P185,Toys,75.0,1,0,0,2
C121,P74,Electronics,71.0,0,0,0,2
C121,P198,Books,78.0,0,0,0,2
C121,P152,Fashion,9.0,0,0,0,2
C121,P9,Toys,163.0,0,0,0,2
C121,P160,Books,105.0,2,1,0,2
C121,P14,Toys,175.0,1,0,0,2
C121,P59,Sports,66.0,1,0,0,2
C121,P75,Fashion,183.0,1,0,0,2
C121,P148,Fashion,71.0,0,0,0,2
C121,P62,Toys,184.0,0,0,0,2
C121,P32,Sports,30.0,0,0,0,2
C121,P55,Toys,44.0,3,1,1,2
C121,P52,Toys,33.0,2,1,0,2
C121,P192,Electronics,94.0,0,0,0,2
C121,P143,Fashion,75.0,2,0,0,2
C121,P2,Electronics,36.0,0,0,0,2
C121,P118,Toys,23.0,0,0,0,2
C121,P156,Sports,121.0,0,0,0,2
C121,P109,Books,29.0,3,1,0,2
C121,P170,Toys,158.0,0,0,0,2
C121,P96,Books,159.0,1,1,1,2
C121,P141,Books,152.0,4,2,2,2
C121,P23,Fashion,19.0,0,0,0,2
C121,P108,Toys,161.0,0,0,0,2
C121,P27,Electronics,153.0,1,0,0,2
C121,P1,Fashion,132.0,2,2,1,2
C122,P135,Electronics,188.0,1,1,0,2
C122,P17,Fashion,199.0,1,0,0,2
C122,P26,Fashion,184.0,0,0,0,2
C122,P61,Fashion,66.0,0,0,0,2
C122,P160,Books,105.0,2,1,1,2
C122,P59,Sports,66.0,1,0,0,2
C122,P137,Sports,44.0,1,1,1,2
C122,P96,Books,159.0,0,0,0,2
C122,P194,Toys,196.0,2,0,0,2
C122,P111,Books,148.0,3,0,0,2
C122,P72,Fashion,143.0,0,0,0,2
C122,P146,Electronics,130.0,2,0,0,2
C122,P165,Electronics,45.0,0,0,0,2
C122,P181,Electronics,162.0,0,0,0,2
C122,P121,Toys,81.0,1,1,0,2
C122,P75,Fashion,183.0,0,0,0,2
C122,P40,Books,47.0,3,2,1,2
C122,P191,Fashion,92.0,1,1,1,2
C122,P102,Electronics,100.0,1,0,0,2
C122,P110,Fashion,193.0,0,0,0,2
C122,P30,Books,155.0,3,2,1,2
C122,P13,Sports,111.0,1,1,1,2
C122,P7,Sports,128.0,0,0,0,2
C122,P149,Fashion,79.0,3,2,2,2
C122,P152,Fashion,9.0,0,0,0,2
C122,P2,Electronics,36.0,1,0,0,2
C122,P162,Toys,177.0,0,0,0,2
C122,P24,Sports,180.0,0,0,0,2
C122,P153,Electronics,8.0,0,0,0,2
C122,P143,Fashion,75.0,2,1,1,2
C123,P143,Fashion,75.0,1,0,0,9
C123,P135,Electronics,188.0,0,0,0,9
C123,P51,Electronics,76.0,0,0,0,9
C123,P145,Sports,130.0,0,0,0,9
C123,P154,Fashion,42.0,1,0,0,9
C123,P193,Books,77.0,4,1,1,9
C123,P122,Sports,195.0,0,0,0,9
C123,P172,Electronics,90.0,0,0,0,9
C123,P80,Fashion,114.0,0,0,0,9
C123,P56,Electronics,84.0,2,0,0,9
C123,P66,Fashion,176.0,0,0,0,9
C123,P95,Electronics,154.0,0,0,0,9
C123,P72,Fashion,143.0,0,0,0,9
C123,P107,Sports,170.0,0,0,0,9
C123,P42,Books,93.0,3,1,0,9
C123,P197,Toys,29.0,0,0,0,9
C123,P111,Books,148.0,1,1,1,9
C123,P76,Sports,196.0,1,0,0,9
C123,P126,Toys,162.0,0,0,0,9
C123,P173,Sports,199.0,1,0,0,9
C123,P123,Books,195.0,2,1,1,9
C123,P158,Fashion,156.0,0,0,0,9
C123,P36,Sports,98.0,0,0,0,9
C123,P161,Electronics,150.0,0,0,0,9
C123,P57,Books,60.0,3,1,0,9
C123,P134,Electronics,140.0,1,1,0,9
C123,P27,Electronics,153.0,0,0,0,9
C123,P37,Toys,134.0,0,0,0,9
C123,P14,Toys,175.0,2,0,0,9
C123,P120,Electronics,118.0,0,0,0,9
C124,P54,Sports,13.0,3,1,1,5
C124,P149,Fashion,79.0,1,0,0,5
C124,P190,Fashion,30.0,1,1,0,5
C124,P22,Sports,65.0,4,2,2,5
C124,P37,Toys,134.0,0,0,0,5
C124,P183,Books,127.0,0,0,0,5
C124,P130,Sports,109.0,0,0,0,5
C124,P3,Sports,89.0,2,2,1,5
C124,P108,Toys,161.0,1,0,0,5
C124,P195,Electronics,98.0,0,0,0,5
C124,P106,Fashion,129.0,0,0,0,5
C124,P140,Sports,135.0,0,0,0,5
C124,P135,Electronics,188.0,1,0,0,5
C124,P109,Books,29.0,0,0,0,5
C124,P72,Fashion,143.0,0,0,0,5
C124,P14,Toys,175.0,0,0,0,5
C124,P119,Fashion,169.0,0,0,0,5
C124,P2,Electronics,36.0,5,2,2,5
C124,P38,Fashion,116.0,0,0,0,5
C124,P74,Electronics,71.0,1,1,0,5
C124,P184,Fashion,87.0,0,0,0,5
C124,P45,Fashion,146.0,0,0,0,5
C124,P158,Fashion,156.0,0,0,0,5
C124,P156,Sports,121.0,0,0,0,5
C124,P147,Fashion,79.0,0,0,0,5
C124,P112,Toys,141.0,0,0,0,5
C124,P162,Toys,177.0,1,1,1,5
C124,P104,Sports,147.0,1,0,0,5
C124,P82,Electronics,22.0,1,0,0,5
C124,P58,Toys,39.0,3,3,2,5
C125,P101,Electronics,193.0,0,0,0,7
C125,P16,Electronics,152.0,0,0,0,7
C125,P25,Toys,55.0,3,0,0,7
C125,P175,Books,56.0,0,0,0,7
C125,P14,Toys,175.0,0,0,0,7
C125,P65,Electronics,194.0,0,0,0,7
C125,P188,Electronics,81.0,2,2,1,7
C125,P194,Toys,196.0,0,0,0,7
C125,P28,Books,38.0,0,0,0,7
C125,P53,Fashion,26.0,2,1,1,7
C125,P99,Sports,34.0,2,0,0,7
C125,P102,Electronics,100.0,0,0,0,7
C125,P148,Fashion,71.0,0,0,0,7
C125,P15,Fashion,43.0,2,1,0,7
C125,P26,Fashion,184.0,1,0,0,7
C125,P196,Electronics,159.0,0,0,0,7
C125,P171,Books,64.0,0,0,0,7
C125,P83,Sports,100.0,4,2,1,7
C125,P181,Electronics,162.0,1,0,0,7
C125,P162,Toys,177.0,1,0,0,7
C125,P57,Books,60.0,2,1,1,7
C125,P131,Toys,65.0,1,0,0,7
C125,P97,Books,107.0,1,0,0,7
C125,P30,Books,155.0,0,0,0,7
C125,P128,Fashion,122.0,0,0,0,7
C125,P20,Sports,33.0,5,3,2,7
C125,P50,Books,116.0,0,0,0,7
C125,P46,Books,116.0,2,1,1,7
C125,P192,Electronics,94.0,1,1,1,7
C125,P0,Fashion,103.0,1,0,0,7
C126,P107,Sports,170.0,1,0,0,5
C126,P178,Electronics,46.0,2,1,0,5
C126,P137,Sports,44.0,2,1,0,5
C126,P52,Toys,33.0,2,2,1,5
C126,P186,Fashion,190.0,1,1,0,5
C126,P158,Fashion,156.0,3,2,0,5
C126,P121,Toys,81.0,8,4,3,5
C126,P182,Electronics,144.0,0,0,0,5
C126,P109,Books,29.0,1,1,1,5
C126,P58,Toys,39.0,3,2,1,5
C126,P94,Sports,180.0,2,1,0,5
C126,P176,Books,50.0,1,0,0,5
C126,P47,Sports,76.0,1,1,1,5
C126,P162,Toys,177.0,0,0,0,5
C126,P155,Sports,101.0,0,0,0,5
C126,P39,Toys,93.0,1,0,0,5
C126,P135,Electronics,188.0,0,0,0,5
C126,P173,Sports,199.0,0,0,0,5
C126,P33,Books,78.0,1,1,1,5
C126,P25,Toys,55.0,3,2,2,5
C126,P59,Sports,66.0,0,0,0,5
C126,P198,Books,78.0,2,0,0,5
C126,P88,Toys,183.0,0,0,0,5
C126,P83,Sports,100.0,1,0,0,5
C126,P115,Sports,81.0,0,0,0,5
C126,P6,Sports,66.0,0,0,0,5
C126,P142,Books,163.0,1,1,1,5
C126,P116,Sports,188.0,0,0,0,5
C126,P148,Fashion,71.0,0,0,0,5
C126,P196,Electronics,159.0,0,0,0,5
C127,P71,Sports,153.0,0,0,0,9
C127,P158,Fashion,156.0,0,0,0,9
C127,P31,Fashion,30.0,2,1,1,9
C127,P88,Toys,183.0,4,1,1,9
C127,P6,Sports,66.0,1,0,0,9
C127,P187,Books,153.0,1,1,1,9
C127,P5,Books,174.0,2,1,1,9
C127,P68,Toys,35.0,5,3,2,9
C127,P24,Sports,180.0,0,0,0,9
C127,P99,Sports,34.0,2,1,0,9
C127,P170,Toys,158.0,3,2,2,9
C127,P116,Sports,188.0,0,0,0,9
C127,P79,Books,102.0,2,1,0,9
C127,P23,Fashion,19.0,1,1,1,9
C127,P26,Fashion,184.0,1,0,0,9
C127,P110,Fashion,193.0,1,1,1,9
C127,P29,Toys,141.0,0,0,0,9
C127,P60,Fashion,144.0,0,0,0,9
C127,P105,Books,62.0,0,0,0,9
C127,P188,Electronics,81.0,0,0,0,9
C127,P148,Fashion,71.0,0,0,0,9
C127,P37,Toys,134.0,0,0,0,9
C127,P64,Fashion,31.0,3,1,0,9
C127,P82,Electronics,22.0,0,0,0,9
C127,P15,Fashion,43.0,1,0,0,9
C127,P101,Electronics,193.0,0,0,0,9
C127,P63,Books,117.0,3,1,1,9
C127,P128,Fashion,122.0,1,0,0,9
C127,P111,Books,148.0,0,0,0,9
C127,P136,Sports,192.0,1,0,0,9
C128,P173,Sports,199.0,0,0,0,2
C128,P98,Fashion,182.0,0,0,0,2
C128,P7,Sports,128.0,1,0,0,2
C128,P130,Sports,109.0,1,1,1,2
C128,P162,Toys,177.0,1,0,0,2
C128,P181,Electronics,162.0,0,0,0,2
C128,P14,Toys,175.0,0,0,0,2
C128,P9,Toys,163.0,0,0,0,2
C128,P114,Electronics,184.0,3,2,1,2
C128,P161,Electronics,150.0,1,0,0,2
C128,P109,Books,29.0,1,1,1,2
C128,P113,Sports,41.0,0,0,0,2
C128,P123,Books,195.0,0,0,0,2
C128,P62,Toys,184.0,0,0,0,2
C128,P80,Fashion,114.0,0,0,0,2
C128,P21,Electronics,55.0,1,0,0,2
C128,P61,Fashion,66.0,2,1,1,2
C128,P121,Toys,81.0,1,0,0,2
C128,P44,Fashion,141.0,1,0,0,2
C128,P78,Toys,74.0,0,0,0,2
C128,P39,Toys,93.0,0,0,0,2
C128,P199,Electronics,48.0,6,3,3,2
C128,P31,Fashion,30.0,2,1,1,2
C128,P178,Electronics,46.0,0,0,0,2
C128,P136,Sports,192.0,0,0,0,2
C128,P65,Electronics,194.0,1,0,0,2
C128,P38,Fashion,116.0,0,0,0,2
C128,P124,Sports,7.0,0,0,0,2
C128,P81,Electronics,20.0,4,2,2,2
C128,P87,Toys,30.0,3,1,1,2
C129,P192,Electronics,94.0,0,0,0,0
C129,P101,Electronics,193.0,1,0,0,0
C129,P79,Books,102.0,0,0,0,0
C129,P167,Toys,181.0,1,1,1,0
C129,P58,Toys,39.0,0,0,0,0
C129,P99,Sports,34.0,2,2,1,0
C129,P197,Toys,29.0,1,1,1,0
C129,P181,Electronics,162.0,0,0,0,0
C129,P151,Books,103.0,0,0,0,0
C129,P5,Books,174.0,0,0,0,0
C129,P157,Sports,194.0,0,0,0,0
C129,P161,Electronics,150.0,0,0,0,0
C129,P50,Books,116.0,0,0,0,0
C129,P64,Fashion,31.0,2,1,1,0
C129,P44,Fashion,141.0,0,0,0,0
C129,P95,Electronics,154.0,0,0,0,0
C129,P93,Fashion,62.0,0,0,0,0
C129,P141,Books,152.0,0,0,0,0
C129,P46,Books,116.0,0,0,0,0
C129,P176,Books,50.0,0,0,0,0
C129,P52,Toys,33.0,1,0,0,0
C129,P85,Fashion,46.0,1,0,0,0
C129,P90,Fashion,58.0,3,1,1,0
C129,P142,Books,163.0,0,0,0,0
C129,P124,Sports,7.0,0,0,0,0
C129,P108,Toys,161.0,2,0,0,0
C129,P171,Books,64.0,2,1,1,0
C129,P81,Electronics,20.0,0,0,0,0
C129,P136,Sports,192.0,0,0,0,0
C129,P127,Electronics,140.0,0,0,0,0
C130,P133,Toys,82.0,5,2,2,7
C130,P122,Sports,195.0,0,0,0,7
C130,P156,Sports,121.0,0,0,0,7
C130,P140,Sports,135.0,0,0,0,7
C130,P195,Electronics,98.0,1,0,0,7
C130,P87,Toys,30.0,0,0,0,7
C130,P142,Books,163.0,0,0,0,7
C130,P128,Fashion,122.0,1,1,1,7
C130,P176,Books,50.0,1,1,0,7
C130,P62,Toys,184.0,2,0,0,7
C130,P98,Fashion,182.0,0,0,0,7
C130,P96,Books,159.0,0,0,0,7
C130,P103,Electronics,83.0,0,0,0,7
C130,P166,Sports,94.0,1,0,0,7
C130,P7,Sports,128.0,0,0,0,7
C130,P174,Fashion,80.0,0,0,0,7
C130,P148,Fashion,71.0,2,1,1,7
C130,P31,Fashion,30.0,0,0,0,7
C130,P4,Books,177.0,0,0,0,7
C130,P126,Toys,162.0,1,1,1,7
C130,P144,Toys,173.0,1,0,0,7
C130,P83,Sports,100.0,3,2,1,7
C130,P150,Sports,144.0,0,0,0,7
C130,P97,Books,107.0,0,0,0,7
C130,P186,Fashion,190.0,1,0,0,7
C130,P84,Toys,114.0,1,1,1,7
C130,P59,Sports,66.0,4,1,1,7
C130,P79,Books,102.0,0,0,0,7
C130,P10,Sports,57.0,2,0,0,7
C130,P170,Toys,158.0,2,0,0,7
C131,P83,Sports,100.0,0,0,0,2
C131,P146,Electronics,130.0,0,0,0,2
C131,P181,Electronics,162.0,1,0,0,2
C131,P175,Books,56.0,0,0,0,2
C131,P53,Fashion,26.0,0,0,0,2
C131,P133,Toys,82.0,3,0,0,2
C131,P55,Toys,44.0,1,0,0,2
C131,P34,Toys,18.0,5,2,1,2
C131,P196,Electronics,159.0,0,0,0,2
C131,P159,Sports,60.0,0,0,0,2
C131,P44,Fashion,141.0,0,0,0,2
C131,P62,Toys,184.0,4,2,2,2
C131,P96,Books,159.0,0,0,0,2
C131,P84,Toys,114.0,0,0,0,2
C131,P87,Toys,30.0,4,2,1,2
C131,P9,Toys,163.0,2,1,0,2
C131,P174,Fashion,80.0,0,0,0,2
C131,P138,Sports,10.0,1,1,1,2
C131,P104,Sports,147.0,0,0,0,2
C131,P123,Books,195.0,0,0,0,2
C131,P142,Books,163.0,0,0,0,2
C131,P40,Books,47.0,2,0,0,2
C131,P145,Sports,130.0,0,0,0,2
C131,P68,Toys,35.0,4,1,0,2
C131,P15,Fashion,43.0,0,0,0,2
C131,P1,Fashion,132.0,0,0,0,2
C131,P90,Fashion,58.0,1,0,0,2
C131,P86,Sports,56.0,1,0,0,2
C131,P188,Electronics,81.0,0,0,0,2
C131,P103,Electronics,83.0,2,0,0,2
C132,P173,Sports,199.0,0,0,0,5
C132,P119,Fashion,169.0,0,0,0,5
C132,P23,Fashion,19.0,0,0,0,5
C132,P153,Electronics,8.0,1,0,0,5
C132,P5,Books,174.0,0,0,0,5
C132,P129,Sports,106.0,1,1,1,5
C132,P114,Electronics,184.0,1,1,1,5
C132,P8,Toys,21.0,3,0,0,5
C132,P137,Sports,44.0,0,0,0,5
C132,P158,Fashion,156.0,0,0,0,5
C132,P12,Toys,193.0,0,0,0,5
C132,P144,Toys,173.0,0,0,0,5
C132,P139,Sports,197.0,0,0,0,5
C132,P90,Fashion,58.0,0,0,0,5
C132,P171,Books,64.0,0,0,0,5
C132,P155,Sports,101.0,1,1,1,5
C132,P160,Books,105.0,1,0,0,5
C132,P88,Toys,183.0,0,0,0,5
C132,P85,Fashion,46.0,1,0,0,5
C132,P188,Electronics,81.0,5,0,0,5
C132,P42,Books,93.0,0,0,0,5
C132,P4,Books,177.0,0,0,0,5
C132,P43,Toys,168.0,1,1,0,5
C132,P126,Toys,162.0,0,0,0,5
C132,P80,Fashion,114.0,1,0,0,5
C132,P71,Sports,153.0,0,0,0,5
C132,P98,Fashion,182.0,1,0,0,5
C132,P38,Fashion,116.0,0,0,0,5
C132,P162,Toys,177.0,0,0,0,5
C132,P125,Electronics,126.0,2,0,0,5
C133,P141,Books,152.0,0,0,0,0
C133,P101,Electronics,193.0,0,0,0,0
C133,P106,Fashion,129.0,1,0,0,0
C133,P93,Fashion,62.0,0,0,0,0
C133,P63,Books,117.0,0,0,0,0
C133,P142,Books,163.0,0,0,0,0
C133,P190,Fashion,30.0,1,0,0,0
C133,P34,Toys,18.0,1,1,1,0
C133,P125,Electronics,126.0,0,0,0,0
C133,P65,Electronics,194.0,1,0,0,0
C133,P37,Toys,134.0,1,0,0,0
C133,P71,Sports,153.0,6,3,2,0
C133,P83,Sports,100.0,1,1,1,0
C133,P27,Electronics,153.0,2,1,1,0
C133,P186,Fashion,190.0,1,0,0,0
C133,P181,Electronics,162.0,1,1,1,0
C133,P81,Electronics,20.0,1,0,0,0
C133,P89,Sports,103.0,3,0,0,0
C133,P47,Sports,76.0,2,2,1,0
C133,P97,Books,107.0,1,0,0,0
C133,P197,Toys,29.0,0,0,0,0
C133,P52,Toys,33.0,2,0,0,0
C133,P131,Toys,65.0,0,0,0,0
C133,P173,Sports,199.0,0,0,0,0
C133,P39,Toys,93.0,1,0,0,0
C133,P119,Fashion,169.0,0,0,0,0
C133,P94,Sports,180.0,1,1,1,0
C133,P58,Toys,39.0,0,0,0,0
C133,P67,Electronics,156.0,0,0,0,0
C133,P53,Fashion,26.0,2,0,0,0
C134,P0,Fashion,103.0,0,0,0,2
C134,P87,Toys,30.0,0,0,0,2
C134,P7,Sports,128.0,0,0,0,2
C134,P135,Electronics,188.0,1,1,1,2
C134,P88,Toys,183.0,0,0,0,2
C134,P1,Fashion,132.0,3,1,0,2
C134,P132,Fashion,32.0,4,2,2,2
C134,P101,Electronics,193.0,0,0,0,2
C134,P35,Fashion,87.0,2,0,0,2
C134,P10,Sports,57.0,1,0,0,2
C134,P83,Sports,100.0,0,0,0,2
C134,P128,Fashion,122.0,0,0,0,2
C134,P122,Sports,195.0,0,0,0,2
C134,P154,Fashion,42.0,1,0,0,2
C134,P163,Toys,91.0,1,0,0,2
C134,P107,Sports,170.0,0,0,0,2
C134,P48,Electronics,59.0,1,0,0,2
C134,P92,Electronics,192.0,1,1,0,2
C134,P177,Toys,170.0,0,0,0,2
C134,P17,Fashion,199.0,0,0,0,2
C134,P74,Electronics,71.0,1,0,0,2
C134,P6,Sports,66.0,3,2,1,2
C134,P64,Fashion,31.0,3,1,0,2
C134,P61,Fashion,66.0,8,4,3,2
C134,P79,Books,102.0,0,0,0,2
C134,P194,Toys,196.0,1,0,0,2
C134,P116,Sports,188.0,0,0,0,2
C134,P70,Electronics,141.0,0,0,0,2
C134,P56,Electronics,84.0,1,0,0,2
C134,P146,Electronics,130.0,0,0,0,2
C135,P74,Electronics,71.0,1,0,0,1
C135,P122,Sports,195.0,0,0,0,1
C135,P156,Sports,121.0,0,0,0,1
C135,P147,Fashion,79.0,1,1,1,1
C135,P21,Electronics,55.0,2,2,2,1
C135,P169,Sports,8.0,0,0,0,1
C135,P72,Fashion,143.0,0,0,0,1
C135,P168,Sports,79.0,1,1,1,1
C135,P108,Toys,161.0,1,0,0,1
C135,P27,Electronics,153.0,0,0,0,1
C135,P188,Electronics,81.0,1,0,0,1
C135,P95,Electronics,154.0,2,0,0,1
C135,P49,Sports,92.0,0,0,0,1
C135,P61,Fashion,66.0,1,0,0,1
C135,P138,Sports,10.0,1,0,0,1
C135,P106,Fashion,129.0,0,0,0,1
C135,P93,Fashion,62.0,0,0,0,1
C135,P159,Sports,60.0,0,0,0,1
C135,P125,Electronics,126.0,2,1,1,1
C135,P84,Toys,114.0,0,0,0,1
C135,P154,Fashion,42.0,1,1,0,1
C135,P192,Electronics,94.0,1,1,1,1
C135,P107,Sports,170.0,0,0,0,1
C135,P64,Fashion,31.0,0,0,0,1
C135,P167,Toys,181.0,0,0,0,1
C135,P144,Toys,173.0,0,0,0,1
C135,P157,Sports,194.0,0,0,0,1
C135,P190,Fashion,30.0,1,1,0,1
C135,P40,Books,47.0,2,1,1,1
C135,P96,Books,159.0,1,0,0,1
C136,P96,Books,159.0,1,0,0,6
C136,P152,Fashion,9.0,0,0,0,6
C136,P50,Books,116.0,0,0,0,6
C136,P112,Toys,141.0,1,1,0,6
C136,P3,Sports,89.0,0,0,0,6
C136,P94,Sports,180.0,0,0,0,6
C136,P72,Fashion,,0,0,0,6
C136,P74,Electronics,71.0,2,0,0,6
C136,P101,Electronics,193.0,2,1,1,6
C136,P197,Toys,29.0,1,0,0,6
C136,P142,Books,163.0,0,0,0,6
C136,P166,Sports,94.0,0,0,0,6
C136,P163,Toys,91.0,0,0,0,6
C136,P80,Fashion,114.0,1,0,0,6
C136,P43,Toys,168.0,0,0,0,6
C136,P5,Books,174.0,0,0,0,6
C136,P77,Fashion,139.0,0,0,0,6
C136,P187,Books,153.0,0,0,0,6
C136,P129,Sports,106.0,0,0,0,6
C136,P107,Sports,170.0,0,0,0,6
C136,P184,Fashion,87.0,0,0,0,6
C136,P38,Fashion,116.0,0,0,0,6
C136,P133,Toys,82.0,1,0,0,6
C136,P20,Sports,33.0,1,1,1,6
C136,P161,Electronics,150.0,3,1,1,6
C136,P89,Sports,103.0,0,0,0,6
C136,P137,Sports,44.0,0,0,0,6
C136,P65,Electronics,194.0,1,0,0,6
C136,P148,Fashion,71.0,0,0,0,6
C136,P130,Sports,109.0,0,0,0,6
C137,P185,Toys,75.0,0,0,0,8
C137,P37,Toys,134.0,1,0,0,8
C137,P15,Fashion,43.0,3,1,1,8
C137,P5,Books,174.0,1,0,0,8
C137,P120,Electronics,118.0,1,0,0,8
C137,P25,Toys,55.0,1,1,1,8
C137,P157,Sports,194.0,0,0,0,8
C137,P65,Electronics,194.0,0,0,0,8
C137,P23,Fashion,19.0,1,0,0,8
C137,P162,Toys,177.0,1,0,0,8
C137,P143,Fashion,75.0,2,2,1,8
C137,P81,Electronics,20.0,1,1,0,8
C137,P103,Electronics,83.0,0,0,0,8
C137,P132,Fashion,32.0,1,0,0,8
C137,P27,Electronics,153.0,0,0,0,8
C137,P129,Sports,106.0,1,1,0,8
C137,P124,Sports,7.0,0,0,0,8
C137,P42,Books,93.0,2,1,0,8
C137,P44,Fashion,141.0,1,1,1,8
C137,P150,Sports,144.0,0,0,0,8
C137,P60,Fashion,144.0,0,0,0,8
C137,P92,Electronics,192.0,0,0,0,8
C137,P30,Books,155.0,1,1,0,8
C137,P31,Fashion,30.0,3,2,1,8
C137,P160,Books,105.0,2,0,0,8
C137,P144,Toys,173.0,0,0,0,8
C137,P108,Toys,161.0,0,0,0,8
C137,P189,Toys,10.0,0,0,0,8
C137,P9,Toys,163.0,0,0,0,8
C137,P24,Sports,180.0,0,0,0,8
C138,P129,Sports,106.0,0,0,0,2
C138,P185,Toys,75.0,0,0,0,2
C138,P163,Toys,91.0,0,0,0,2
C138,P62,Toys,184.0,0,0,0,2
C138,P37,Toys,134.0,0,0,0,2
C138,P133,Toys,82.0,2,1,1,2
C138,P96,Books,159.0,0,0,0,2
C138,P139,Sports,197.0,0,0,0,2
C138,P98,Fashion,182.0,0,0,0,2
C138,P17,Fashion,199.0,1,0,0,2
C138,P162,Toys,177.0,0,0,0,2
C138,P63,Books,117.0,1,0,0,2
C138,P82,Electronics,22.0,1,1,1,2
C138,P170,Toys,158.0,0,0,0,2
C138,P11,Fashion,71.0,1,0,0,2
C138,P7,Sports,128.0,0,0,0,2
C138,P31,Fashion,30.0,0,0,0,2
C138,P143,Fashion,75.0,0,0,0,2
C138,P136,Sports,192.0,0,0,0,2
C138,P150,Sports,144.0,0,0,0,2
C138,P164,Electronics,144.0,0,0,0,2
C138,P28,Books,38.0,4,1,0,2
C138,P30,Books,155.0,1,1,0,2
C138,P169,Sports,8.0,2,0,0,2
C138,P141,Books,152.0,0,0,0,2
C138,P32,Sports,30.0,0,0,0,2
C138,P155,Sports,101.0,1,0,0,2
C138,P145,Sports,130.0,1,0,0,2
C138,P39,Toys,,2,1,1,2
C138,P79,Books,102.0,0,0,0,2
C139,P8,Toys,21.0,0,0,0,5
C139,P36,Sports,-1.0,3,0,0,5
C139,P138,Sports,10.0,1,0,0,5
C139,P34,Toys,18.0,2,2,1,5
C139,P89,Sports,103.0,1,0,0,5
C139,P120,Electronics,118.0,4,2,2,5
C139,P162,Toys,177.0,0,0,0,5
C139,P51,Electronics,76.0,1,1,0,5
C139,P58,Toys,39.0,3,0,0,5
C139,P177,Toys,170.0,0,0,0,5
C139,P164,Electronics,144.0,0,0,0,5
C139,P31,Fashion,30.0,1,1,0,5
C139,P142,Books,163.0,0,0,0,5
C139,P37,Toys,134.0,0,0,0,5
C139,P124,Sports,7.0,2,1,0,5
C139,P94,Sports,180.0,0,0,0,5
C139,P24,Sports,,0,0,0,5
C139,P153,Electronics,8.0,1,1,0,5
C139,P184,Fashion,87.0,5,0,0,5
C139,P165,Electronics,45.0,2,0,0,5
C139,P63,Books,117.0,1,1,1,5
C139,P77,Fashion,139.0,0,0,0,5
C139,P110,Fashion,193.0,1,0,0,5
C139,P42,Books,93.0,2,1,1,5
C139,P115,Sports,81.0,1,0,0,5
C139,P146,Electronics,130.0,1,1,0,5
C139,P178,Electronics,46.0,2,1,1,5
C139,P70,Electronics,141.0,0,0,0,5
C139,P0,Fashion,103.0,1,0,0,5
C139,P26,Fashion,184.0,1,0,0,5
C140,P102,Electronics,100.0,1,0,0,0
C140,P103,Electronics,83.0,0,0,0,0
C140,P65,Electronics,194.0,0,0,0,0
C140,P168,Sports,79.0,3,2,2,0
C140,P72,Fashion,143.0,0,0,0,0
C140,P34,Toys,18.0,0,0,0,0
C140,P94,Sports,180.0,0,0,0,0
C140,P130,Sports,109.0,2,0,0,0
C140,P22,Sports,65.0,1,0,0,0
C140,P145,Sports,130.0,4,0,0,0
C140,P53,Fashion,26.0,0,0,0,0
C140,P50,Books,116.0,1,0,0,0
C140,P81,Electronics,20.0,0,0,0,0
C140,P41,Electronics,119.0,2,0,0,0
C140,P55,Toys,44.0,1,0,0,0
C140,P49,Sports,92.0,4,2,1,0
C140,P12,Toys,193.0,0,0,0,0
C140,P108,Toys,161.0,0,0,0,0
C140,P101,Electronics,193.0,1,0,0,0
C140,P6,Sports,66.0,2,0,0,0
C140,P100,Books,22.0,0,0,0,0
C140,P63,Books,117.0,4,3,3,0
C140,P125,Electronics,126.0,0,0,0,0
C140,P47,Sports,76.0,1,1,1,0
C140,P164,Electronics,144.0,2,1,1,0
C140,P159,Sports,60.0,4,1,0,0
C140,P181,Electronics,162.0,2,2,1,0
C140,P116,Sports,188.0,1,0,0,0
C140,P83,Sports,100.0,2,0,0,0
C140,P16,Electronics,152.0,0,0,0,0
C141,P73,Books,121.0,1,0,0,4
C141,P144,Toys,173.0,0,0,0,4
C141,P188,Electronics,81.0,0,0,0,4
C141,P26,Fashion,184.0,1,1,0,4
C141,P119,Fashion,169.0,1,1,1,4
C141,P197,Toys,29.0,1,1,1,4
C141,P180,Books,51.0,0,0,0,4
C141,P101,Electronics,193.0,0,0,0,4
C141,P135,Electronics,188.0,0,0,0,4
C141,P54,Sports,13.0,6,0,0,4
C141,P0,Fashion,103.0,1,1,1,4
C141,P2,Electronics,36.0,3,1,1,4
C141,P172,Electronics,90.0,0,0,0,4
C141,P72,Fashion,143.0,1,0,0,4
C141,P89,Sports,103.0,1,0,0,4
C141,P80,Fashion,114.0,0,0,0,4
C141,P3,Sports,89.0,1,0,0,4
C141,P147,Fashion,79.0,1,1,1,4
C141,P64,Fashion,31.0,1,0,0,4
C141,P90,Fashion,58.0,2,1,1,4
C141,P75,Fashion,183.0,0,0,0,4
C141,P154,Fashion,42.0,2,2,1,4
C141,P37,Toys,134.0,0,0,0,4
C141,P183,Books,127.0,2,0,0,4
C141,P136,Sports,192.0,1,0,0,4
C141,P70,Electronics,141.0,0,0,0,4
C141,P181,Electronics,162.0,0,0,0,4
C141,P63,Books,117.0,0,0,0,4
C141,P109,Books,29.0,0,0,0,4
C141,P163,Toys,91.0,0,0,0,4
C142,P72,Fashion,143.0,0,0,0,0
C142,P149,Fashion,79.0,0,0,0,0
C142,P74,Electronics,71.0,1,1,1,0
C142,P11,Fashion,71.0,1,0,0,0
C142,P190,Fashion,30.0,1,1,1,0
C142,P93,Fashion,62.0,2,0,0,0
C142,P29,Toys,141.0,0,0,0,0
C142,P140,Sports,135.0,0,0,0,0
C142,P21,Electronics,55.0,3,2,0,0
C142,P61,Fashion,66.0,0,0,0,0
C142,P126,Toys,162.0,0,0,0,0
C142,P18,Books,20.0,0,0,0,0
C142,P88,Toys,183.0,1,1,1,0
C142,P178,Electronics,46.0,2,1,1,0
C142,P40,Books,47.0,0,0,0,0
C142,P197,Toys,29.0,0,0,0,0
C142,P145,Sports,130.0,3,2,2,0
C142,P116,Sports,188.0,0,0,0,0
C142,P51,Electronics,76.0,0,0,0,0
C142,P69,Electronics,159.0,0,0,0,0
C142,P128,Fashion,122.0,0,0,0,0
C142,P22,Sports,65.0,2,0,0,0
C142,P165,Electronics,45.0,1,0,0,0
C142,P123,Books,195.0,1,1,0,0
C142,P35,Fashion,87.0,0,0,0,0
C142,P46,Books,116.0,0,0,0,0
C142,P47,Sports,76.0,1,0,0,0
C142,P147,Fashion,79.0,4,2,2,0
C142,P107,Sports,170.0,1,0,0,0
C142,P135,Electronics,188.0,0,0,0,0
C143,P188,Electronics,81.0,0,0,0,2
C143,P147,Fashion,79.0,2,1,1,2
C143,P35,Fashion,87.0,0,0,0,2
C143,P23,Fashion,19.0,2,0,0,2
C143,P30,Books,155.0,1,1,0,2
C143,P2,Electronics,36.0,0,0,0,2
C143,P22,Sports,65.0,2,2,2,2
C143,P98,Fashion,182.0,0,0,0,2
C143,P194,Toys,196.0,0,0,0,2
C143,P152,Fashion,9.0,1,0,0,2
C143,P85,Fashion,46.0,1,0,0,2
C143,P72,Fashion,143.0,0,0,0,2
C143,P139,Sports,197.0,0,0,0,2
C143,P178,Electronics,46.0,1,0,0,2
C143,P163,Toys,91.0,1,1,1,2
C143,P25,Toys,55.0,3,2,2,2
C143,P144,Toys,173.0,1,1,1,2
C143,P189,Toys,10.0,4,2,0,2
C143,P60,Fashion,144.0,1,1,0,2
C143,P179,Toys,123.0,2,1,1,2
C143,P102,Electronics,100.0,0,0,0,2
C143,P75,Fashion,183.0,1,0,0,2
C143,P145,Sports,130.0,2,1,0,2
C143,P133,Toys,82.0,3,0,0,2
C143,P162,Toys,177.0,3,1,1,2
C143,P136,Sports,192.0,0,0,0,2
C143,P15,Fashion,43.0,0,0,0,2
C143,P10,Sports,57.0,0,0,0,2
C143,P190,Fashion,30.0,1,1,0,2
C143,P117,Sports,50.0,2,1,1,2
C144,P80,Fashion,114.0,1,1,1,8
C144,P42,Books,93.0,0,0,0,8
C144,P165,Electronics,45.0,1,0,0,8
C144,P22,Sports,65.0,1,0,0,8
C144,P169,Sports,8.0,1,0,0,8
C144,P153,Electronics,8.0,0,0,0,8
C144,P104,Sports,147.0,2,1,0,8
C144,P52,Toys,33.0,1,0,0,8
C144,P26,Fashion,184.0,0,0,0,8
C144,P152,Fashion,9.0,3,2,1,8
C144,P24,Sports,180.0,1,0,0,8
C144,P67,Electronics,156.0,0,0,0,8
C144,P119,Fashion,169.0,1,0,0,8
C144,P186,Fashion,190.0,1,0,0,8
C144,P136,Sports,192.0,1,0,0,8
C144,P58,Toys,39.0,0,0,0,8
C144,P89,Sports,103.0,2,1,0,8
C144,P187,Books,153.0,0,0,0,8
C144,P57,Books,60.0,1,1,1,8
C144,P157,Sports,194.0,2,1,1,8
C144,P100,Books,22.0,0,0,0,8
C144,P82,Electronics,22.0,0,0,0,8
C144,P8,Toys,21.0,1,0,0,8
C144,P15,Fashion,43.0,2,1,1,8
C144,P121,Toys,81.0,2,1,1,8
C144,P151,Books,103.0,0,0,0,8
C144,P49,Sports,92.0,1,0,0,8
C144,P131,Toys,65.0,1,1,1,8
C144,P79,Books,102.0,0,0,0,8
C144,P185,Toys,75.0,0,0,0,8
C145,P131,Toys,65.0,0,0,0,4
C145,P156,Sports,121.0,0,0,0,4
C145,P30,Books,155.0,0,0,0,4
C145,P106,Fashion,129.0,1,0,0,4
C145,P78,Toys,74.0,0,0,0,4
C145,P84,Toys,114.0,0,0,0,4
C145,P43,Toys,168.0,0,0,0,4
C145,P146,Electronics,130.0,1,0,0,4
C145,P68,Toys,35.0,0,0,0,4
C145,P148,Fashion,71.0,0,0,0,4
C145,P138,Sports,10.0,2,2,0,4
C145,P63,Books,117.0,1,0,0,4
C145,P118,Toys,23.0,0,0,0,4
C145,P64,Fashion,31.0,0,0,0,4
C145,P196,Electronics,159.0,0,0,0,4
C145,P102,Electronics,100.0,0,0,0,4
C145,P100,Books,22.0,0,0,0,4
C145,P189,Toys,10.0,0,0,0,4
C145,P93,Fashion,62.0,0,0,0,4
C145,P194,Toys,196.0,0,0,0,4
C145,P166,Sports,94.0,0,0,0,4
C145,P173,Sports,199.0,1,0,0,4
C145,P8,Toys,21.0,0,0,0,4
C145,P26,Fashion,184.0,0,0,0,4
C145,P89,Sports,103.0,0,0,0,4
C145,P171,Books,64.0,1,1,1,4
C145,P113,Sports,41.0,0,0,0,4
C145,P197,Toys,29.0,0,0,0,4
C145,P184,Fashion,87.0,1,0,0,4
C145,P111,Books,148.0,1,0,0,4
C146,P118,Toys,23.0,1,1,1,3
C146,P16,Electronics,152.0,1,1,1,3
C146,P45,Fashion,146.0,0,0,0,3
C146,P107,Sports,170.0,0,0,0,3
C146,P156,Sports,121.0,1,0,0,3
C146,P58,Toys,39.0,2,2,2,3
C146,P76,Sports,196.0,2,1,1,3
C146,P47,Sports,76.0,1,0,0,3
C146,P167,Toys,181.0,0,0,0,3
C146,P166,Sports,94.0,0,0,0,3
C146,P129,Sports,106.0,2,0,0,3
C146,P67,Electronics,156.0,0,0,0,3
C146,P150,Sports,144.0,1,0,0,3
C146,P160,Books,105.0,1,0,0,3
C146,P12,Toys,193.0,0,0,0,3
C146,P106,Fashion,129.0,2,0,0,3
C146,P152,Fashion,9.0,4,0,0,3
C146,P193,Books,77.0,0,0,0,3
C146,P115,Sports,81.0,0,0,0,3
C146,P178,Electronics,46.0,0,0,0,3
C146,P64,Fashion,31.0,1,1,1,3
C146,P71,Sports,153.0,2,1,0,3
C146,P132,Fashion,32.0,2,2,2,3
C146,P53,Fashion,26.0,2,0,0,3
C146,P163,Toys,91.0,2,0,0,3
C146,P97,Books,107.0,0,0,0,3
C146,P120,Electronics,118.0,0,0,0,3
C146,P90,Fashion,58.0,1,1,1,3
C146,P38,Fashion,116.0,2,1,1,3
C146,P27,Electronics,153.0,1,1,1,3
C147,P55,Toys,44.0,1,1,1,5
C147,P111,Books,148.0,0,0,0,5
C147,P108,Toys,161.0,1,0,0,5
C147,P53,Fashion,26.0,0,0,0,5
C147,P137,Sports,44.0,0,0,0,5
C147,P46,Books,116.0,1,1,1,5
C147,P155,Sports,101.0,0,0,0,5
C147,P58,Toys,39.0,1,1,1,5
C147,P123,Books,195.0,1,0,0,5
C147,P41,Electronics,119.0,0,0,0,5
C147,P148,Fashion,71.0,0,0,0,5
C147,P130,Sports,109.0,0,0,0,5
C147,P81,Electronics,20.0,6,2,2,5
C147,P100,Books,22.0,1,1,1,5
C147,P121,Toys,81.0,0,0,0,5
C147,P180,Books,51.0,0,0,0,5
C147,P112,Toys,141.0,0,0,0,5
C147,P26,Fashion,184.0,1,1,1,5
C147,P67,Electronics,156.0,1,1,1,5
C147,P44,Fashion,141.0,0,0,0,5
C147,P65,Electronics,194.0,0,0,0,5
C147,P144,Toys,173.0,0,0,0,5
C147,P152,Fashion,9.0,0,0,0,5
C147,P146,Electronics,130.0,0,0,0,5
C147,P47,Sports,76.0,0,0,0,5
C147,P98,Fashion,182.0,0,0,0,5
C147,P8,Toys,21.0,2,1,1,5
C147,P85,Fashion,46.0,1,0,0,5
C147,P106,Fashion,129.0,0,0,0,5
C147,P57,Books,60.0,0,0,0,5
C148,P160,Books,105.0,1,0,0,4
C148,P187,Books,153.0,0,0,0,4
C148,P164,Electronics,144.0,1,1,1,4
C148,P124,Sports,7.0,1,0,0,4
C148,P141,Books,,4,1,1,4
C148,P105,Books,62.0,0,0,0,4
C148,P22,Sports,65.0,1,0,0,4
C148,P111,Books,148.0,1,0,0,4
C148,P45,Fashion,146.0,0,0,0,4
C148,P48,Electronics,59.0,3,1,1,4
C148,P133,Toys,82.0,0,0,0,4
C148,P109,Books,29.0,2,1,1,4
C148,P78,Toys,74.0,0,0,0,4
C148,P184,Fashion,87.0,3,0,0,4
C148,P58,Toys,39.0,0,0,0,4
C148,P152,Fashion,9.0,0,0,0,4
C148,P93,Fashion,62.0,4,1,1,4
C148,P150,Sports,144.0,0,0,0,4
C148,P102,Electronics,100.0,1,0,0,4
C148,P180,Books,51.0,1,0,0,4
C148,P185,Toys,75.0,2,1,1,4
C148,P163,Toys,91.0,2,1,0,4
C148,P158,Fashion,156.0,1,0,0,4
C148,P137,Sports,44.0,0,0,0,4
C148,P112,Toys,141.0,1,0,0,4
C148,P87,Toys,30.0,0,0,0,4
C148,P176,Books,50.0,2,0,0,4
C148,P190,Fashion,30.0,6,3,2,4
C148,P144,Toys,173.0,1,0,0,4
C148,P20,Sports,33.0,4,2,1,4
C149,P69,Electronics,159.0,2,0,0,5
C149,P178,Electronics,46.0,0,0,0,5
C149,P150,Sports,144.0,1,1,1,5
C149,P101,Electronics,193.0,0,0,0,5
C149,P7,Sports,128.0,0,0,0,5
C149,P66,Fashion,176.0,0,0,0,5
C149,P177,Toys,170.0,2,0,0,5
C149,P111,Books,148.0,1,0,0,5
C149,P30,Books,155.0,0,0,0,5
C149,P45,Fashion,146.0,1,0,0,5
C149,P133,Toys,82.0,3,0,0,5
C149,P199,Electronics,48.0,0,0,0,5
C149,P108,Toys,161.0,2,0,0,5
C149,P168,Sports,79.0,2,0,0,5
C149,P91,Fashion,158.0,0,0,0,5
C149,P49,Sports,92.0,1,0,0,5
C149,P21,Electronics,55.0,0,0,0,5
C149,P18,Books,20.0,1,0,0,5
C149,P128,Fashion,122.0,0,0,0,5
C149,P9,Toys,163.0,3,1,1,5
C149,P24,Sports,180.0,1,0,0,5
C149,P155,Sports,101.0,1,0,0,5
C149,P33,Books,78.0,1,1,1,5
C149,P198,Books,78.0,0,0,0,5
C149,P110,Fashion,193.0,2,1,1,5
C149,P179,Toys,123.0,2,1,1,5
C149,P100,Books,22.0,0,0,0,5
C149,P145,Sports,130.0,1,0,0,5
C149,P26,Fashion,184.0,1,1,0,5
C149,P11,Fashion,71.0,0,0,0,5
C150,P1,Fashion,132.0,0,0,0,4
C150,P113,Sports,41.0,0,0,0,4
C150,P110,Fashion,193.0,0,0,0,4
C150,P175,Books,56.0,1,0,0,4
C150,P176,Books,50.0,4,3,1,4
C150,P48,Electronics,59.0,1,0,0,4
C150,P173,Sports,199.0,0,0,0,4
C150,P4,Books,177.0,0,0,0,4
C150,P40,Books,47.0,4,1,1,4
C150,P154,Fashion,42.0,4,1,1,4
C150,P129,Sports,106.0,0,0,0,4
C150,P76,Sports,196.0,0,0,0,4
C150,P0,Fashion,103.0,0,0,0,4
C150,P126,Toys,162.0,0,0,0,4
C150,P153,Electronics,8.0,1,1,1,4
C150,P119,Fashion,169.0,0,0,0,4
C150,P194,Toys,196.0,1,0,0,4
C150,P146,Electronics,130.0,1,0,0,4
C150,P65,Electronics,194.0,1,0,0,4
C150,P128,Fashion,122.0,1,0,0,4
C150,P49,Sports,92.0,0,0,0,4
C150,P67,Electronics,156.0,0,0,0,4
C150,P164,Electronics,144.0,0,0,0,4
C150,P156,Sports,121.0,0,0,0,4
C150,P162,Toys,177.0,0,0,0,4
C150,P120,Electronics,118.0,0,0,0,4
C150,P95,Electronics,154.0,0,0,0,4
C150,P26,Fashion,184.0,0,0,0,4
C150,P155,Sports,101.0,1,1,1,4
C150,P61,Fashion,66.0,0,0,0,4
C151,P18,Books,20.0,3,2,1,0
C151,P115,Sports,81.0,3,1,1,0
C151,P74,Electronics,71.0,1,0,0,0
C151,P11,Fashion,71.0,4,0,0,0
C151,P39,Toys,93.0,0,0,0,0
C151,P118,Toys,23.0,1,0,0,0
C151,P81,Electronics,,2,2,1,0
C151,P79,Books,102.0,2,1,1,0
C151,P160,Books,105.0,1,1,1,0
C151,P20,Sports,33.0,1,1,1,0
C151,P158,Fashion,156.0,1,1,1,0
C151,P23,Fashion,19.0,4,2,1,0
C151,P112,Toys,141.0,0,0,0,0
C151,P151,Books,103.0,3,0,0,0
C151,P116,Sports,188.0,0,0,0,0
C151,P61,Fashion,66.0,4,1,1,0
C151,P26,Fashion,184.0,0,0,0,0
C151,P42,Books,93.0,1,1,0,0
C151,P100,Books,22.0,1,0,0,0
C151,P76,Sports,196.0,0,0,0,0
C151,P49,Sports,92.0,2,1,1,0
C151,P57,Books,60.0,1,0,0,0
C151,P194,Toys,196.0,0,0,0,0
C151,P168,Sports,79.0,1,1,1,0
C151,P59,Sports,66.0,1,1,1,0
C151,P5,Books,174.0,0,0,0,0
C151,P190,Fashion,30.0,5,2,2,0
C151,P78,Toys,74.0,1,1,0,0
C151,P104,Sports,147.0,0,0,0,0
C151,P91,Fashion,158.0,0,0,0,0
C152,P4,Books,177.0,0,0,0,4
C152,P148,Fashion,71.0,3,2,2,4
C152,P28,Books,38.0,2,1,1,4
C152,P32,Sports,30.0,0,0,0,4
C152,P60,Fashion,144.0,3,0,0,4
C152,P175,Books,56.0,3,3,1,4
C152,P158,Fashion,156.0,3,2,2,4
C152,P83,Sports,100.0,0,0,0,4
C152,P50,Books,116.0,1,0,0,4
C152,P63,Books,117.0,1,0,0,4
C152,P160,Books,105.0,0,0,0,4
C152,P96,Books,159.0,1,0,0,4
C152,P140,Sports,135.0,0,0,0,4
C152,P123,Books,195.0,1,0,0,4
C152,P26,Fashion,184.0,2,0,0,4
C152,P182,Electronics,144.0,1,1,1,4
C152,P78,Toys,74.0,2,0,0,4
C152,P10,Sports,57.0,1,1,1,4
C152,P136,Sports,192.0,0,0,0,4
C152,P94,Sports,180.0,2,0,0,4
C152,P80,Fashion,114.0,3,3,1,4
C152,P125,Electronics,126.0,0,0,0,4
C152,P20,Sports,33.0,2,0,0,4
C152,P192,Electronics,94.0,0,0,0,4
C152,P135,Electronics,188.0,2,0,0,4
C152,P183,Books,127.0,0,0,0,4
C152,P100,Books,22.0,0,0,0,4
C152,P74,Electronics,71.0,1,1,1,4
C152,P109,Books,29.0,0,0,0,4
C152,P106,Fashion,129.0,2,1,1,4
C153,P147,Fashion,79.0,0,0,0,9
C153,P196,Electronics,159.0,1,1,1,9
C153,P42,Books,93.0,1,0,0,9
C153,P92,Electronics,192.0,0,0,0,9
C153,P174,Fashion,80.0,1,0,0,9
C153,P3,Sports,89.0,0,0,0,9
C153,P11,Fashion,71.0,1,0,0,9
C153,P64,Fashion,31.0,0,0,0,9
C153,P19,Books,52.0,0,0,0,9
C153,P154,Fashion,42.0,0,0,0,9
C153,P63,Books,117.0,0,0,0,9
C153,P58,Toys,39.0,0,0,0,9
C153,P186,Fashion,190.0,0,0,0,9
C153,P17,Fashion,199.0,0,0,0,9
C153,P156,Sports,121.0,0,0,0,9
C153,P121,Toys,81.0,3,1,1,9
C153,P173,Sports,199.0,1,0,0,9
C153,P139,Sports,197.0,1,0,0,9
C153,P182,Electronics,144.0,0,0,0,9
C153,P21,Electronics,55.0,3,0,0,9
C153,P60,Fashion,144.0,0,0,0,9
C153,P138,Sports,10.0,3,1,1,9
C153,P111,Books,148.0,0,0,0,9
C153,P79,Books,102.0,0,0,0,9
C153,P135,Electronics,188.0,2,1,1,9
C153,P130,Sports,109.0,2,0,0,9
C153,P10,Sports,57.0,1,0,0,9
C153,P47,Sports,76.0,2,1,1,9
C153,P100,Books,22.0,0,0,0,9
C153,P91,Fashion,158.0,0,0,0,9
C154,P175,Books,56.0,2,0,0,6
C154,P3,Sports,89.0,1,0,0,6
C154,P140,Sports,135.0,0,0,0,6
C154,P164,Electronics,144.0,0,0,0,6
C154,P144,Toys,173.0,1,0,0,6
C154,P136,Sports,192.0,0,0,0,6
C154,P88,Toys,183.0,0,0,0,6
C154,P64,Fashion,31.0,2,2,0,6
C154,P126,Toys,162.0,0,0,0,6
C154,P85,Fashion,46.0,0,0,0,6
C154,P6,Sports,66.0,0,0,0,6
C154,P22,Sports,65.0,0,0,0,6
C154,P60,Fashion,144.0,4,0,0,6
C154,P152,Fashion,9.0,1,0,0,6
C154,P69,Electronics,159.0,0,0,0,6
C154,P74,Electronics,71.0,1,1,1,6
C154,P29,Toys,141.0,1,1,1,6
C154,P187,Books,153.0,0,0,0,6
C154,P177,Toys,170.0,0,0,0,6
C154,P12,Toys,193.0,0,0,0,6
C154,P73,Books,121.0,0,0,0,6
C154,P171,Books,64.0,0,0,0,6
C154,P192,Electronics,94.0,0,0,0,6
C154,P38,Fashion,116.0,3,1,0,6
C154,P132,Fashion,32.0,2,0,0,6
C154,P137,Sports,44.0,1,0,0,6
C154,P68,Toys,35.0,0,0,0,6
C154,P133,Toys,82.0,0,0,0,6
C154,P49,Sports,92.0,2,0,0,6
C154,P162,Toys,177.0,0,0,0,6
C155,P48,Electronics,59.0,1,0,0,3
C155,P101,Electronics,193.0,0,0,0,3
C155,P128,Fashion,122.0,1,0,0,3
C155,P63,Books,117.0,0,0,0,3
C155,P24,Sports,-1.0,0,0,0,3
C155,P98,Fashion,182.0,2,1,1,3
C155,P73,Books,121.0,1,0,0,3
C155,P17,Fashion,199.0,0,0,0,3
C155,P198,Books,78.0,0,0,0,3
C155,P40,Books,47.0,0,0,0,3
C155,P196,Electronics,159.0,0,0,0,3
C155,P8,Toys,21.0,4,1,1,3
C155,P135,Electronics,188.0,1,0,0,3
C155,P173,Sports,199.0,0,0,0,3
C155,P44,Fashion,141.0,0,0,0,3
C155,P105,Books,62.0,1,0,0,3
C155,P146,Electronics,130.0,1,1,1,3
C155,P28,Books,38.0,0,0,0,3
C155,P158,Fashion,156.0,0,0,0,3
C155,P94,Sports,180.0,0,0,0,3
C155,P132,Fashion,32.0,2,1,1,3
C155,P118,Toys,23.0,3,3,3,3
C155,P168,Sports,79.0,0,0,0,3
C155,P51,Electronics,76.0,0,0,0,3
C155,P50,Books,116.0,0,0,0,3
C155,P194,Toys,196.0,0,0,0,3
C155,P149,Fashion,79.0,0,0,0,3
C155,P49,Sports,92.0,1,0,0,3
C155,P171,Books,64.0,2,0,0,3
C155,P14,Toys,175.0,0,0,0,3
C156,P22,Sports,65.0,1,0,0,0
C156,P129,Sports,106.0,1,0,0,0
C156,P71,Sports,153.0,1,0,0,0
C156,P199,Electronics,48.0,0,0,0,0
C156,P2,Electronics,36.0,2,1,0,0
C156,P107,Sports,170.0,1,0,0,0
C156,P39,Toys,93.0,1,1,1,0
C156,P21,Electronics,55.0,1,1,1,0
C156,P9,Toys,163.0,1,1,1,0
C156,P158,Fashion,156.0,0,0,0,0
C156,P80,Fashion,114.0,3,1,1,0
C156,P179,Toys,123.0,2,1,1,0
C156,P109,Books,29.0,0,0,0,0
C156,P23,Fashion,19.0,5,0,0,0
C156,P81,Electronics,20.0,1,0,0,0
C156,P188,Electronics,81.0,1,0,0,0
C156,P41,Electronics,119.0,2,1,1,0
C156,P137,Sports,44.0,1,0,0,0
C156,P97,Books,107.0,1,0,0,0
C156,P28,Books,38.0,1,0,0,0
C156,P24,Sports,180.0,0,0,0,0
C156,P46,Books,116.0,0,0,0,0
C156,P161,Electronics,150.0,1,0,0,0
C156,P12,Toys,193.0,0,0,0,0
C156,P156,Sports,121.0,0,0,0,0
C156,P178,Electronics,46.0,1,1,1,0
C156,P72,Fashion,143.0,0,0,0,0
C156,P20,Sports,33.0,0,0,0,0
C156,P100,Books,22.0,1,0,0,0
C156,P52,Toys,33.0,1,1,0,0
C157,P6,Sports,66.0,0,0,0,8
C157,P170,Toys,158.0,1,1,1,8
C157,P75,Fashion,183.0,2,0,0,8
C157,P100,Books,22.0,0,0,0,8
C157,P154,Fashion,42.0,5,1,1,8
C157,P25,Toys,55.0,0,0,0,8
C157,P82,Electronics,22.0,2,1,0,8
C157,P73,Books,121.0,0,0,0,8
C157,P178,Electronics,46.0,0,0,0,8
C157,P69,Electronics,159.0,0,0,0,8
C157,P65,Electronics,194.0,0,0,0,8
C157,P172,Electronics,90.0,0,0,0,8
C157,P47,Sports,76.0,1,1,0,8
C157,P153,Electronics,8.0,0,0,0,8
C157,P74,Electronics,71.0,0,0,0,8
C157,P37,Toys,134.0,0,0,0,8
C157,P166,Sports,94.0,0,0,0,8
C157,P116,Sports,188.0,1,1,0,8
C157,P88,Toys,183.0,0,0,0,8
C157,P60,Fashion,144.0,1,1,1,8
C157,P132,Fashion,32.0,5,1,1,8
C157,P123,Books,195.0,1,0,0,8
C157,P105,Books,62.0,0,0,0,8
C157,P55,Toys,44.0,1,1,0,8
C157,P110,Fashion,193.0,0,0,0,8
C157,P89,Sports,103.0,0,0,0,8
C157,P90,Fashion,58.0,1,0,0,8
C157,P165,Electronics,45.0,0,0,0,8
C157,P129,Sports,106.0,0,0,0,8
C157,P61,Fashion,66.0,1,1,1,8
C158,P159,Sports,60.0,0,0,0,1
C158,P33,Books,78.0,0,0,0,1
C158,P160,Books,105.0,0,0,0,1
C158,P150,Sports,144.0,1,1,1,1
C158,P157,Sports,194.0,1,1,0,1
C158,P108,Toys,161.0,0,0,0,1
C158,P138,Sports,10.0,3,1,1,1
C158,P78,Toys,74.0,0,0,0,1
C158,P64,Fashion,31.0,4,2,1,1
C158,P172,Electronics,90.0,0,0,0,1
C158,P29,Toys,141.0,0,0,0,1
C158,P135,Electronics,188.0,1,1,1,1
C158,P55,Toys,44.0,0,0,0,1
C158,P76,Sports,196.0,0,0,0,1
C158,P111,Books,148.0,0,0,0,1
C158,P120,Electronics,118.0,0,0,0,1
C158,P124,Sports,7.0,4,2,0,1
C158,P152,Fashion,9.0,4,1,0,1
C158,P129,Sports,106.0,1,1,0,1
C158,P132,Fashion,32.0,1,1,1,1
C158,P182,Electronics,144.0,0,0,0,1
C158,P44,Fashion,141.0,1,0,0,1
C158,P105,Books,62.0,0,0,0,1
C158,P66,Fashion,176.0,0,0,0,1
C158,P104,Sports,147.0,1,0,0,1
C158,P125,Electronics,126.0,0,0,0,1
C158,P115,Sports,81.0,0,0,0,1
C158,P123,Books,195.0,1,1,0,1
C158,P109,Books,29.0,1,0,0,1
C158,P156,Sports,121.0,0,0,0,1
C159,P30,Books,155.0,0,0,0,4
C159,P38,Fashion,116.0,0,0,0,4
C159,P161,Electronics,150.0,2,0,0,4
C159,P144,Toys,173.0,0,0,0,4
C159,P111,Books,148.0,0,0,0,4
C159,P106,Fashion,129.0,2,2,2,4
C159,P168,Sports,79.0,1,1,1,4
C159,P89,Sports,103.0,2,1,1,4
C159,P18,Books,20.0,1,0,0,4
C159,P29,Toys,141.0,1,0,0,4
C159,P187,Books,153.0,0,0,0,4
C159,P39,Toys,93.0,0,0,0,4
C159,P102,Electronics,100.0,0,0,0,4
C159,P145,Sports,130.0,1,1,1,4
C159,P196,Electronics,159.0,1,1,1,4
C159,P100,Books,22.0,5,3,1,4
C159,P49,Sports,92.0,1,1,0,4
C159,P43,Toys,168.0,1,0,0,4
C159,P188,Electronics,81.0,2,0,0,4
C159,P94,Sports,180.0,0,0,0,4
C159,P157,Sports,194.0,0,0,0,4
C159,P140,Sports,135.0,0,0,0,4
C159,P98,Fashion,182.0,0,0,0,4
C159,P19,Books,52.0,2,0,0,4
C159,P127,Electronics,140.0,1,0,0,4
C159,P2,Electronics,36.0,2,0,0,4
C159,P27,Electronics,153.0,0,0,0,4
C159,P17,Fashion,199.0,0,0,0,4
C159,P181,Electronics,162.0,0,0,0,4
C159,P37,Toys,134.0,1,1,1,4
C160,P172,Electronics,90.0,4,1,1,7
C160,P112,Toys,141.0,1,1,1,7
C160,P94,Sports,180.0,1,1,0,7
C160,P184,Fashion,87.0,2,0,0,7
C160,P124,Sports,7.0,0,0,0,7
C160,P174,Fashion,80.0,1,0,0,7
C160,P127,Electronics,140.0,2,2,2,7
C160,P115,Sports,81.0,3,1,0,7
C160,P194,Toys,196.0,1,0,0,7
C160,P74,Electronics,71.0,4,1,1,7
C160,P53,Fashion,26.0,1,0,0,7
C160,P107,Sports,170.0,0,0,0,7
C160,P143,Fashion,75.0,1,0,0,7
C160,P101,Electronics,193.0,1,1,0,7
C160,P182,Electronics,144.0,1,1,0,7
C160,P41,Electronics,119.0,4,0,0,7
C160,P24,Sports,180.0,0,0,0,7
C160,P14,Toys,175.0,2,0,0,7
C160,P27,Electronics,153.0,1,1,0,7
C160,P114,Electronics,184.0,0,0,0,7
C160,P152,Fashion,9.0,0,0,0,7
C160,P191,Fashion,92.0,1,1,0,7
C160,P125,Electronics,126.0,2,0,0,7
C160,P23,Fashion,19.0,3,2,1,7
C160,P12,Toys,193.0,0,0,0,7
C160,P161,Electronics,150.0,1,0,0,7
C160,P83,Sports,100.0,0,0,0,7
C160,P134,Electronics,140.0,3,2,2,7
C160,P117,Sports,50.0,2,1,0,7
C160,P72,Fashion,143.0,0,0,0,7
C161,P8,Toys,21.0,1,0,0,1
C161,P113,Sports,41.0,0,0,0,1
C161,P47,Sports,76.0,1,1,0,1
C161,P194,Toys,196.0,0,0,0,1
C161,P127,Electronics,140.0,1,1,0,1
C161,P6,Sports,66.0,0,0,0,1
C161,P125,Electronics,126.0,2,1,0,1
C161,P70,Electronics,141.0,2,0,0,1
C161,P133,Toys,82.0,0,0,0,1
C161,P41,Electronics,119.0,4,1,1,1
C161,P71,Sports,153.0,0,0,0,1
C161,P24,Sports,180.0,0,0,0,1
C161,P46,Books,116.0,3,3,1,1
C161,P85,Fashion,46.0,1,0,0,1
C161,P69,Electronics,159.0,0,0,0,1
C161,P162,Toys,177.0,0,0,0,1
C161,P103,Electronics,83.0,1,0,0,1
C161,P30,Books,,3,2,2,1
C161,P126,Toys,162.0,1,0,0,1
C161,P25,Toys,55.0,2,0,0,1
C161,P72,Fashion,143.0,1,0,0,1
C161,P178,Electronics,46.0,2,0,0,1
C161,P89,Sports,103.0,0,0,0,1
C161,P11,Fashion,71.0,0,0,0,1
C161,P74,Electronics,71.0,0,0,0,1
C161,P86,Sports,56.0,1,0,0,1
C161,P3,Sports,89.0,0,0,0,1
C161,P39,Toys,93.0,0,0,0,1
C161,P20,Sports,33.0,2,0,0,1
C161,P35,Fashion,87.0,3,2,1,1
C162,P59,Sports,66.0,1,0,0,2
C162,P79,Books,102.0,2,0,0,2
C162,P163,Toys,91.0,2,0,0,2
C162,P188,Electronics,81.0,1,0,0,2
C162,P131,Toys,65.0,3,2,1,2
C162,P135,Electronics,188.0,0,0,0,2
C162,P197,Toys,29.0,2,2,1,2
C162,P109,Books,29.0,3,1,0,2
C162,P93,Fashion,62.0,0,0,0,2
C162,P51,Electronics,76.0,2,1,1,2
C162,P15,Fashion,43.0,1,1,0,2
C162,P77,Fashion,139.0,0,0,0,2
C162,P72,Fashion,143.0,1,0,0,2
C162,P110,Fashion,193.0,0,0,0,2
C162,P191,Fashion,92.0,0,0,0,2
C162,P121,Toys,81.0,2,1,0,2
C162,P39,Toys,93.0,1,0,0,2
C162,P194,Toys,196.0,0,0,0,2
C162,P160,Books,105.0,0,0,0,2
C162,P137,Sports,44.0,0,0,0,2
C162,P130,Sports,109.0,1,0,0,2
C162,P78,Toys,74.0,3,2,0,2
C162,P132,Fashion,32.0,0,0,0,2
C162,P102,Electronics,100.0,2,1,1,2
C162,P127,Electronics,140.0,1,0,0,2
C162,P48,Electronics,59.0,1,0,0,2
C162,P105,Books,62.0,1,0,0,2
C162,P186,Fashion,190.0,1,1,1,2
C162,P149,Fashion,79.0,0,0,0,2
C162,P35,Fashion,87.0,0,0,0,2
C163,P89,Sports,103.0,0,0,0,2
C163,P63,Books,117.0,0,0,0,2
C163,P163,Toys,91.0,0,0,0,2
C163,P54,Sports,13.0,2,2,1,2
C163,P104,Sports,147.0,0,0,0,2
C163,P40,Books,47.0,0,0,0,2
C163,P176,Books,50.0,2,1,1,2
C163,P187,Books,153.0,0,0,0,2
C163,P106,Fashion,129.0,0,0,0,2
C163,P50,Books,116.0,0,0,0,2
C163,P6,Sports,66.0,0,0,0,2
C163,P144,Toys,173.0,1,0,0,2
C163,P59,Sports,66.0,0,0,0,2
C163,P31,Fashion,30.0,2,1,1,2
C163,P88,Toys,183.0,0,0,0,2
C163,P35,Fashion,87.0,1,1,1,2
C163,P44,Fashion,141.0,1,1,1,2
C163,P156,Sports,121.0,0,0,0,2
C163,P128,Fashion,122.0,1,0,0,2
C163,P83,Sports,100.0,0,0,0,2
C163,P114,Electronics,184.0,2,0,0,2
C163,P51,Electronics,76.0,1,0,0,2
C163,P20,Sports,33.0,0,0,0,2
C163,P94,Sports,180.0,1,0,0,2
C163,P123,Books,195.0,1,1,1,2
C163,P93,Fashion,62.0,1,0,0,2
C163,P79,Books,102.0,0,0,0,2
C163,P147,Fashion,79.0,0,0,0,2
C163,P182,Electronics,144.0,0,0,0,2
C163,P118,Toys,23.0,4,1,0,2
C164,P39,Toys,93.0,1,0,0,5
C164,P133,Toys,82.0,1,0,0,5
C164,P45,Fashion,146.0,1,0,0,5
C164,P148,Fashion,71.0,1,0,0,5
C164,P172,Electronics,90.0,0,0,0,5
C164,P186,Fashion,190.0,1,0,0,5
C164,P90,Fashion,58.0,1,0,0,5
C164,P67,Electronics,156.0,1,0,0,5
C164,P118,Toys,23.0,1,0,0,5
C164,P49,Sports,92.0,1,0,0,5
C164,P176,Books,50.0,3,0,0,5
C164,P108,Toys,161.0,1,0,0,5
C164,P110,Fashion,193.0,0,0,0,5
C164,P69,Electronics,159.0,0,0,0,5
C164,P196,Electronics,159.0,1,0,0,5
C164,P50,Books,116.0,1,0,0,5
C164,P26,Fashion,184.0,0,0,0,5
C164,P132,Fashion,32.0,1,1,1,5
C164,P199,Electronics,48.0,1,0,0,5
C164,P94,Sports,180.0,0,0,0,5
C164,P22,Sports,65.0,3,2,2,5
C164,P14,Toys,175.0,0,0,0,5
C164,P136,Sports,192.0,0,0,0,5
C164,P121,Toys,81.0,1,1,1,5
C164,P109,Books,29.0,5,3,3,5
C164,P63,Books,117.0,2,1,1,5
C164,P10,Sports,57.0,0,0,0,5
C164,P104,Sports,147.0,2,0,0,5
C164,P112,Toys,141.0,2,1,0,5
C164,P153,Electronics,8.0,1,1,0,5
C165,P88,Toys,183.0,0,0,0,8
C165,P34,Toys,18.0,2,0,0,8
C165,P33,Books,78.0,0,0,0,8
C165,P154,Fashion,42.0,1,0,0,8
C165,P58,Toys,39.0,1,0,0,8
C165,P99,Sports,34.0,1,0,0,8
C165,P11,Fashion,71.0,0,0,0,8
C165,P54,Sports,13.0,1,0,0,8
C165,P29,Toys,141.0,0,0,0,8
C165,P82,Electronics,22.0,2,0,0,8
C165,P60,Fashion,144.0,0,0,0,8
C165,P141,Books,152.0,0,0,0,8
C165,P9,Toys,163.0,0,0,0,8
C165,P96,Books,159.0,1,1,1,8
C165,P83,Sports,100.0,0,0,0,8
C165,P166,Sports,94.0,0,0,0,8
C165,P109,Books,29.0,2,1,0,8
C165,P76,Sports,196.0,0,0,0,8
C165,P181,Electronics,162.0,0,0,0,8
C165,P61,Fashion,66.0,0,0,0,8
C165,P174,Fashion,80.0,0,0,0,8
C165,P1,Fashion,132.0,0,0,0,8
C165,P122,Sports,195.0,1,1,1,8
C165,P17,Fashion,199.0,0,0,0,8
C165,P75,Fashion,183.0,0,0,0,8
C165,P26,Fashion,184.0,2,0,0,8
C165,P180,Books,51.0,1,1,0,8
C165,P4,Books,177.0,0,0,0,8
C165,P169,Sports,8.0,0,0,0,8
C165,P184,Fashion,87.0,1,0,0,8
C166,P39,Toys,93.0,1,0,0,7
C166,P90,Fashion,58.0,1,1,0,7
C166,P123,Books,195.0,1,0,0,7
C166,P118,Toys,23.0,6,3,1,7
C166,P102,Electronics,100.0,1,1,1,7
C166,P75,Fashion,183.0,0,0,0,7
C166,P20,Sports,,1,0,0,7
C166,P58,Toys,39.0,1,0,0,7
C166,P186,Fashion,190.0,0,0,0,7
C166,P134,Electronics,140.0,1,0,0,7
C166,P30,Books,155.0,0,0,0,7
C166,P43,Toys,168.0,1,0,0,7
C166,P31,Fashion,30.0,2,0,0,7
C166,P56,Electronics,84.0,0,0,0,7
C166,P55,Toys,44.0,5,2,1,7
C166,P127,Electronics,140.0,0,0,0,7
C166,P154,Fashion,42.0,1,0,0,7
C166,P152,Fashion,9.0,1,0,0,7
C166,P188,Electronics,81.0,2,1,1,7
C166,P98,Fashion,182.0,0,0,0,7
C166,P113,Sports,41.0,0,0,0,7
C166,P192,Electronics,94.0,1,0,0,7
C166,P121,Toys,81.0,4,3,2,7
C166,P180,Books,51.0,1,0,0,7
C166,P34,Toys,18.0,5,3,3,7
C166,P129,Sports,106.0,0,0,0,7
C166,P130,Sports,109.0,0,0,0,7
C166,P19,Books,52.0,2,1,1,7
C166,P24,Sports,180.0,0,0,0,7
C166,P17,Fashion,199.0,0,0,0,7
C167,P39,Toys,93.0,1,0,0,1
C167,P74,Electronics,71.0,3,2,1,1
C167,P31,Fashion,30.0,1,0,0,1
C167,P119,Fashion,169.0,0,0,0,1
C167,P62,Toys,184.0,0,0,0,1
C167,P148,Fashion,71.0,1,0,0,1
C167,P156,Sports,121.0,2,1,1,1
C167,P160,Books,105.0,3,0,0,1
C167,P167,Toys,181.0,1,0,0,1
C167,P193,Books,77.0,1,1,1,1
C167,P65,Electronics,194.0,0,0,0,1
C167,P11,Fashion,71.0,2,0,0,1
C167,P197,Toys,29.0,2,2,2,1
C167,P67,Electronics,156.0,1,1,1,1
C167,P73,Books,121.0,1,0,0,1
C167,P26,Fashion,184.0,0,0,0,1
C167,P70,Electronics,141.0,1,1,0,1
C167,P41,Electronics,119.0,4,2,1,1
C167,P174,Fashion,80.0,1,0,0,1
C167,P129,Sports,106.0,0,0,0,1
C167,P189,Toys,10.0,0,0,0,1
C167,P51,Electronics,76.0,1,1,1,1
C167,P157,Sports,194.0,0,0,0,1
C167,P12,Toys,193.0,0,0,0,1
C167,P55,Toys,44.0,0,0,0,1
C167,P112,Toys,141.0,0,0,0,1
C167,P177,Toys,170.0,1,0,0,1
C167,P183,Books,127.0,1,1,1,1
C167,P96,Books,159.0,0,0,0,1
C167,P166,Sports,94.0,0,0,0,1
C168,P96,Books,159.0,0,0,0,9
C168,P124,Sports,7.0,1,1,0,9
C168,P193,Books,77.0,1,0,0,9
C168,P147,Fashion,79.0,1,0,0,9
C168,P128,Fashion,122.0,1,0,0,9
C168,P37,Toys,134.0,0,0,0,9
C168,P82,Electronics,22.0,0,0,0,9
C168,P87,Toys,30.0,2,0,0,9
C168,P118,Toys,23.0,3,1,1,9
C168,P18,Books,20.0,2,1,1,9
C168,P116,Sports,188.0,1,0,0,9
C168,P36,Sports,98.0,0,0,0,9
C168,P196,Electronics,159.0,1,0,0,9
C168,P176,Books,50.0,5,2,2,9
C168,P78,Toys,74.0,0,0,0,9
C168,P183,Books,127.0,0,0,0,9
C168,P158,Fashion,156.0,0,0,0,9
C168,P189,Toys,10.0,3,0,0,9
C168,P2,Electronics,36.0,3,0,0,9
C168,P145,Sports,130.0,2,1,1,9
C168,P133,Toys,82.0,0,0,0,9
C168,P64,Fashion,31.0,1,0,0,9
C168,P56,Electronics,84.0,0,0,0,9
C168,P44,Fashion,141.0,1,0,0,9
C168,P143,Fashion,75.0,2,0,0,9
C168,P136,Sports,192.0,0,0,0,9
C168,P26,Fashion,184.0,0,0,0,9
C168,P1,Fashion,132.0,0,0,0,9
C168,P7,Sports,128.0,1,0,0,9
C168,P79,Books,102.0,4,2,2,9
C169,P85,Fashion,46.0,0,0,0,7
C169,P112,Toys,141.0,1,1,1,7
C169,P187,Books,153.0,1,0,0,7
C169,P2,Electronics,36.0,1,0,0,7
C169,P96,Books,159.0,1,1,1,7
C169,P122,Sports,195.0,1,0,0,7
C169,P163,Toys,91.0,0,0,0,7
C169,P102,Electronics,100.0,0,0,0,7
C169,P50,Books,116.0,2,1,1,7
C169,P152,Fashion,9.0,0,0,0,7
C169,P168,Sports,79.0,1,0,0,7
C169,P51,Electronics,76.0,0,0,0,7
C169,P105,Books,62.0,3,1,1,7
C169,P87,Toys,30.0,0,0,0,7
C169,P189,Toys,10.0,2,1,1,7
C169,P94,Sports,180.0,0,0,0,7
C169,P57,Books,60.0,3,0,0,7
C169,P145,Sports,130.0,1,0,0,7
C169,P101,Electronics,193.0,0,0,0,7
C169,P160,Books,105.0,2,0,0,7
C169,P134,Electronics,140.0,0,0,0,7
C169,P192,Electronics,94.0,0,0,0,7
C169,P185,Toys,75.0,0,0,0,7
C169,P90,Fashion,58.0,0,0,0,7
C169,P63,Books,117.0,5,1,1,7
C169,P104,Sports,147.0,1,0,0,7
C169,P128,Fashion,122.0,3,0,0,7
C169,P135,Electronics,188.0,0,0,0,7
C169,P119,Fashion,169.0,0,0,0,7
C169,P139,Sports,197.0,0,0,0,7
C170,P54,Sports,13.0,0,0,0,4
C170,P52,Toys,33.0,1,1,1,4
C170,P112,Toys,141.0,0,0,0,4
C170,P121,Toys,81.0,2,1,1,4
C170,P33,Books,78.0,0,0,0,4
C170,P125,Electronics,126.0,0,0,0,4
C170,P23,Fashion,19.0,4,2,0,4
C170,P75,Fashion,183.0,1,0,0,4
C170,P145,Sports,130.0,0,0,0,4
C170,P25,Toys,55.0,1,0,0,4
C170,P93,Fashion,62.0,3,2,2,4
C170,P129,Sports,106.0,1,0,0,4
C170,P48,Electronics,59.0,1,1,0,4
C170,P106,Fashion,129.0,2,1,1,4
C170,P167,Toys,181.0,0,0,0,4
C170,P3,Sports,89.0,1,0,0,4
C170,P131,Toys,65.0,0,0,0,4
C170,P19,Books,52.0,1,1,1,4
C170,P138,Sports,10.0,0,0,0,4
C170,P154,Fashion,42.0,2,0,0,4
C170,P29,Toys,141.0,1,0,0,4
C170,P6,Sports,66.0,0,0,0,4
C170,P193,Books,77.0,2,0,0,4
C170,P135,Electronics,188.0,1,0,0,4
C170,P90,Fashion,58.0,3,0,0,4
C170,P72,Fashion,143.0,3,0,0,4
C170,P35,Fashion,87.0,6,2,2,4
C170,P18,Books,20.0,0,0,0,4
C170,P104,Sports,-1.0,2,1,1,4
C170,P140,Sports,135.0,1,0,0,4
C171,P199,Electronics,48.0,0,0,0,4
C171,P130,Sports,109.0,0,0,0,4
C171,P177,Toys,170.0,1,1,1,4
C171,P171,Books,64.0,2,0,0,4
C171,P161,Electronics,150.0,1,0,0,4
C171,P137,Sports,44.0,2,0,0,4
C171,P102,Electronics,100.0,1,0,0,4
C171,P147,Fashion,79.0,0,0,0,4
C171,P15,Fashion,43.0,1,0,0,4
C171,P145,Sports,130.0,1,0,0,4
C171,P45,Fashion,146.0,3,1,0,4
C171,P21,Electronics,55.0,0,0,0,4
C171,P173,Sports,199.0,0,0,0,4
C171,P100,Books,22.0,5,1,0,4
C171,P44,Fashion,141.0,1,0,0,4
C171,P79,Books,102.0,1,1,1,4
C171,P117,Sports,50.0,2,1,0,4
C171,P54,Sports,13.0,0,0,0,4
C171,P180,Books,51.0,1,1,0,4
C171,P99,Sports,34.0,1,1,0,4
C171,P26,Fashion,184.0,0,0,0,4
C171,P75,Fashion,183.0,0,0,0,4
C171,P42,Books,93.0,3,2,1,4
C171,P153,Electronics,8.0,2,0,0,4
C171,P159,Sports,60.0,0,0,0,4
C171,P192,Electronics,94.0,0,0,0,4
C171,P1,Fashion,132.0,3,1,1,4
C171,P158,Fashion,156.0,0,0,0,4
C171,P127,Electronics,140.0,2,1,1,4
C171,P40,Books,47.0,3,1,1,4
C172,P97,Books,107.0,0,0,0,3
C172,P192,Electronics,94.0,1,0,0,3
C172,P66,Fashion,176.0,1,1,1,3
C172,P109,Books,29.0,1,0,0,3
C172,P124,Sports,7.0,4,0,0,3
C172,P70,Electronics,141.0,0,0,0,3
C172,P112,Toys,141.0,0,0,0,3
C172,P113,Sports,41.0,5,3,1,3
C172,P132,Fashion,32.0,2,1,1,3
C172,P138,Sports,10.0,4,2,2,3
C172,P173,Sports,199.0,0,0,0,3
C172,P54,Sports,13.0,1,1,1,3
C172,P20,Sports,33.0,3,2,2,3
C172,P11,Fashion,71.0,0,0,0,3
C172,P10,Sports,57.0,3,0,0,3
C172,P83,Sports,100.0,0,0,0,3
C172,P0,Fashion,103.0,0,0,0,3
C172,P65,Electronics,194.0,0,0,0,3
C172,P180,Books,,1,0,0,3
C172,P39,Toys,93.0,0,0,0,3
C172,P137,Sports,44.0,3,1,0,3
C172,P170,Toys,158.0,0,0,0,3
C172,P53,Fashion,26.0,0,0,0,3
C172,P92,Electronics,192.0,0,0,0,3
C172,P128,Fashion,122.0,0,0,0,3
C172,P125,Electronics,126.0,1,1,1,3
C172,P50,Books,116.0,0,0,0,3
C172,P190,Fashion,30.0,2,0,0,3
C172,P89,Sports,103.0,1,1,0,3
C172,P41,Electronics,119.0,1,0,0,3
C173,P132,Fashion,32.0,1,0,0,4
C173,P79,Books,102.0,1,0,0,4
C173,P129,Sports,106.0,0,0,0,4
C173,P131,Toys,65.0,2,1,1,4
C173,P78,Toys,74.0,0,0,0,4
C173,P115,Sports,81.0,0,0,0,4
C173,P188,Electronics,81.0,1,1,0,4
C173,P127,Electronics,140.0,0,0,0,4
C173,P80,Fashion,114.0,0,0,0,4
C173,P198,Books,78.0,6,0,0,4
C173,P3,Sports,89.0,1,1,1,4
C173,P161,Electronics,150.0,1,1,1,4
C173,P42,Books,93.0,3,1,1,4
C173,P174,Fashion,80.0,0,0,0,4
C173,P150,Sports,144.0,0,0,0,4
C173,P156,Sports,121.0,1,0,0,4
C173,P143,Fashion,75.0,1,0,0,4
C173,P186,Fashion,190.0,1,0,0,4
C173,P40,Books,47.0,1,0,0,4
C173,P5,Books,174.0,0,0,0,4
C173,P45,Fashion,146.0,0,0,0,4
C173,P167,Toys,181.0,0,0,0,4
C173,P192,Electronics,94.0,1,0,0,4
C173,P173,Sports,199.0,1,0,0,4
C173,P178,Electronics,46.0,0,0,0,4
C173,P106,Fashion,129.0,1,1,0,4
C173,P134,Electronics,140.0,1,1,1,4
C173,P60,Fashion,144.0,0,0,0,4
C173,P177,Toys,170.0,0,0,0,4
C173,P170,Toys,158.0,0,0,0,4
C174,P187,Books,153.0,0,0,0,0
C174,P65,Electronics,194.0,2,2,1,0
C174,P69,Electronics,159.0,1,0,0,0
C174,P114,Electronics,184.0,2,2,1,0
C174,P29,Toys,141.0,0,0,0,0
C174,P175,Books,56.0,0,0,0,0
C174,P43,Toys,168.0,0,0,0,0
C174,P38,Fashion,116.0,0,0,0,0
C174,P36,Sports,98.0,1,0,0,0
C174,P141,Books,152.0,0,0,0,0
C174,P144,Toys,173.0,0,0,0,0
C174,P151,Books,103.0,0,0,0,0
C174,P164,Electronics,144.0,0,0,0,0
C174,P76,Sports,196.0,0,0,0,0
C174,P46,Books,116.0,0,0,0,0
C174,P179,Toys,123.0,0,0,0,0
C174,P67,Electronics,156.0,1,0,0,0
C174,P135,Electronics,188.0,3,0,0,0
C174,P171,Books,64.0,2,0,0,0
C174,P176,Books,50.0,0,0,0,0
C174,P12,Toys,193.0,0,0,0,0
C174,P62,Toys,184.0,0,0,0,0
C174,P198,Books,78.0,3,2,2,0
C174,P6,Sports,66.0,1,1,1,0
C174,P13,Sports,111.0,2,2,2,0
C174,P193,Books,77.0,0,0,0,0
C174,P183,Books,127.0,1,0,0,0
C174,P100,Books,22.0,0,0,0,0
C174,P1,Fashion,132.0,0,0,0,0
C174,P143,Fashion,75.0,0,0,0,0
C175,P186,Fashion,190.0,0,0,0,7
C175,P139,Sports,197.0,1,0,0,7
C175,P5,Books,174.0,0,0,0,7
C175,P15,Fashion,43.0,0,0,0,7
C175,P99,Sports,34.0,1,1,0,7
C175,P178,Electronics,46.0,0,0,0,7
C175,P45,Fashion,146.0,0,0,0,7
C175,P119,Fashion,169.0,1,0,0,7
C175,P151,Books,103.0,0,0,0,7
C175,P183,Books,127.0,1,0,0,7
C175,P164,Electronics,144.0,1,0,0,7
C175,P154,Fashion,42.0,1,1,1,7
C175,P42,Books,93.0,0,0,0,7
C175,P114,Electronics,184.0,0,0,0,7
C175,P147,Fashion,79.0,2,1,1,7
C175,P138,Sports,10.0,0,0,0,7
C175,P158,Fashion,156.0,1,1,1,7
C175,P36,Sports,98.0,0,0,0,7
C175,P112,Toys,141.0,2,1,0,7
C175,P61,Fashion,66.0,1,0,0,7
C175,P82,Electronics,22.0,1,0,0,7
C175,P135,Electronics,188.0,1,1,0,7
C175,P2,Electronics,36.0,1,1,1,7
C175,P80,Fashion,114.0,0,0,0,7
C175,P113,Sports,41.0,1,1,1,7
C175,P28,Books,38.0,0,0,0,7
C175,P18,Books,20.0,1,0,0,7
C175,P25,Toys,55.0,6,1,1,7
C175,P1,Fashion,132.0,0,0,0,7
C175,P35,Fashion,87.0,0,0,0,7
C176,P143,Fashion,75.0,0,0,0,2
C176,P14,Toys,175.0,2,1,1,2
C176,P25,Toys,55.0,2,2,1,2
C176,P163,Toys,91.0,2,2,2,2
C176,P33,Books,78.0,0,0,0,2
C176,P199,Electronics,48.0,1,1,1,2
C176,P145,Sports,130.0,0,0,0,2
C176,P167,Toys,181.0,0,0,0,2
C176,P28,Books,38.0,2,1,1,2
C176,P196,Electronics,159.0,0,0,0,2
C176,P133,Toys,82.0,0,0,0,2
C176,P88,Toys,183.0,0,0,0,2
C176,P181,Electronics,162.0,1,1,1,2
C176,P19,Books,,1,0,0,2
C176,P135,Electronics,188.0,0,0,0,2
C176,P126,Toys,162.0,1,0,0,2
C176,P186,Fashion,190.0,0,0,0,2
C176,P137,Sports,44.0,6,5,4,2
C176,P15,Fashion,43.0,1,0,0,2
C176,P81,Electronics,20.0,2,0,0,2
C176,P64,Fashion,31.0,1,0,0,2
C176,P162,Toys,177.0,1,1,1,2
C176,P115,Sports,81.0,2,2,2,2
C176,P168,Sports,79.0,4,3,1,2
C176,P106,Fashion,129.0,1,0,0,2
C176,P111,Books,148.0,0,0,0,2
C176,P31,Fashion,30.0,2,0,0,2
C176,P94,Sports,180.0,1,1,0,2
C176,P195,Electronics,98.0,1,0,0,2
C176,P187,Books,153.0,0,0,0,2
C177,P15,Fashion,43.0,3,3,2,5
C177,P86,Sports,56.0,0,0,0,5
C177,P55,Toys,44.0,0,0,0,5
C177,P62,Toys,184.0,1,1,1,5
C177,P134,Electronics,140.0,1,0,0,5
C177,P137,Sports,44.0,1,1,1,5
C177,P103,Electronics,83.0,2,2,0,5
C177,P196,Electronics,159.0,0,0,0,5
C177,P145,Sports,130.0,1,1,1,5
C177,P188,Electronics,81.0,0,0,0,5
C177,P32,Sports,30.0,1,0,0,5
C177,P23,Fashion,19.0,1,1,1,5
C177,P131,Toys,65.0,1,0,0,5
C177,P112,Toys,141.0,0,0,0,5
C177,P67,Electronics,156.0,1,0,0,5
C177,P116,Sports,188.0,0,0,0,5
C177,P93,Fashion,62.0,5,1,1,5
C177,P133,Toys,82.0,0,0,0,5
C177,P106,Fashion,129.0,1,1,1,5
C177,P19,Books,52.0,1,1,1,5
C177,P74,Electronics,71.0,0,0,0,5
C177,P39,Toys,93.0,1,0,0,5
C177,P125,Electronics,126.0,1,0,0,5
C177,P28,Books,38.0,1,0,0,5
C177,P11,Fashion,71.0,4,3,1,5
C177,P129,Sports,106.0,1,1,1,5
C177,P40,Books,47.0,0,0,0,5
C177,P101,Electronics,193.0,1,1,1,5
C177,P127,Electronics,140.0,0,0,0,5
C177,P42,Books,93.0,1,1,1,5
C178,P80,Fashion,114.0,2,0,0,5
C178,P106,Fashion,,0,0,0,5
C178,P2,Electronics,36.0,1,1,0,5
C178,P135,Electronics,188.0,1,0,0,5
C178,P195,Electronics,98.0,0,0,0,5
C178,P191,Fashion,92.0,3,0,0,5
C178,P160,Books,105.0,0,0,0,5
C178,P177,Toys,170.0,0,0,0,5
C178,P68,Toys,35.0,1,1,0,5
C178,P114,Electronics,184.0,0,0,0,5
C178,P4,Books,177.0,0,0,0,5
C178,P72,Fashion,143.0,1,0,0,5
C178,P146,Electronics,130.0,0,0,0,5
C178,P16,Electronics,152.0,0,0,0,5
C178,P78,Toys,74.0,1,1,1,5
C178,P154,Fashion,42.0,3,1,0,5
C178,P77,Fashion,139.0,0,0,0,5
C178,P124,Sports,7.0,0,0,0,5
C178,P48,Electronics,59.0,3,1,0,5
C178,P190,Fashion,30.0,3,1,0,5
C178,P8,Toys,21.0,0,0,0,5
C178,P147,Fashion,79.0,3,2,0,5
C178,P193,Books,77.0,1,0,0,5
C178,P161,Electronics,150.0,1,0,0,5
C178,P27,Electronics,153.0,0,0,0,5
C178,P167,Toys,181.0,0,0,0,5
C178,P98,Fashion,182.0,0,0,0,5
C178,P79,Books,102.0,0,0,0,5
C178,P109,Books,29.0,2,0,0,5
C178,P144,Toys,173.0,0,0,0,5
C179,P54,Sports,13.0,1,1,1,5
C179,P59,Sports,66.0,1,0,0,5
C179,P88,Toys,183.0,1,1,1,5
C179,P42,Books,93.0,1,0,0,5
C179,P111,Books,148.0,0,0,0,5
C179,P120,Electronics,118.0,0,0,0,5
C179,P159,Sports,60.0,1,0,0,5
C179,P193,Books,77.0,0,0,0,5
C179,P5,Books,174.0,1,0,0,5
C179,P12,Toys,193.0,1,0,0,5
C179,P149,Fashion,79.0,2,0,0,5
C179,P34,Toys,18.0,0,0,0,5
C179,P175,Books,56.0,1,0,0,5
C179,P90,Fashion,58.0,1,0,0,5
C179,P20,Sports,33.0,0,0,0,5
C179,P117,Sports,50.0,0,0,0,5
C179,P198,Books,78.0,0,0,0,5
C179,P95,Electronics,154.0,1,1,1,5
C179,P122,Sports,195.0,0,0,0,5
C179,P144,Toys,173.0,0,0,0,5
C179,P70,Electronics,141.0,2,1,0,5
C179,P86,Sports,56.0,0,0,0,5
C179,P16,Electronics,152.0,1,0,0,5
C179,P150,Sports,144.0,1,0,0,5
C179,P121,Toys,81.0,1,0,0,5
C179,P152,Fashion,9.0,0,0,0,5
C179,P56,Electronics,84.0,0,0,0,5
C179,P8,Toys,21.0,1,0,0,5
C179,P184,Fashion,87.0,0,0,0,5
C179,P131,Toys,65.0,0,0,0,5
C180,P110,Fashion,193.0,0,0,0,3
C180,P31,Fashion,30.0,0,0,0,3
C180,P67,Electronics,156.0,0,0,0,3
C180,P4,Books,177.0,1,0,0,3
C180,P132,Fashion,32.0,1,1,1,3
C180,P54,Sports,13.0,0,0,0,3
C180,P191,Fashion,92.0,0,0,0,3
C180,P112,Toys,141.0,2,2,1,3
C180,P96,Books,159.0,1,1,1,3
C180,P68,Toys,35.0,3,1,1,3
C180,P135,Electronics,188.0,0,0,0,3
C180,P124,Sports,7.0,1,0,0,3
C180,P90,Fashion,58.0,2,1,0,3
C180,P98,Fashion,182.0,0,0,0,3
C180,P46,Books,116.0,1,0,0,3
C180,P115,Sports,81.0,3,2,1,3
C180,P94,Sports,180.0,1,0,0,3
C180,P159,Sports,60.0,0,0,0,3
C180,P153,Electronics,8.0,1,0,0,3
C180,P163,Toys,91.0,2,0,0,3
C180,P168,Sports,79.0,2,0,0,3
C180,P104,Sports,147.0,0,0,0,3
C180,P181,Electronics,162.0,0,0,0,3
C180,P188,Electronics,81.0,0,0,0,3
C180,P80,Fashion,114.0,1,0,0,3
C180,P26,Fashion,184.0,0,0,0,3
C180,P173,Sports,199.0,0,0,0,3
C180,P121,Toys,81.0,4,1,1,3
C180,P18,Books,20.0,1,0,0,3
C180,P143,Fashion,75.0,1,0,0,3
C181,P157,Sports,194.0,1,0,0,8
C181,P174,Fashion,80.0,5,0,0,8
C181,P1,Fashion,132.0,3,0,0,8
C181,P52,Toys,33.0,1,1,1,8
C181,P44,Fashion,141.0,2,1,1,8
C181,P68,Toys,35.0,1,1,1,8
C181,P128,Fashion,122.0,1,0,0,8
C181,P147,Fashion,,0,0,0,8
C181,P45,Fashion,146.0,0,0,0,8
C181,P57,Books,60.0,5,1,1,8
C181,P119,Fashion,169.0,1,0,0,8
C181,P23,Fashion,19.0,4,2,2,8
C181,P180,Books,-1.0,2,0,0,8
C181,P103,Electronics,83.0,0,0,0,8
C181,P175,Books,56.0,1,0,0,8
C181,P66,Fashion,176.0,1,0,0,8
C181,P118,Toys,23.0,1,1,1,8
C181,P94,Sports,180.0,0,0,0,8
C181,P181,Electronics,162.0,0,0,0,8
C181,P138,Sports,10.0,1,1,1,8
C181,P8,Toys,21.0,0,0,0,8
C181,P173,Sports,199.0,0,0,0,8
C181,P166,Sports,94.0,0,0,0,8
C181,P79,Books,102.0,2,0,0,8
C181,P116,Sports,188.0,0,0,0,8
C181,P33,Books,78.0,1,0,0,8
C181,P145,Sports,130.0,2,0,0,8
C181,P38,Fashion,116.0,2,2,1,8
C181,P67,Electronics,156.0,0,0,0,8
C181,P73,Books,121.0,1,0,0,8
C182,P135,Electronics,188.0,1,1,1,3
C182,P79,Books,102.0,1,1,0,3
C182,P50,Books,116.0,0,0,0,3
C182,P183,Books,127.0,0,0,0,3
C182,P167,Toys,181.0,0,0,0,3
C182,P132,Fashion,32.0,0,0,0,3
C182,P57,Books,60.0,0,0,0,3
C182,P1,Fashion,132.0,0,0,0,3
C182,P192,Electronics,94.0,4,1,1,3
C182,P8,Toys,21.0,0,0,0,3
C182,P45,Fashion,146.0,0,0,0,3
C182,P24,Sports,180.0,0,0,0,3
C182,P40,Books,47.0,0,0,0,3
C182,P62,Toys,184.0,1,0,0,3
C182,P23,Fashion,19.0,1,0,0,3
C182,P61,Fashion,66.0,0,0,0,3
C182,P189,Toys,10.0,2,1,1,3
C182,P54,Sports,13.0,2,0,0,3
C182,P16,Electronics,152.0,0,0,0,3
C182,P105,Books,62.0,0,0,0,3
C182,P20,Sports,33.0,0,0,0,3
C182,P184,Fashion,87.0,1,1,1,3
C182,P18,Books,20.0,0,0,0,3
C182,P127,Electronics,140.0,1,1,1,3
C182,P174,Fashion,80.0,0,0,0,3
C182,P177,Toys,170.0,1,0,0,3
C182,P91,Fashion,158.0,1,1,1,3
C182,P77,Fashion,139.0,0,0,0,3
C182,P35,Fashion,87.0,0,0,0,3
C182,P14,Toys,175.0,1,0,0,3
C183,P45,Fashion,146.0,1,0,0,4
C183,P189,Toys,10.0,0,0,0,4
C183,P97,Books,107.0,5,1,0,4
C183,P51,Electronics,76.0,0,0,0,4
C183,P138,Sports,10.0,0,0,0,4
C183,P7,Sports,128.0,0,0,0,4
C183,P35,Fashion,87.0,1,0,0,4
C183,P39,Toys,93.0,1,0,0,4
C183,P151,Books,103.0,7,2,1,4
C183,P28,Books,38.0,1,1,1,4
C183,P59,Sports,66.0,1,0,0,4
C183,P40,Books,47.0,2,1,1,4
C183,P60,Fashion,144.0,0,0,0,4
C183,P67,Electronics,156.0,0,0,0,4
C183,P159,Sports,60.0,0,0,0,4
C183,P26,Fashion,184.0,0,0,0,4
C183,P5,Books,174.0,0,0,0,4
C183,P147,Fashion,79.0,1,0,0,4
C183,P197,Toys,29.0,0,0,0,4
C183,P152,Fashion,9.0,0,0,0,4
C183,P171,Books,64.0,6,2,2,4
C183,P8,Toys,21.0,2,0,0,4
C183,P36,Sports,98.0,1,1,1,4
C183,P73,Books,121.0,0,0,0,4
C183,P125,Electronics,126.0,0,0,0,4
C183,P117,Sports,50.0,0,0,0,4
C183,P198,Books,78.0,5,1,1,4
C183,P162,Toys,177.0,0,0,0,4
C183,P46,Books,116.0,0,0,0,4
C183,P173,Sports,199.0,1,1,1,4
C184,P6,Sports,66.0,0,0,0,4
C184,P58,Toys,39.0,1,0,0,4
C184,P117,Sports,50.0,1,1,0,4
C184,P99,Sports,34.0,1,0,0,4
C184,P49,Sports,92.0,1,1,1,4
C184,P136,Sports,192.0,0,0,0,4
C184,P56,Electronics,84.0,1,0,0,4
C184,P55,Toys,44.0,0,0,0,4
C184,P66,Fashion,176.0,1,1,1,4
C184,P90,Fashion,58.0,4,2,2,4
C184,P77,Fashion,139.0,1,1,1,4
C184,P132,Fashion,32.0,3,0,0,4
C184,P30,Books,155.0,0,0,0,4
C184,P176,Books,50.0,1,1,1,4
C184,P113,Sports,41.0,1,0,0,4
C184,P47,Sports,76.0,1,1,0,4
C184,P40,Books,47.0,0,0,0,4
C184,P147,Fashion,79.0,2,2,1,4
C184,P18,Books,20.0,2,0,0,4
C184,P81,Electronics,20.0,0,0,0,4
C184,P172,Electronics,90.0,0,0,0,4
C184,P138,Sports,10.0,4,0,0,4
C184,P190,Fashion,30.0,5,1,1,4
C184,P29,Toys,141.0,0,0,0,4
C184,P4,Books,177.0,1,0,0,4
C184,P87,Toys,30.0,0,0,0,4
C184,P97,Books,107.0,1,1,1,4
C184,P78,Toys,74.0,0,0,0,4
C184,P11,Fashion,71.0,2,0,0,4
C184,P25,Toys,55.0,0,0,0,4
C185,P45,Fashion,146.0,1,0,0,0
C185,P180,Books,51.0,2,1,1,0
C185,P117,Sports,50.0,2,1,0,0
C185,P144,Toys,173.0,0,0,0,0
C185,P40,Books,47.0,1,1,1,0
C185,P28,Books,38.0,3,2,1,0
C185,P156,Sports,121.0,0,0,0,0
C185,P77,Fashion,139.0,0,0,0,0
C185,P136,Sports,192.0,0,0,0,0
C185,P189,Toys,10.0,0,0,0,0
C185,P7,Sports,128.0,2,1,1,0
C185,P190,Fashion,30.0,2,1,1,0
C185,P39,Toys,93.0,2,1,1,0
C185,P152,Fashion,9.0,2,1,1,0
C185,P181,Electronics,162.0,0,0,0,0
C185,P103,Electronics,83.0,0,0,0,0
C185,P30,Books,155.0,2,1,0,0
C185,P109,Books,29.0,2,1,0,0
C185,P44,Fashion,141.0,0,0,0,0
C185,P129,Sports,106.0,1,0,0,0
C185,P0,Fashion,103.0,1,0,0,0
C185,P192,Electronics,94.0,0,0,0,0
C185,P18,Books,20.0,3,1,0,0
C185,P46,Books,116.0,5,3,2,0
C185,P100,Books,22.0,2,0,0,0
C185,P49,Sports,92.0,2,1,0,0
C185,P21,Electronics,55.0,0,0,0,0
C185,P162,Toys,177.0,2,1,1,0
C185,P191,Fashion,92.0,2,1,0,0
C185,P185,Toys,75.0,0,0,0,0
C186,P65,Electronics,194.0,1,1,0,1
C186,P184,Fashion,87.0,3,0,0,1
C186,P196,Electronics,159.0,0,0,0,1
C186,P172,Electronics,90.0,2,0,0,1
C186,P137,Sports,44.0,1,0,0,1
C186,P23,Fashion,19.0,2,0,0,1
C186,P6,Sports,66.0,0,0,0,1
C186,P94,Sports,180.0,1,1,0,1
C186,P20,Sports,33.0,1,0,0,1
C186,P90,Fashion,58.0,3,0,0,1
C186,P100,Books,22.0,0,0,0,1
C186,P62,Toys,184.0,2,1,0,1
C186,P11,Fashion,71.0,3,1,1,1
C186,P116,Sports,188.0,0,0,0,1
C186,P188,Electronics,81.0,2,1,1,1
C186,P46,Books,116.0,2,0,0,1
C186,P98,Fashion,182.0,0,0,0,1
C186,P79,Books,102.0,0,0,0,1
C186,P63,Books,117.0,3,0,0,1
C186,P5,Books,174.0,0,0,0,1
C186,P153,Electronics,8.0,0,0,0,1
C186,P17,Fashion,199.0,0,0,0,1
C186,P156,Sports,121.0,1,0,0,1
C186,P50,Books,116.0,1,0,0,1
C186,P58,Toys,39.0,0,0,0,1
C186,P10,Sports,57.0,2,1,1,1
C186,P169,Sports,8.0,1,1,1,1
C186,P136,Sports,192.0,0,0,0,1
C186,P105,Books,62.0,0,0,0,1
C186,P148,Fashion,71.0,3,2,2,1
C187,P101,Electronics,193.0,0,0,0,2
C187,P156,Sports,121.0,2,0,0,2
C187,P102,Electronics,100.0,0,0,0,2
C187,P146,Electronics,130.0,1,0,0,2
C187,P94,Sports,180.0,1,0,0,2
C187,P81,Electronics,20.0,1,0,0,2
C187,P69,Electronics,159.0,0,0,0,2
C187,P158,Fashion,156.0,0,0,0,2
C187,P123,Books,195.0,0,0,0,2
C187,P184,Fashion,87.0,2,1,0,2
C187,P2,Electronics,36.0,1,0,0,2
C187,P64,Fashion,31.0,2,1,1,2
C187,P164,Electronics,144.0,0,0,0,2
C187,P170,Toys,158.0,2,0,0,2
C187,P11,Fashion,71.0,1,0,0,2
C187,P135,Electronics,188.0,0,0,0,2
C187,P119,Fashion,169.0,0,0,0,2
C187,P150,Sports,144.0,0,0,0,2
C187,P20,Sports,33.0,2,1,0,2
C187,P13,Sports,111.0,2,0,0,2
C187,P182,Electronics,144.0,0,0,0,2
C187,P174,Fashion,80.0,3,1,0,2
C187,P160,Books,105.0,0,0,0,2
C187,P163,Toys,91.0,4,2,0,2
C187,P162,Toys,177.0,1,0,0,2
C187,P142,Books,163.0,0,0,0,2
C187,P148,Fashion,71.0,2,1,1,2
C187,P131,Toys,65.0,2,2,2,2
C187,P195,Electronics,98.0,0,0,0,2
C187,P44,Fashion,141.0,3,2,2,2
C188,P14,Toys,175.0,0,0,0,9
C188,P139,Sports,197.0,0,0,0,9
C188,P79,Books,102.0,0,0,0,9
C188,P61,Fashion,66.0,7,4,3,9
C188,P175,Books,56.0,0,0,0,9
C188,P149,Fashion,79.0,3,1,0,9
C188,P6,Sports,66.0,1,0,0,9
C188,P17,Fashion,199.0,2,1,0,9
C188,P192,Electronics,94.0,0,0,0,9
C188,P181,Electronics,162.0,0,0,0,9
C188,P47,Sports,,1,1,1,9
C188,P147,Fashion,79.0,3,1,0,9
C188,P198,Books,78.0,2,1,1,9
C188,P195,Electronics,98.0,0,0,0,9
C188,P156,Sports,121.0,1,1,1,9
C188,P65,Electronics,194.0,0,0,0,9
C188,P30,Books,155.0,2,0,0,9
C188,P111,Books,148.0,0,0,0,9
C188,P183,Books,127.0,0,0,0,9
C188,P194,Toys,196.0,0,0,0,9
C188,P15,Fashion,43.0,6,3,2,9
C188,P92,Electronics,192.0,0,0,0,9
C188,P72,Fashion,143.0,1,0,0,9
C188,P35,Fashion,87.0,5,1,1,9
C188,P106,Fashion,129.0,0,0,0,9
C188,P187,Books,153.0,2,0,0,9
C188,P99,Sports,34.0,0,0,0,9
C188,P90,Fashion,58.0,5,2,2,9
C188,P66,Fashion,176.0,1,0,0,9
C188,P87,Toys,30.0,2,0,0,9
C189,P89,Sports,103.0,0,0,0,6
C189,P13,Sports,111.0,0,0,0,6
C189,P110,Fashion,193.0,0,0,0,6
C189,P71,Sports,153.0,0,0,0,6
C189,P198,Books,78.0,0,0,0,6
C189,P116,Sports,188.0,0,0,0,6
C189,P102,Electronics,100.0,0,0,0,6
C189,P28,Books,38.0,1,0,0,6
C189,P15,Fashion,43.0,1,0,0,6
C189,P153,Electronics,8.0,0,0,0,6
C189,P81,Electronics,20.0,1,0,0,6
C189,P146,Electronics,130.0,1,1,0,6
C189,P99,Sports,34.0,0,0,0,6
C189,P120,Electronics,118.0,1,1,1,6
C189,P123,Books,195.0,0,0,0,6
C189,P25,Toys,55.0,1,0,0,6
C189,P4,Books,177.0,0,0,0,6
C189,P48,Electronics,59.0,1,0,0,6
C189,P105,Books,62.0,0,0,0,6
C189,P92,Electronics,192.0,1,0,0,6
C189,P95,Electronics,154.0,0,0,0,6
C189,P82,Electronics,22.0,0,0,0,6
C189,P107,Sports,170.0,0,0,0,6
C189,P111,Books,148.0,0,0,0,6
C189,P84,Toys,114.0,0,0,0,6
C189,P16,Electronics,152.0,0,0,0,6
C189,P164,Electronics,144.0,0,0,0,6
C189,P24,Sports,180.0,0,0,0,6
C189,P131,Toys,65.0,1,1,0,6
C189,P46,Books,116.0,0,0,0,6
C190,P82,Electronics,22.0,0,0,0,6
C190,P122,Sports,195.0,0,0,0,6
C190,P7,Sports,128.0,0,0,0,6
C190,P129,Sports,106.0,1,0,0,6
C190,P32,Sports,30.0,2,1,0,6
C190,P179,Toys,123.0,0,0,0,6
C190,P183,Books,127.0,0,0,0,6
C190,P165,Electronics,45.0,2,1,1,6
C190,P164,Electronics,144.0,0,0,0,6
C190,P192,Electronics,94.0,4,1,0,6
C190,P79,Books,102.0,1,1,1,6
C190,P38,Fashion,116.0,0,0,0,6
C190,P155,Sports,101.0,2,0,0,6
C190,P3,Sports,89.0,1,0,0,6
C190,P26,Fashion,184.0,1,0,0,6
C190,P86,Sports,56.0,1,0,0,6
C190,P74,Electronics,71.0,4,2,0,6
C190,P67,Electronics,156.0,1,0,0,6
C190,P99,Sports,34.0,0,0,0,6
C190,P138,Sports,10.0,0,0,0,6
C190,P151,Books,103.0,1,1,1,6
C190,P112,Toys,141.0,0,0,0,6
C190,P184,Fashion,87.0,2,1,0,6
C190,P137,Sports,44.0,0,0,0,6
C190,P144,Toys,173.0,1,0,0,6
C190,P15,Fashion,43.0,0,0,0,6
C190,P4,Books,177.0,0,0,0,6
C190,P54,Sports,13.0,0,0,0,6
C190,P125,Electronics,,1,0,0,6
C190,P134,Electronics,140.0,0,0,0,6
C191,P167,Toys,181.0,0,0,0,4
C191,P122,Sports,195.0,0,0,0,4
C191,P104,Sports,147.0,1,0,0,4
C191,P129,Sports,106.0,0,0,0,4
C191,P114,Electronics,184.0,0,0,0,4
C191,P7,Sports,128.0,2,0,0,4
C191,P68,Toys,35.0,3,1,1,4
C191,P157,Sports,194.0,1,0,0,4
C191,P25,Toys,55.0,1,1,1,4
C191,P127,Electronics,140.0,0,0,0,4
C191,P185,Toys,75.0,6,4,3,4
C191,P193,Books,77.0,1,0,0,4
C191,P51,Electronics,76.0,0,0,0,4
C191,P133,Toys,82.0,3,1,1,4
C191,P160,Books,105.0,1,1,1,4
C191,P171,Books,64.0,1,0,0,4
C191,P99,Sports,34.0,1,1,0,4
C191,P50,Books,116.0,2,1,1,4
C191,P60,Fashion,144.0,1,0,0,4
C191,P75,Fashion,183.0,0,0,0,4
C191,P138,Sports,10.0,1,1,0,4
C191,P136,Sports,192.0,0,0,0,4
C191,P179,Toys,123.0,5,2,2,4
C191,P18,Books,-1.0,2,1,0,4
C191,P146,Electronics,130.0,0,0,0,4
C191,P27,Electronics,153.0,1,1,1,4
C191,P95,Electronics,154.0,0,0,0,4
C191,P76,Sports,196.0,0,0,0,4
C191,P46,Books,116.0,3,0,0,4
C191,P38,Fashion,116.0,3,1,1,4
C192,P150,Sports,144.0,1,1,1,2
C192,P126,Toys,162.0,0,0,0,2
C192,P80,Fashion,114.0,1,0,0,2
C192,P24,Sports,180.0,0,0,0,2
C192,P127,Electronics,140.0,1,0,0,2
C192,P144,Toys,173.0,0,0,0,2
C192,P94,Sports,180.0,0,0,0,2
C192,P136,Sports,192.0,0,0,0,2
C192,P52,Toys,33.0,1,1,1,2
C192,P190,Fashion,30.0,0,0,0,2
C192,P103,Electronics,83.0,1,1,0,2
C192,P68,Toys,35.0,1,0,0,2
C192,P44,Fashion,141.0,0,0,0,2
C192,P1,Fashion,132.0,1,1,1,2
C192,P83,Sports,100.0,0,0,0,2
C192,P45,Fashion,146.0,0,0,0,2
C192,P13,Sports,111.0,2,1,0,2
C192,P124,Sports,7.0,0,0,0,2
C192,P17,Fashion,199.0,0,0,0,2
C192,P10,Sports,57.0,1,0,0,2
C192,P180,Books,51.0,6,4,3,2
C192,P25,Toys,55.0,0,0,0,2
C192,P58,Toys,39.0,1,0,0,2
C192,P108,Toys,161.0,0,0,0,2
C192,P133,Toys,82.0,0,0,0,2
C192,P138,Sports,10.0,0,0,0,2
C192,P149,Fashion,79.0,0,0,0,2
C192,P40,Books,47.0,4,2,2,2
C192,P151,Books,103.0,4,2,2,2
C192,P194,Toys,196.0,0,0,0,2
C193,P133,Toys,82.0,0,0,0,0
C193,P167,Toys,181.0,1,1,1,0
C193,P34,Toys,18.0,1,0,0,0
C193,P144,Toys,173.0,0,0,0,0
C193,P15,Fashion,43.0,2,2,1,0
C193,P84,Toys,114.0,0,0,0,0
C193,P181,Electronics,162.0,2,1,1,0
C193,P89,Sports,103.0,0,0,0,0
C193,P122,Sports,195.0,0,0,0,0
C193,P85,Fashion,46.0,0,0,0,0
C193,P154,Fashion,42.0,1,1,1,0
C193,P130,Sports,109.0,0,0,0,0
C193,P111,Books,148.0,0,0,0,0
C193,P135,Electronics,188.0,1,1,1,0
C193,P142,Books,163.0,0,0,0,0
C193,P62,Toys,184.0,0,0,0,0
C193,P49,Sports,92.0,0,0,0,0
C193,P80,Fashion,114.0,0,0,0,0
C193,P32,Sports,30.0,0,0,0,0
C193,P71,Sports,153.0,1,1,1,0
C193,P10,Sports,57.0,0,0,0,0
C193,P103,Electronics,83.0,1,1,1,0
C193,P59,Sports,66.0,1,1,1,0
C193,P106,Fashion,129.0,1,0,0,0
C193,P1,Fashion,-1.0,0,0,0,0
C193,P76,Sports,196.0,1,0,0,0
C193,P101,Electronics,193.0,1,1,1,0
C193,P12,Toys,193.0,0,0,0,0
C193,P79,Books,102.0,0,0,0,0
C193,P119,Fashion,169.0,0,0,0,0
C194,P132,Fashion,32.0,2,0,0,4
C194,P176,Books,50.0,1,0,0,4
C194,P168,Sports,79.0,0,0,0,4
C194,P63,Books,117.0,1,0,0,4
C194,P155,Sports,101.0,1,1,1,4
C194,P171,Books,64.0,2,0,0,4
C194,P193,Books,77.0,0,0,0,4
C194,P145,Sports,130.0,2,1,1,4
C194,P10,Sports,57.0,0,0,0,4
C194,P135,Electronics,188.0,0,0,0,4
C194,P165,Electronics,45.0,0,0,0,4
C194,P142,Books,163.0,0,0,0,4
C194,P109,Books,29.0,1,0,0,4
C194,P191,Fashion,92.0,4,1,0,4
C194,P18,Books,20.0,1,1,1,4
C194,P24,Sports,180.0,1,0,0,4
C194,P60,Fashion,144.0,2,0,0,4
C194,P57,Books,60.0,1,0,0,4
C194,P197,Toys,29.0,0,0,0,4
C194,P133,Toys,82.0,1,0,0,4
C194,P55,Toys,44.0,0,0,0,4
C194,P50,Books,116.0,2,1,0,4
C194,P126,Toys,162.0,1,0,0,4
C194,P45,Fashion,146.0,2,1,1,4
C194,P3,Sports,89.0,0,0,0,4
C194,P76,Sports,196.0,1,1,1,4
C194,P162,Toys,177.0,0,0,0,4
C194,P31,Fashion,30.0,2,1,1,4
C194,P121,Toys,81.0,2,1,1,4
C194,P52,Toys,33.0,2,1,1,4
C195,P128,Fashion,122.0,1,0,0,1
C195,P26,Fashion,184.0,1,1,1,1
C195,P86,Sports,56.0,0,0,0,1
C195,P96,Books,159.0,2,0,0,1
C195,P144,Toys,173.0,1,1,0,1
C195,P134,Electronics,140.0,1,0,0,1
C195,P48,Electronics,59.0,0,0,0,1
C195,P72,Fashion,143.0,0,0,0,1
C195,P191,Fashion,92.0,2,1,1,1
C195,P115,Sports,81.0,0,0,0,1
C195,P60,Fashion,144.0,0,0,0,1
C195,P30,Books,155.0,0,0,0,1
C195,P188,Electronics,81.0,1,0,0,1
C195,P88,Toys,183.0,0,0,0,1
C195,P100,Books,22.0,0,0,0,1
C195,P185,Toys,75.0,1,1,1,1
C195,P189,Toys,10.0,1,0,0,1
C195,P99,Sports,34.0,1,1,0,1
C195,P157,Sports,194.0,0,0,0,1
C195,P68,Toys,35.0,1,0,0,1
C195,P80,Fashion,114.0,1,1,1,1
C195,P84,Toys,114.0,0,0,0,1
C195,P102,Electronics,100.0,0,0,0,1
C195,P32,Sports,30.0,3,0,0,1
C195,P133,Toys,82.0,2,0,0,1
C195,P91,Fashion,158.0,1,0,0,1
C195,P183,Books,127.0,0,0,0,1
C195,P28,Books,38.0,0,0,0,1
C195,P95,Electronics,154.0,0,0,0,1
C195,P73,Books,121.0,2,1,1,1
C196,P170,Toys,158.0,2,1,1,1
C196,P179,Toys,123.0,0,0,0,1
C196,P51,Electronics,76.0,2,1,0,1
C196,P73,Books,121.0,0,0,0,1
C196,P69,Electronics,159.0,5,3,2,1
C196,P41,Electronics,119.0,0,0,0,1
C196,P49,Sports,92.0,1,1,1,1
C196,P53,Fashion,26.0,2,1,1,1
C196,P102,Electronics,100.0,2,0,0,1
C196,P153,Electronics,8.0,5,1,1,1
C196,P110,Fashion,193.0,1,1,1,1
C196,P16,Electronics,152.0,0,0,0,1
C196,P112,Toys,141.0,0,0,0,1
C196,P83,Sports,100.0,0,0,0,1
C196,P166,Sports,94.0,2,0,0,1
C196,P91,Fashion,158.0,0,0,0,1
C196,P140,Sports,135.0,0,0,0,1
C196,P128,Fashion,122.0,0,0,0,1
C196,P94,Sports,180.0,0,0,0,1
C196,P157,Sports,194.0,0,0,0,1
C196,P103,Electronics,83.0,1,1,1,1
C196,P75,Fashion,183.0,0,0,0,1
C196,P152,Fashion,9.0,1,0,0,1
C196,P192,Electronics,94.0,4,1,1,1
C196,P163,Toys,91.0,1,1,1,1
C196,P131,Toys,65.0,0,0,0,1
C196,P107,Sports,170.0,0,0,0,1
C196,P150,Sports,144.0,0,0,0,1
C196,P126,Toys,162.0,0,0,0,1
C196,P123,Books,195.0,0,0,0,1
C197,P56,Electronics,84.0,0,0,0,9
C197,P147,Fashion,79.0,1,0,0,9
C197,P187,Books,153.0,0,0,0,9
C197,P39,Toys,93.0,1,0,0,9
C197,P35,Fashion,87.0,3,0,0,9
C197,P63,Books,117.0,1,0,0,9
C197,P38,Fashion,116.0,0,0,0,9
C197,P107,Sports,170.0,1,0,0,9
C197,P49,Sports,92.0,1,0,0,9
C197,P78,Toys,74.0,2,1,1,9
C197,P67,Electronics,156.0,1,0,0,9
C197,P105,Books,62.0,3,1,1,9
C197,P79,Books,102.0,0,0,0,9
C197,P153,Electronics,8.0,1,0,0,9
C197,P154,Fashion,42.0,0,0,0,9
C197,P28,Books,38.0,0,0,0,9
C197,P176,Books,50.0,1,1,1,9
C197,P93,Fashion,62.0,0,0,0,9
C197,P41,Electronics,119.0,0,0,0,9
C197,P43,Toys,168.0,4,1,0,9
C197,P118,Toys,23.0,4,2,2,9
C197,P26,Fashion,184.0,1,1,1,9
C197,P89,Sports,103.0,1,0,0,9
C197,P182,Electronics,144.0,1,0,0,9
C197,P15,Fashion,43.0,1,0,0,9
C197,P168,Sports,79.0,0,0,0,9
C197,P175,Books,56.0,0,0,0,9
C197,P95,Electronics,154.0,2,1,1,9
C197,P80,Fashion,114.0,2,0,0,9
C197,P125,Electronics,126.0,0,0,0,9
C198,P37,Toys,134.0,0,0,0,4
C198,P118,Toys,23.0,1,0,0,4
C198,P151,Books,103.0,3,2,1,4
C198,P86,Sports,56.0,2,1,1,4
C198,P89,Sports,103.0,3,1,0,4
C198,P152,Fashion,9.0,1,1,1,4
C198,P175,Books,56.0,1,0,0,4
C198,P75,Fashion,183.0,1,0,0,4
C198,P25,Toys,55.0,1,0,0,4
C198,P46,Books,116.0,2,0,0,4
C198,P125,Electronics,126.0,0,0,0,4
C198,P128,Fashion,122.0,2,0,0,4
C198,P34,Toys,18.0,0,0,0,4
C198,P165,Electronics,45.0,0,0,0,4
C198,P92,Electronics,192.0,1,1,1,4
C198,P126,Toys,162.0,1,1,0,4
C198,P64,Fashion,31.0,3,2,1,4
C198,P35,Fashion,87.0,1,0,0,4
C198,P15,Fashion,43.0,3,3,3,4
C198,P119,Fashion,169.0,6,4,4,4
C198,P20,Sports,-1.0,1,0,0,4
C198,P23,Fashion,19.0,2,2,1,4
C198,P186,Fashion,190.0,1,0,0,4
C198,P24,Sports,180.0,0,0,0,4
C198,P13,Sports,111.0,1,0,0,4
C198,P16,Electronics,152.0,0,0,0,4
C198,P14,Toys,175.0,0,0,0,4
C198,P17,Fashion,199.0,1,0,0,4
C198,P154,Fashion,42.0,2,1,1,4
C198,P42,Books,93.0,0,0,0,4
C199,P1,Fashion,132.0,0,0,0,5
C199,P131,Toys,65.0,0,0,0,5
C199,P168,Sports,79.0,1,0,0,5
C199,P78,Toys,74.0,2,2,2,5
C199,P37,Toys,134.0,0,0,0,5
C199,P126,Toys,162.0,1,1,1,5
C199,P87,Toys,30.0,0,0,0,5
C199,P11,Fashion,71.0,1,1,1,5
C199,P28,Books,38.0,0,0,0,5
C199,P132,Fashion,32.0,2,0,0,5
C199,P66,Fashion,176.0,0,0,0,5
C199,P197,Toys,29.0,0,0,0,5
C199,P103,Electronics,83.0,3,1,1,5
C199,P127,Electronics,140.0,4,1,1,5
C199,P196,Electronics,159.0,1,0,0,5
C199,P111,Books,148.0,0,0,0,5
C199,P105,Books,62.0,2,0,0,5
C199,P38,Fashion,116.0,0,0,0,5
C199,P39,Toys,93.0,3,1,1,5
C199,P125,Electronics,126.0,5,0,0,5
C199,P0,Fashion,103.0,0,0,0,5
C199,P58,Toys,39.0,0,0,0,5
C199,P96,Books,159.0,0,0,0,5
C199,P123,Books,195.0,0,0,0,5
C199,P177,Toys,170.0,0,0,0,5
C199,P43,Toys,168.0,0,0,0,5
C199,P40,Books,47.0,1,1,0,5
C199,P55,Toys,44.0,0,0,0,5
C199,P147,Fashion,79.0,2,1,1,5
C199,P141,Books,152.0,0,0,0,5
C200,P34,Toys,18.0,0,0,0,6
C200,P97,Books,107.0,1,0,0,6
C200,P39,Toys,93.0,0,0,0,6
C200,P157,Sports,194.0,0,0,0,6
C200,P189,Toys,10.0,1,0,0,6
C200,P72,Fashion,143.0,0,0,0,6
C200,P27,Electronics,153.0,1,0,0,6
C200,P117,Sports,50.0,1,0,0,6
C200,P75,Fashion,183.0,1,0,0,6
C200,P195,Electronics,98.0,0,0,0,6
C200,P125,Electronics,,0,0,0,6
C200,P12,Toys,193.0,0,0,0,6
C200,P52,Toys,,3,1,1,6
C200,P28,Books,38.0,1,0,0,6
C200,P68,Toys,35.0,5,3,2,6
C200,P145,Sports,130.0,0,0,0,6
C200,P103,Electronics,83.0,0,0,0,6
C200,P162,Toys,177.0,0,0,0,6
C200,P131,Toys,65.0,1,0,0,6
C200,P71,Sports,153.0,0,0,0,6
C200,P196,Electronics,159.0,0,0,0,6
C200,P185,Toys,75.0,2,1,0,6
C200,P7,Sports,128.0,0,0,0,6
C200,P18,Books,20.0,1,0,0,6
C200,P20,Sports,33.0,0,0,0,6
C200,P89,Sports,103.0,1,1,1,6
C200,P30,Books,155.0,0,0,0,6
C200,P57,Books,60.0,0,0,0,6
C200,P133,Toys,82.0,1,1,0,6
C200,P73,Books,121.0,0,0,0,6
C201,P57,Books,60.0,0,0,0,6
C201,P44,Fashion,141.0,1,1,1,6
C201,P137,Sports,44.0,2,1,1,6
C201,P39,Toys,93.0,1,1,0,6
C201,P198,Books,78.0,0,0,0,6
C201,P73,Books,,0,0,0,6
C201,P180,Books,51.0,2,0,0,6
C201,P136,Sports,192.0,0,0,0,6
C201,P131,Toys,65.0,0,0,0,6
C201,P141,Books,152.0,1,1,0,6
C201,P88,Toys,183.0,0,0,0,6
C201,P139,Sports,197.0,3,1,1,6
C201,P43,Toys,168.0,1,1,0,6
C201,P30,Books,155.0,0,0,0,6
C201,P47,Sports,76.0,0,0,0,6
C201,P55,Toys,44.0,3,3,1,6
C201,P110,Fashion,193.0,0,0,0,6
C201,P20,Sports,33.0,4,1,1,6
C201,P54,Sports,13.0,2,1,0,6
C201,P108,Toys,161.0,0,0,0,6
C201,P162,Toys,177.0,0,0,0,6
C201,P192,Electronics,94.0,0,0,0,6
C201,P62,Toys,184.0,0,0,0,6
C201,P199,Electronics,48.0,3,2,2,6
C201,P81,Electronics,20.0,2,0,0,6
C201,P67,Electronics,156.0,0,0,0,6
C201,P78,Toys,74.0,0,0,0,6
C201,P118,Toys,23.0,0,0,0,6
C201,P117,Sports,50.0,1,0,0,6
C201,P65,Electronics,194.0,0,0,0,6
C202,P199,Electronics,48.0,0,0,0,2
C202,P75,Fashion,183.0,0,0,0,2
C202,P22,Sports,65.0,3,0,0,2
C202,P118,Toys,23.0,2,0,0,2
C202,P42,Books,93.0,1,1,1,2
C202,P127,Electronics,140.0,0,0,0,2
C202,P61,Fashion,66.0,1,1,0,2
C202,P175,Books,56.0,3,1,1,2
C202,P109,Books,29.0,2,1,1,2
C202,P66,Fashion,176.0,0,0,0,2
C202,P91,Fashion,158.0,0,0,0,2
C202,P5,Books,174.0,0,0,0,2
C202,P7,Sports,128.0,8,1,1,2
C202,P85,Fashion,46.0,0,0,0,2
C202,P37,Toys,134.0,1,0,0,2
C202,P25,Toys,55.0,0,0,0,2
C202,P68,Toys,35.0,1,0,0,2
C202,P198,Books,78.0,2,0,0,2
C202,P144,Toys,173.0,0,0,0,2
C202,P163,Toys,91.0,1,0,0,2
C202,P30,Books,155.0,2,0,0,2
C202,P48,Electronics,59.0,0,0,0,2
C202,P186,Fashion,190.0,1,1,1,2
C202,P45,Fashion,146.0,0,0,0,2
C202,P47,Sports,76.0,2,2,1,2
C202,P139,Sports,197.0,1,0,0,2
C202,P150,Sports,144.0,5,1,0,2
C202,P137,Sports,44.0,4,1,0,2
C202,P113,Sports,41.0,2,0,0,2
C202,P169,Sports,8.0,3,2,1,2
C203,P41,Electronics,119.0,1,1,0,7
C203,P152,Fashion,9.0,0,0,0,7
C203,P22,Sports,65.0,1,0,0,7
C203,P52,Toys,33.0,1,0,0,7
C203,P129,Sports,106.0,0,0,0,7
C203,P76,Sports,196.0,2,2,2,7
C203,P177,Toys,170.0,1,1,1,7
C203,P155,Sports,101.0,0,0,0,7
C203,P138,Sports,10.0,2,0,0,7
C203,P32,Sports,30.0,1,0,0,7
C203,P42,Books,93.0,0,0,0,7
C203,P149,Fashion,79.0,0,0,0,7
C203,P180,Books,51.0,0,0,0,7
C203,P97,Books,107.0,1,1,0,7
C203,P107,Sports,170.0,1,0,0,7
C203,P174,Fashion,80.0,0,0,0,7
C203,P6,Sports,66.0,1,1,1,7
C203,P192,Electronics,94.0,0,0,0,7
C203,P135,Electronics,188.0,0,0,0,7
C203,P179,Toys,123.0,0,0,0,7
C203,P103,Electronics,83.0,1,1,1,7
C203,P7,Sports,128.0,0,0,0,7
C203,P66,Fashion,176.0,0,0,0,7
C203,P45,Fashion,146.0,0,0,0,7
C203,P51,Electronics,76.0,0,0,0,7
C203,P120,Electronics,118.0,0,0,0,7
C203,P146,Electronics,130.0,0,0,0,7
C203,P43,Toys,168.0,0,0,0,7
C203,P104,Sports,147.0,2,0,0,7
C203,P131,Toys,65.0,1,0,0,7
C204,P114,Electronics,184.0,0,0,0,5
C204,P175,Books,56.0,1,1,1,5
C204,P19,Books,52.0,2,1,1,5
C204,P193,Books,77.0,1,0,0,5
C204,P20,Sports,33.0,1,1,1,5
C204,P36,Sports,98.0,0,0,0,5
C204,P103,Electronics,83.0,4,0,0,5
C204,P77,Fashion,139.0,4,1,1,5
C204,P91,Fashion,158.0,0,0,0,5
C204,P144,Toys,173.0,2,0,0,5
C204,P42,Books,93.0,0,0,0,5
C204,P102,Electronics,100.0,3,0,0,5
C204,P101,Electronics,193.0,3,1,1,5
C204,P80,Fashion,114.0,0,0,0,5
C204,P60,Fashion,144.0,0,0,0,5
C204,P48,Electronics,59.0,2,1,1,5
C204,P98,Fashion,182.0,0,0,0,5
C204,P120,Electronics,118.0,2,0,0,5
C204,P169,Sports,8.0,1,0,0,5
C204,P168,Sports,79.0,1,1,1,5
C204,P143,Fashion,75.0,0,0,0,5
C204,P179,Toys,123.0,2,2,2,5
C204,P28,Books,38.0,1,0,0,5
C204,P49,Sports,92.0,1,1,0,5
C204,P93,Fashion,62.0,1,0,0,5
C204,P182,Electronics,144.0,1,0,0,5
C204,P151,Books,103.0,1,0,0,5
C204,P199,Electronics,48.0,2,0,0,5
C204,P61,Fashion,66.0,3,1,0,5
C204,P126,Toys,162.0,0,0,0,5
C205,P26,Fashion,184.0,1,1,1,1
C205,P192,Electronics,94.0,1,0,0,1
C205,P104,Sports,147.0,1,0,0,1
C205,P8,Toys,21.0,0,0,0,1
C205,P109,Books,29.0,0,0,0,1
C205,P94,Sports,180.0,0,0,0,1
C205,P100,Books,22.0,1,1,1,1
C205,P38,Fashion,116.0,2,2,1,1
C205,P140,Sports,135.0,1,1,1,1
C205,P135,Electronics,188.0,0,0,0,1
C205,P97,Books,107.0,0,0,0,1
C205,P88,Toys,183.0,0,0,0,1
C205,P146,Electronics,130.0,1,1,0,1
C205,P5,Books,174.0,0,0,0,1
C205,P52,Toys,33.0,0,0,0,1
C205,P73,Books,121.0,1,1,0,1
C205,P158,Fashion,156.0,0,0,0,1
C205,P36,Sports,98.0,2,1,0,1
C205,P7,Sports,128.0,4,2,2,1
C205,P21,Electronics,55.0,3,1,1,1
C205,P186,Fashion,190.0,0,0,0,1
C205,P185,Toys,75.0,0,0,0,1
C205,P91,Fashion,158.0,0,0,0,1
C205,P105,Books,62.0,0,0,0,1
C205,P87,Toys,30.0,0,0,0,1
C205,P63,Books,117.0,1,0,0,1
C205,P69,Electronics,159.0,0,0,0,1
C205,P74,Electronics,71.0,1,1,1,1
C205,P114,Electronics,184.0,0,0,0,1
C205,P58,Toys,39.0,1,0,0,1
C206,P58,Toys,39.0,2,1,0,3
C206,P66,Fashion,176.0,2,0,0,3
C206,P115,Sports,81.0,0,0,0,3
C206,P172,Electronics,90.0,0,0,0,3
C206,P91,Fashion,158.0,0,0,0,3
C206,P30,Books,155.0,0,0,0,3
C206,P156,Sports,121.0,0,0,0,3
C206,P42,Books,93.0,0,0,0,3
C206,P125,Electronics,126.0,0,0,0,3
C206,P57,Books,60.0,0,0,0,3
C206,P169,Sports,8.0,0,0,0,3
C206,P22,Sports,65.0,1,0,0,3
C206,P118,Toys,23.0,1,0,0,3
C206,P4,Books,177.0,1,1,1,3
C206,P82,Electronics,22.0,2,1,1,3
C206,P26,Fashion,184.0,0,0,0,3
C206,P63,Books,117.0,0,0,0,3
C206,P77,Fashion,139.0,1,1,1,3
C206,P194,Toys,196.0,0,0,0,3
C206,P83,Sports,100.0,0,0,0,3
C206,P86,Sports,56.0,0,0,0,3
C206,P72,Fashion,143.0,0,0,0,3
C206,P188,Electronics,81.0,0,0,0,3
C206,P47,Sports,76.0,1,0,0,3
C206,P105,Books,62.0,0,0,0,3
C206,P124,Sports,7.0,3,0,0,3
C206,P171,Books,64.0,1,1,1,3
C206,P133,Toys,82.0,2,1,0,3
C206,P3,Sports,89.0,0,0,0,3
C206,P181,Electronics,162.0,0,0,0,3
C207,P71,Sports,-1.0,0,0,0,2
C207,P51,Electronics,76.0,0,0,0,2
C207,P15,Fashion,43.0,2,1,1,2
C207,P192,Electronics,94.0,0,0,0,2
C207,P48,Electronics,59.0,0,0,0,2
C207,P106,Fashion,129.0,3,1,1,2
C207,P188,Electronics,81.0,2,0,0,2
C207,P197,Toys,29.0,0,0,0,2
C207,P116,Sports,188.0,2,1,1,2
C207,P128,Fashion,122.0,1,0,0,2
C207,P29,Toys,141.0,1,0,0,2
C207,P14,Toys,175.0,0,0,0,2
C207,P37,Toys,134.0,2,2,2,2
C207,P49,Sports,92.0,0,0,0,2
C207,P10,Sports,57.0,0,0,0,2
C207,P45,Fashion,146.0,1,1,1,2
C207,P177,Toys,170.0,1,1,1,2
C207,P1,Fashion,132.0,0,0,0,2
C207,P46,Books,116.0,3,1,1,2
C207,P140,Sports,135.0,2,1,1,2
C207,P110,Fashion,193.0,0,0,0,2
C207,P173,Sports,199.0,0,0,0,2
C207,P111,Books,148.0,0,0,0,2
C207,P129,Sports,106.0,1,1,1,2
C207,P68,Toys,35.0,0,0,0,2
C207,P185,Toys,75.0,0,0,0,2
C207,P112,Toys,141.0,0,0,0,2
C207,P100,Books,22.0,0,0,0,2
C207,P158,Fashion,156.0,2,1,1,2
C207,P40,Books,47.0,2,1,1,2
C208,P163,Toys,91.0,0,0,0,9
C208,P3,Sports,89.0,0,0,0,9
C208,P146,Electronics,,0,0,0,9
C208,P144,Toys,173.0,0,0,0,9
C208,P100,Books,22.0,2,0,0,9
C208,P27,Electronics,153.0,0,0,0,9
C208,P77,Fashion,139.0,1,1,0,9
C208,P23,Fashion,19.0,1,1,1,9
C208,P68,Toys,35.0,0,0,0,9
C208,P64,Fashion,31.0,3,2,1,9
C208,P138,Sports,10.0,1,0,0,9
C208,P158,Fashion,156.0,0,0,0,9
C208,P93,Fashion,62.0,2,1,1,9
C208,P36,Sports,98.0,0,0,0,9
C208,P62,Toys,184.0,2,0,0,9
C208,P126,Toys,162.0,0,0,0,9
C208,P73,Books,121.0,1,0,0,9
C208,P196,Electronics,159.0,0,0,0,9
C208,P89,Sports,103.0,0,0,0,9
C208,P24,Sports,180.0,0,0,0,9
C208,P60,Fashion,144.0,0,0,0,9
C208,P152,Fashion,9.0,0,0,0,9
C208,P190,Fashion,30.0,0,0,0,9
C208,P44,Fashion,141.0,0,0,0,9
C208,P128,Fashion,122.0,1,0,0,9
C208,P108,Toys,161.0,1,1,0,9
C208,P48,Electronics,59.0,0,0,0,9
C208,P63,Books,117.0,1,0,0,9
C208,P124,Sports,7.0,0,0,0,9
C208,P191,Fashion,92.0,0,0,0,9
C209,P14,Toys,175.0,2,0,0,4
C209,P33,Books,78.0,1,0,0,4
C209,P197,Toys,29.0,0,0,0,4
C209,P142,Books,163.0,0,0,0,4
C209,P143,Fashion,75.0,3,1,1,4
C209,P21,Electronics,55.0,3,0,0,4
C209,P45,Fashion,146.0,0,0,0,4
C209,P130,Sports,109.0,1,1,0,4
C209,P166,Sports,94.0,1,1,1,4
C209,P173,Sports,199.0,0,0,0,4
C209,P102,Electronics,100.0,0,0,0,4
C209,P119,Fashion,169.0,0,0,0,4
C209,P194,Toys,196.0,0,0,0,4
C209,P92,Electronics,192.0,4,1,1,4
C209,P60,Fashion,144.0,1,1,1,4
C209,P27,Electronics,153.0,2,2,2,4
C209,P16,Electronics,152.0,3,0,0,4
C209,P84,Toys,114.0,1,1,1,4
C209,P6,Sports,66.0,0,0,0,4
C209,P95,Electronics,154.0,3,2,1,4
C209,P118,Toys,23.0,2,1,0,4
C209,P125,Electronics,126.0,1,1,1,4
C209,P140,Sports,135.0,2,1,0,4
C209,P171,Books,64.0,0,0,0,4
C209,P26,Fashion,184.0,0,0,0,4
C209,P54,Sports,13.0,2,2,1,4
C209,P110,Fashion,193.0,0,0,0,4
C209,P137,Sports,44.0,1,0,0,4
C209,P141,Books,152.0,2,1,1,4
C209,P160,Books,105.0,2,1,1,4
C210,P100,Books,22.0,0,0,0,0
C210,P10,Sports,57.0,2,0,0,0
C210,P186,Fashion,190.0,0,0,0,0
C210,P105,Books,62.0,3,0,0,0
C210,P163,Toys,91.0,0,0,0,0
C210,P184,Fashion,87.0,2,2,2,0
C210,P180,Books,51.0,2,0,0,0
C210,P169,Sports,8.0,1,1,0,0
C210,P18,Books,20.0,1,0,0,0
C210,P118,Toys,23.0,3,1,1,0
C210,P164,Electronics,144.0,0,0,0,0
C210,P192,Electronics,94.0,0,0,0,0
C210,P45,Fashion,146.0,5,3,3,0
C210,P178,Electronics,46.0,1,0,0,0
C210,P119,Fashion,169.0,1,1,1,0
C210,P47,Sports,76.0,2,1,1,0
C210,P77,Fashion,139.0,6,4,3,0
C210,P33,Books,78.0,2,1,1,0
C210,P64,Fashion,31.0,6,4,3,0
C210,P196,Electronics,159.0,1,0,0,0
C210,P126,Toys,162.0,1,1,1,0
C210,P86,Sports,56.0,0,0,0,0
C210,P60,Fashion,144.0,2,1,1,0
C210,P138,Sports,10.0,4,2,1,0
C210,P153,Electronics,8.0,0,0,0,0
C210,P165,Electronics,45.0,1,0,0,0
C210,P113,Sports,41.0,0,0,0,0
C210,P127,Electronics,140.0,1,0,0,0
C210,P198,Books,78.0,3,2,2,0
C210,P150,Sports,144.0,1,1,1,0
C211,P38,Fashion,116.0,0,0,0,0
C211,P81,Electronics,20.0,0,0,0,0
C211,P171,Books,64.0,0,0,0,0
C211,P104,Sports,147.0,0,0,0,0
C211,P183,Books,127.0,0,0,0,0
C211,P148,Fashion,71.0,4,3,2,0
C211,P96,Books,159.0,1,0,0,0
C211,P52,Toys,33.0,1,0,0,0
C211,P144,Toys,173.0,1,0,0,0
C211,P192,Electronics,94.0,0,0,0,0
C211,P94,Sports,180.0,2,0,0,0
C211,P75,Fashion,183.0,0,0,0,0
C211,P49,Sports,92.0,0,0,0,0
C211,P91,Fashion,158.0,1,1,1,0
C211,P199,Electronics,48.0,1,0,0,0
C211,P163,Toys,91.0,1,0,0,0
C211,P141,Books,152.0,0,0,0,0
C211,P95,Electronics,154.0,0,0,0,0
C211,P194,Toys,196.0,0,0,0,0
C211,P58,Toys,39.0,0,0,0,0
C211,P82,Electronics,22.0,0,0,0,0
C211,P85,Fashion,46.0,2,1,1,0
C211,P31,Fashion,30.0,2,2,1,0
C211,P88,Toys,183.0,1,1,1,0
C211,P124,Sports,7.0,3,0,0,0
C211,P189,Toys,10.0,2,0,0,0
C211,P131,Toys,65.0,0,0,0,0
C211,P138,Sports,10.0,1,0,0,0
C211,P54,Sports,13.0,4,2,1,0
C211,P32,Sports,30.0,1,0,0,0
C212,P199,Electronics,48.0,1,0,0,9
C212,P38,Fashion,116.0,0,0,0,9
C212,P182,Electronics,144.0,1,1,1,9
C212,P108,Toys,161.0,1,1,1,9
C212,P123,Books,195.0,0,0,0,9
C212,P186,Fashion,190.0,0,0,0,9
C212,P159,Sports,60.0,2,1,1,9
C212,P127,Electronics,140.0,0,0,0,9
C212,P31,Fashion,30.0,0,0,0,9
C212,P183,Books,127.0,0,0,0,9
C212,P163,Toys,91.0,1,0,0,9
C212,P82,Electronics,22.0,3,2,2,9
C212,P126,Toys,162.0,0,0,0,9
C212,P72,Fashion,143.0,1,1,1,9
C212,P191,Fashion,92.0,1,0,0,9
C212,P70,Electronics,141.0,0,0,0,9
C212,P190,Fashion,30.0,1,1,1,9
C212,P143,Fashion,75.0,1,0,0,9
C212,P30,Books,155.0,1,0,0,9
C212,P76,Sports,196.0,0,0,0,9
C212,P39,Toys,93.0,0,0,0,9
C212,P17,Fashion,199.0,0,0,0,9
C212,P164,Electronics,144.0,0,0,0,9
C212,P84,Toys,114.0,1,1,1,9
C212,P148,Fashion,71.0,1,0,0,9
C212,P174,Fashion,80.0,1,0,0,9
C212,P171,Books,64.0,0,0,0,9
C212,P193,Books,77.0,0,0,0,9
C212,P97,Books,107.0,1,1,1,9
C212,P13,Sports,111.0,0,0,0,9
C213,P98,Fashion,182.0,1,0,0,0
C213,P73,Books,121.0,1,0,0,0
C213,P56,Electronics,84.0,1,1,0,0
C213,P114,Electronics,184.0,0,0,0,0
C213,P0,Fashion,103.0,1,0,0,0
C213,P193,Books,77.0,3,0,0,0
C213,P39,Toys,93.0,0,0,0,0
C213,P13,Sports,111.0,1,0,0,0
C213,P140,Sports,135.0,1,1,0,0
C213,P57,Books,60.0,0,0,0,0
C213,P106,Fashion,129.0,0,0,0,0
C213,P79,Books,102.0,0,0,0,0
C213,P110,Fashion,193.0,0,0,0,0
C213,P137,Sports,44.0,4,2,1,0
C213,P6,Sports,66.0,1,0,0,0
C213,P157,Sports,194.0,0,0,0,0
C213,P11,Fashion,71.0,2,2,1,0
C213,P2,Electronics,36.0,0,0,0,0
C213,P165,Electronics,45.0,0,0,0,0
C213,P71,Sports,153.0,0,0,0,0
C213,P121,Toys,81.0,2,2,1,0
C213,P128,Fashion,122.0,0,0,0,0
C213,P93,Fashion,62.0,2,0,0,0
C213,P112,Toys,141.0,0,0,0,0
C213,P50,Books,116.0,0,0,0,0
C213,P86,Sports,56.0,0,0,0,0
C213,P122,Sports,195.0,0,0,0,0
C213,P20,Sports,33.0,2,0,0,0
C213,P35,Fashion,87.0,2,1,0,0
C213,P132,Fashion,32.0,2,0,0,0
C214,P49,Sports,92.0,1,0,0,1
C214,P132,Fashion,32.0,0,0,0,1
C214,P28,Books,38.0,0,0,0,1
C214,P173,Sports,199.0,0,0,0,1
C214,P51,Electronics,76.0,4,1,1,1
C214,P47,Sports,76.0,1,1,1,1
C214,P124,Sports,7.0,0,0,0,1
C214,P113,Sports,41.0,1,1,0,1
C214,P134,Electronics,140.0,0,0,0,1
C214,P41,Electronics,119.0,1,1,1,1
C214,P10,Sports,57.0,1,0,0,1
C214,P4,Books,177.0,0,0,0,1
C214,P56,Electronics,84.0,1,1,1,1
C214,P147,Fashion,79.0,2,1,1,1
C214,P157,Sports,194.0,0,0,0,1
C214,P60,Fashion,144.0,0,0,0,1
C214,P121,Toys,81.0,3,1,1,1
C214,P76,Sports,196.0,1,1,0,1
C214,P144,Toys,173.0,1,1,1,1
C214,P138,Sports,10.0,1,0,0,1
C214,P131,Toys,65.0,1,1,1,1
C214,P1,Fashion,132.0,2,0,0,1
C214,P135,Electronics,188.0,1,0,0,1
C214,P118,Toys,23.0,1,0,0,1
C214,P158,Fashion,156.0,0,0,0,1
C214,P62,Toys,184.0,2,1,1,1
C214,P43,Toys,,6,1,1,1
C214,P73,Books,121.0,2,2,2,1
C214,P87,Toys,30.0,1,1,0,1
C214,P120,Electronics,118.0,0,0,0,1
C215,P173,Sports,199.0,0,0,0,2
C215,P96,Books,159.0,0,0,0,2
C215,P118,Toys,23.0,3,1,1,2
C215,P103,Electronics,83.0,0,0,0,2
C215,P121,Toys,81.0,0,0,0,2
C215,P122,Sports,195.0,0,0,0,2
C215,P123,Books,195.0,0,0,0,2
C215,P68,Toys,35.0,1,0,0,2
C215,P11,Fashion,71.0,1,0,0,2
C215,P128,Fashion,122.0,0,0,0,2
C215,P174,Fashion,80.0,1,1,0,2
C215,P63,Books,117.0,0,0,0,2
C215,P151,Books,103.0,0,0,0,2
C215,P70,Electronics,141.0,0,0,0,2
C215,P41,Electronics,119.0,0,0,0,2
C215,P169,Sports,8.0,0,0,0,2
C215,P53,Fashion,26.0,4,1,1,2
C215,P20,Sports,33.0,0,0,0,2
C215,P38,Fashion,116.0,0,0,0,2
C215,P171,Books,64.0,2,0,0,2
C215,P172,Electronics,90.0,0,0,0,2
C215,P112,Toys,141.0,0,0,0,2
C215,P90,Fashion,58.0,0,0,0,2
C215,P129,Sports,106.0,0,0,0,2
C215,P17,Fashion,199.0,1,0,0,2
C215,P194,Toys,196.0,0,0,0,2
C215,P32,Sports,30.0,0,0,0,2
C215,P182,Electronics,144.0,0,0,0,2
C215,P4,Books,177.0,0,0,0,2
C215,P186,Fashion,190.0,1,1,1,2
C216,P197,Toys,29.0,0,0,0,9
C216,P74,Electronics,71.0,2,2,2,9
C216,P81,Electronics,20.0,2,0,0,9
C216,P166,Sports,94.0,1,1,0,9
C216,P154,Fashion,42.0,0,0,0,9
C216,P90,Fashion,58.0,1,1,1,9
C216,P131,Toys,65.0,0,0,0,9
C216,P39,Toys,93.0,0,0,0,9
C216,P191,Fashion,92.0,0,0,0,9
C216,P33,Books,78.0,0,0,0,9
C216,P126,Toys,162.0,0,0,0,9
C216,P104,Sports,147.0,0,0,0,9
C216,P182,Electronics,144.0,0,0,0,9
C216,P91,Fashion,158.0,0,0,0,9
C216,P177,Toys,170.0,0,0,0,9
C216,P181,Electronics,162.0,0,0,0,9
C216,P58,Toys,39.0,0,0,0,9
C216,P112,Toys,141.0,1,1,1,9
C216,P128,Fashion,122.0,0,0,0,9
C216,P151,Books,103.0,0,0,0,9
C216,P121,Toys,81.0,1,1,0,9
C216,P94,Sports,180.0,1,0,0,9
C216,P75,Fashion,183.0,0,0,0,9
C216,P148,Fashion,71.0,1,0,0,9
C216,P84,Toys,114.0,0,0,0,9
C216,P159,Sports,60.0,0,0,0,9
C216,P140,Sports,135.0,1,0,0,9
C216,P136,Sports,192.0,0,0,0,9
C216,P138,Sports,10.0,1,0,0,9
C216,P98,Fashion,182.0,1,0,0,9
C217,P42,Books,93.0,0,0,0,9
C217,P46,Books,116.0,3,2,2,9
C217,P199,Electronics,48.0,3,1,1,9
C217,P50,Books,116.0,2,0,0,9
C217,P75,Fashion,183.0,0,0,0,9
C217,P22,Sports,65.0,1,0,0,9
C217,P29,Toys,141.0,3,1,1,9
C217,P10,Sports,57.0,0,0,0,9
C217,P18,Books,20.0,0,0,0,9
C217,P20,Sports,33.0,0,0,0,9
C217,P130,Sports,109.0,0,0,0,9
C217,P149,Fashion,79.0,2,0,0,9
C217,P23,Fashion,19.0,2,2,1,9
C217,P191,Fashion,92.0,0,0,0,9
C217,P89,Sports,103.0,1,1,1,9
C217,P54,Sports,13.0,1,0,0,9
C217,P62,Toys,184.0,1,1,1,9
C217,P47,Sports,76.0,0,0,0,9
C217,P100,Books,22.0,1,0,0,9
C217,P129,Sports,106.0,2,1,1,9
C217,P184,Fashion,87.0,1,1,0,9
C217,P88,Toys,183.0,1,1,1,9
C217,P172,Electronics,90.0,1,1,0,9
C217,P61,Fashion,66.0,1,0,0,9
C217,P161,Electronics,150.0,1,1,1,9
C217,P109,Books,29.0,0,0,0,9
C217,P21,Electronics,55.0,2,0,0,9
C217,P40,Books,47.0,0,0,0,9
C217,P171,Books,64.0,2,1,0,9
C217,P196,Electronics,159.0,4,0,0,9
C218,P122,Sports,195.0,0,0,0,1
C218,P61,Fashion,66.0,2,0,0,1
C218,P139,Sports,197.0,2,1,1,1
C218,P149,Fashion,79.0,2,0,0,1
C218,P1,Fashion,132.0,0,0,0,1
C218,P133,Toys,82.0,3,0,0,1
C218,P114,Electronics,184.0,0,0,0,1
C218,P44,Fashion,141.0,0,0,0,1
C218,P178,Electronics,46.0,1,1,1,1
C218,P98,Fashion,182.0,0,0,0,1
C218,P16,Electronics,152.0,0,0,0,1
C218,P138,Sports,10.0,3,0,0,1
C218,P184,Fashion,87.0,1,0,0,1
C218,P73,Books,121.0,1,1,1,1
C218,P186,Fashion,190.0,0,0,0,1
C218,P52,Toys,33.0,5,2,1,1
C218,P22,Sports,65.0,3,0,0,1
C218,P130,Sports,109.0,1,1,1,1
C218,P153,Electronics,8.0,2,2,2,1
C218,P119,Fashion,169.0,0,0,0,1
C218,P2,Electronics,36.0,2,1,0,1
C218,P27,Electronics,153.0,0,0,0,1
C218,P144,Toys,173.0,4,3,3,1
C218,P157,Sports,194.0,1,1,0,1
C218,P187,Books,153.0,0,0,0,1
C218,P129,Sports,106.0,0,0,0,1
C218,P96,Books,159.0,1,0,0,1
C218,P102,Electronics,100.0,0,0,0,1
C218,P198,Books,78.0,3,2,2,1
C218,P47,Sports,76.0,0,0,0,1
C219,P116,Sports,188.0,0,0,0,9
C219,P79,Books,102.0,1,1,1,9
C219,P155,Sports,101.0,0,0,0,9
C219,P189,Toys,10.0,0,0,0,9
C219,P158,Fashion,156.0,1,0,0,9
C219,P21,Electronics,55.0,1,0,0,9
C219,P43,Toys,168.0,0,0,0,9
C219,P172,Electronics,90.0,0,0,0,9
C219,P41,Electronics,119.0,0,0,0,9
C219,P34,Toys,18.0,1,1,1,9
C219,P61,Fashion,66.0,4,3,2,9
C219,P68,Toys,35.0,0,0,0,9
C219,P98,Fashion,182.0,2,0,0,9
C219,P139,Sports,197.0,0,0,0,9
C219,P94,Sports,180.0,0,0,0,9
C219,P138,Sports,10.0,1,0,0,9
C219,P62,Toys,184.0,1,1,0,9
C219,P106,Fashion,129.0,1,0,0,9
C219,P10,Sports,57.0,0,0,0,9
C219,P113,Sports,41.0,3,2,2,9
C219,P167,Toys,181.0,0,0,0,9
C219,P130,Sports,109.0,0,0,0,9
C219,P183,Books,127.0,0,0,0,9
C219,P129,Sports,106.0,2,1,1,9
C219,P93,Fashion,62.0,2,0,0,9
C219,P96,Books,159.0,1,0,0,9
C219,P124,Sports,7.0,0,0,0,9
C219,P195,Electronics,98.0,0,0,0,9
C219,P126,Toys,162.0,1,0,0,9
C219,P87,Toys,30.0,0,0,0,9
C220,P138,Sports,10.0,0,0,0,8
C220,P135,Electronics,188.0,0,0,0,8
C220,P88,Toys,183.0,0,0,0,8
C220,P107,Sports,170.0,0,0,0,8
C220,P98,Fashion,182.0,1,0,0,8
C220,P6,Sports,66.0,0,0,0,8
C220,P184,Fashion,87.0,2,1,1,8
C220,P186,Fashion,190.0,1,0,0,8
C220,P174,Fashion,80.0,2,0,0,8
C220,P71,Sports,153.0,2,1,1,8
C220,P19,Books,52.0,1,0,0,8
C220,P192,Electronics,94.0,1,1,1,8
C220,P39,Toys,93.0,0,0,0,8
C220,P27,Electronics,153.0,1,0,0,8
C220,P8,Toys,21.0,2,1,1,8
C220,P124,Sports,7.0,1,1,0,8
C220,P75,Fashion,183.0,0,0,0,8
C220,P177,Toys,170.0,0,0,0,8
C220,P86,Sports,56.0,1,0,0,8
C220,P84,Toys,114.0,0,0,0,8
C220,P81,Electronics,20.0,2,1,1,8
C220,P134,Electronics,140.0,0,0,0,8
C220,P182,Electronics,144.0,0,0,0,8
C220,P73,Books,121.0,0,0,0,8
C220,P122,Sports,195.0,1,0,0,8
C220,P48,Electronics,59.0,1,1,1,8
C220,P169,Sports,8.0,1,0,0,8
C220,P145,Sports,130.0,0,0,0,8
C220,P168,Sports,79.0,0,0,0,8
C220,P54,Sports,13.0,2,0,0,8
C221,P37,Toys,134.0,0,0,0,0
C221,P0,Fashion,103.0,0,0,0,0
C221,P93,Fashion,62.0,3,0,0,0
C221,P129,Sports,106.0,1,0,0,0
C221,P131,Toys,65.0,1,0,0,0
C221,P73,Books,121.0,1,1,1,0
C221,P183,Books,127.0,0,0,0,0
C221,P52,Toys,33.0,4,1,1,0
C221,P85,Fashion,46.0,3,2,1,0
C221,P45,Fashion,146.0,0,0,0,0
C221,P150,Sports,144.0,3,0,0,0
C221,P88,Toys,183.0,0,0,0,0
C221,P40,Books,47.0,1,1,1,0
C221,P103,Electronics,83.0,1,1,1,0
C221,P142,Books,163.0,0,0,0,0
C221,P158,Fashion,156.0,0,0,0,0
C221,P31,Fashion,30.0,0,0,0,0
C221,P168,Sports,79.0,4,2,1,0
C221,P149,Fashion,79.0,2,0,0,0
C221,P106,Fashion,129.0,0,0,0,0
C221,P111,Books,148.0,1,0,0,0
C221,P139,Sports,197.0,1,0,0,0
C221,P195,Electronics,98.0,1,1,1,0
C221,P199,Electronics,48.0,2,0,0,0
C221,P125,Electronics,126.0,0,0,0,0
C221,P83,Sports,100.0,3,2,2,0
C221,P148,Fashion,71.0,1,0,0,0
C221,P171,Books,64.0,1,0,0,0
C221,P39,Toys,93.0,0,0,0,0
C221,P189,Toys,10.0,1,0,0,0
C222,P76,Sports,196.0,0,0,0,5
C222,P158,Fashion,156.0,2,0,0,5
C222,P117,Sports,50.0,1,0,0,5
C222,P135,Electronics,188.0,0,0,0,5
C222,P175,Books,56.0,1,0,0,5
C222,P4,Books,177.0,1,1,0,5
C222,P28,Books,38.0,1,0,0,5
C222,P50,Books,116.0,0,0,0,5
C222,P98,Fashion,182.0,1,1,0,5
C222,P144,Toys,173.0,1,1,1,5
C222,P142,Books,163.0,0,0,0,5
C222,P38,Fashion,116.0,0,0,0,5
C222,P134,Electronics,140.0,0,0,0,5
C222,P61,Fashion,66.0,1,0,0,5
C222,P69,Electronics,159.0,0,0,0,5
C222,P92,Electronics,192.0,1,0,0,5
C222,P13,Sports,111.0,1,1,1,5
C222,P54,Sports,13.0,3,2,2,5
C222,P79,Books,102.0,0,0,0,5
C222,P41,Electronics,119.0,0,0,0,5
C222,P154,Fashion,42.0,0,0,0,5
C222,P55,Toys,44.0,3,3,2,5
C222,P99,Sports,34.0,1,1,0,5
C222,P88,Toys,183.0,2,0,0,5
C222,P107,Sports,170.0,0,0,0,5
C222,P23,Fashion,19.0,0,0,0,5
C222,P16,Electronics,152.0,0,0,0,5
C222,P185,Toys,75.0,6,3,1,5
C222,P172,Electronics,90.0,2,0,0,5
C222,P108,Toys,161.0,0,0,0,5
C223,P121,Toys,81.0,0,0,0,8
C223,P15,Fashion,43.0,1,1,1,8
C223,P51,Electronics,76.0,0,0,0,8
C223,P178,Electronics,46.0,0,0,0,8
C223,P75,Fashion,183.0,0,0,0,8
C223,P6,Sports,66.0,1,0,0,8
C223,P78,Toys,74.0,0,0,0,8
C223,P166,Sports,94.0,0,0,0,8
C223,P164,Electronics,144.0,0,0,0,8
C223,P136,Sports,192.0,0,0,0,8
C223,P156,Sports,121.0,0,0,0,8
C223,P123,Books,195.0,1,0,0,8
C223,P137,Sports,44.0,0,0,0,8
C223,P130,Sports,109.0,1,0,0,8
C223,P193,Books,77.0,0,0,0,8
C223,P108,Toys,161.0,0,0,0,8
C223,P26,Fashion,184.0,2,1,0,8
C223,P135,Electronics,188.0,0,0,0,8
C223,P100,Books,22.0,5,2,1,8
C223,P170,Toys,158.0,0,0,0,8
C223,P31,Fashion,30.0,0,0,0,8
C223,P158,Fashion,156.0,0,0,0,8
C223,P116,Sports,188.0,0,0,0,8
C223,P50,Books,116.0,0,0,0,8
C223,P16,Electronics,152.0,0,0,0,8
C223,P154,Fashion,42.0,0,0,0,8
C223,P172,Electronics,90.0,0,0,0,8
C223,P58,Toys,39.0,0,0,0,8
C223,P77,Fashion,139.0,2,0,0,8
C223,P70,Electronics,141.0,0,0,0,8
C224,P121,Toys,81.0,2,1,1,5
C224,P86,Sports,56.0,1,1,1,5
C224,P74,Electronics,71.0,0,0,0,5
C224,P72,Fashion,143.0,0,0,0,5
C224,P197,Toys,29.0,0,0,0,5
C224,P143,Fashion,75.0,0,0,0,5
C224,P6,Sports,66.0,0,0,0,5
C224,P193,Books,77.0,0,0,0,5
C224,P14,Toys,175.0,1,0,0,5
C224,P103,Electronics,83.0,5,1,1,5
C224,P36,Sports,98.0,0,0,0,5
C224,P173,Sports,199.0,1,1,1,5
C224,P98,Fashion,182.0,0,0,0,5
C224,P186,Fashion,190.0,0,0,0,5
C224,P109,Books,29.0,3,1,1,5
C224,P27,Electronics,153.0,2,0,0,5
C224,P100,Books,22.0,0,0,0,5
C224,P115,Sports,81.0,0,0,0,5
C224,P85,Fashion,46.0,0,0,0,5
C224,P149,Fashion,79.0,0,0,0,5
C224,P75,Fashion,183.0,0,0,0,5
C224,P8,Toys,,0,0,0,5
C224,P185,Toys,75.0,1,0,0,5
C224,P9,Toys,163.0,0,0,0,5
C224,P90,Fashion,58.0,0,0,0,5
C224,P23,Fashion,19.0,0,0,0,5
C224,P63,Books,117.0,0,0,0,5
C224,P107,Sports,170.0,0,0,0,5
C224,P38,Fashion,116.0,0,0,0,5
C224,P84,Toys,114.0,1,0,0,5
C225,P148,Fashion,71.0,0,0,0,5
C225,P146,Electronics,130.0,0,0,0,5
C225,P173,Sports,199.0,3,2,1,5
C225,P86,Sports,56.0,4,2,2,5
C225,P44,Fashion,141.0,0,0,0,5
C225,P135,Electronics,188.0,1,0,0,5
C225,P121,Toys,81.0,2,2,1,5
C225,P179,Toys,123.0,0,0,0,5
C225,P166,Sports,94.0,2,1,1,5
C225,P118,Toys,23.0,1,0,0,5
C225,P2,Electronics,36.0,0,0,0,5
C225,P156,Sports,121.0,1,0,0,5
C225,P172,Electronics,90.0,0,0,0,5
C225,P57,Books,60.0,1,0,0,5
C225,P69,Electronics,159.0,0,0,0,5
C225,P1,Fashion,132.0,0,0,0,5
C225,P95,Electronics,154.0,0,0,0,5
C225,P196,Electronics,159.0,0,0,0,5
C225,P65,Electronics,194.0,0,0,0,5
C225,P71,Sports,153.0,3,3,2,5
C225,P55,Toys,44.0,2,1,1,5
C225,P17,Fashion,199.0,0,0,0,5
C225,P153,Electronics,8.0,0,0,0,5
C225,P13,Sports,111.0,1,0,0,5
C225,P35,Fashion,87.0,0,0,0,5
C225,P150,Sports,144.0,2,1,1,5
C225,P31,Fashion,30.0,0,0,0,5
C225,P113,Sports,41.0,3,1,1,5
C225,P51,Electronics,76.0,1,1,0,5
C225,P117,Sports,50.0,2,0,0,5
C226,P38,Fashion,116.0,0,0,0,5
C226,P151,Books,103.0,2,0,0,5
C226,P127,Electronics,140.0,1,1,1,5
C226,P182,Electronics,144.0,0,0,0,5
C226,P194,Toys,196.0,1,1,0,5
C226,P36,Sports,98.0,0,0,0,5
C226,P114,Electronics,184.0,0,0,0,5
C226,P73,Books,121.0,0,0,0,5
C226,P121,Toys,81.0,1,0,0,5
C226,P45,Fashion,146.0,0,0,0,5
C226,P118,Toys,23.0,0,0,0,5
C226,P175,Books,56.0,0,0,0,5
C226,P133,Toys,82.0,0,0,0,5
C226,P37,Toys,134.0,2,0,0,5
C226,P79,Books,102.0,0,0,0,5
C226,P52,Toys,33.0,0,0,0,5
C226,P42,Books,93.0,0,0,0,5
C226,P75,Fashion,183.0,1,0,0,5
C226,P55,Toys,44.0,2,2,2,5
C226,P41,Electronics,119.0,1,0,0,5
C226,P17,Fashion,199.0,0,0,0,5
C226,P105,Books,62.0,3,0,0,5
C226,P67,Electronics,156.0,0,0,0,5
C226,P47,Sports,76.0,1,0,0,5
C226,P123,Books,195.0,1,1,0,5
C226,P100,Books,22.0,1,1,1,5
C226,P95,Electronics,154.0,0,0,0,5
C226,P76,Sports,196.0,0,0,0,5
C226,P128,Fashion,122.0,2,0,0,5
C226,P63,Books,117.0,1,0,0,5
C227,P179,Toys,123.0,0,0,0,3
C227,P91,Fashion,158.0,1,0,0,3
C227,P18,Books,20.0,4,0,0,3
C227,P54,Sports,13.0,1,0,0,3
C227,P158,Fashion,156.0,0,0,0,3
C227,P12,Toys,193.0,0,0,0,3
C227,P136,Sports,192.0,1,1,1,3
C227,P10,Sports,57.0,2,0,0,3
C227,P116,Sports,188.0,1,0,0,3
C227,P168,Sports,79.0,1,1,0,3
C227,P88,Toys,183.0,0,0,0,3
C227,P20,Sports,33.0,0,0,0,3
C227,P82,Electronics,22.0,0,0,0,3
C227,P60,Fashion,144.0,0,0,0,3
C227,P17,Fashion,199.0,0,0,0,3
C227,P43,Toys,168.0,0,0,0,3
C227,P57,Books,60.0,3,3,2,3
C227,P181,Electronics,162.0,0,0,0,3
C227,P135,Electronics,188.0,0,0,0,3
C227,P145,Sports,130.0,1,0,0,3
C227,P24,Sports,180.0,0,0,0,3
C227,P115,Sports,81.0,0,0,0,3
C227,P30,Books,155.0,0,0,0,3
C227,P13,Sports,111.0,0,0,0,3
C227,P77,Fashion,139.0,0,0,0,3
C227,P133,Toys,82.0,0,0,0,3
C227,P140,Sports,135.0,0,0,0,3
C227,P149,Fashion,79.0,0,0,0,3
C227,P185,Toys,75.0,0,0,0,3
C227,P50,Books,116.0,1,0,0,3
C228,P119,Fashion,169.0,1,0,0,0
C228,P137,Sports,44.0,1,1,1,0
C228,P63,Books,117.0,0,0,0,0
C228,P127,Electronics,140.0,0,0,0,0
C228,P4,Books,177.0,0,0,0,0
C228,P10,Sports,57.0,0,0,0,0
C228,P105,Books,62.0,1,0,0,0
C228,P82,Electronics,22.0,1,0,0,0
C228,P170,Toys,158.0,0,0,0,0
C228,P27,Electronics,153.0,1,1,1,0
C228,P66,Fashion,176.0,0,0,0,0
C228,P72,Fashion,143.0,0,0,0,0
C228,P36,Sports,98.0,0,0,0,0
C228,P52,Toys,33.0,0,0,0,0
C228,P5,Books,174.0,0,0,0,0
C228,P124,Sports,7.0,1,0,0,0
C228,P84,Toys,114.0,1,1,1,0
C228,P93,Fashion,62.0,1,0,0,0
C228,P3,Sports,89.0,1,0,0,0
C228,P18,Books,20.0,1,0,0,0
C228,P1,Fashion,132.0,0,0,0,0
C228,P39,Toys,93.0,1,1,1,0
C228,P45,Fashion,146.0,1,1,1,0
C228,P190,Fashion,30.0,1,0,0,0
C228,P143,Fashion,75.0,0,0,0,0
C228,P108,Toys,161.0,0,0,0,0
C228,P199,Electronics,48.0,1,1,1,0
C228,P49,Sports,92.0,0,0,0,0
C228,P70,Electronics,141.0,0,0,0,0
C228,P41,Electronics,119.0,1,0,0,0
C229,P179,Toys,123.0,0,0,0,9
C229,P143,Fashion,75.0,2,1,1,9
C229,P198,Books,78.0,1,1,1,9
C229,P161,Electronics,150.0,1,0,0,9
C229,P172,Electronics,90.0,1,0,0,9
C229,P141,Books,152.0,0,0,0,9
C229,P124,Sports,7.0,2,1,0,9
C229,P156,Sports,121.0,1,0,0,9
C229,P64,Fashion,31.0,7,4,3,9
C229,P136,Sports,192.0,0,0,0,9
C229,P127,Electronics,140.0,1,1,1,9
C229,P17,Fashion,199.0,1,0,0,9
C229,P181,Electronics,162.0,0,0,0,9
C229,P189,Toys,10.0,1,0,0,9
C229,P129,Sports,106.0,0,0,0,9
C229,P59,Sports,66.0,0,0,0,9
C229,P81,Electronics,20.0,0,0,0,9
C229,P128,Fashion,122.0,3,1,0,9
C229,P73,Books,121.0,0,0,0,9
C229,P148,Fashion,71.0,2,1,1,9
C229,P23,Fashion,19.0,4,2,1,9
C229,P57,Books,60.0,3,2,1,9
C229,P157,Sports,194.0,0,0,0,9
C229,P84,Toys,114.0,1,1,0,9
C229,P110,Fashion,193.0,2,1,1,9
C229,P176,Books,50.0,1,1,1,9
C229,P134,Electronics,140.0,0,0,0,9
C229,P49,Sports,92.0,2,1,1,9
C229,P40,Books,47.0,0,0,0,9
C229,P90,Fashion,58.0,3,1,1,9
C230,P153,Electronics,8.0,4,1,1,1
C230,P7,Sports,128.0,0,0,0,1
C230,P35,Fashion,87.0,1,0,0,1
C230,P94,Sports,180.0,0,0,0,1
C230,P136,Sports,192.0,0,0,0,1
C230,P149,Fashion,79.0,1,0,0,1
C230,P192,Electronics,94.0,0,0,0,1
C230,P179,Toys,123.0,1,0,0,1
C230,P187,Books,153.0,0,0,0,1
C230,P56,Electronics,84.0,0,0,0,1
C230,P133,Toys,82.0,0,0,0,1
C230,P135,Electronics,188.0,0,0,0,1
C230,P161,Electronics,150.0,0,0,0,1
C230,P126,Toys,162.0,0,0,0,1
C230,P78,Toys,74.0,0,0,0,1
C230,P60,Fashion,144.0,1,0,0,1
C230,P80,Fashion,114.0,0,0,0,1
C230,P180,Books,51.0,2,0,0,1
C230,P63,Books,117.0,1,0,0,1
C230,P158,Fashion,156.0,0,0,0,1
C230,P33,Books,78.0,0,0,0,1
C230,P147,Fashion,79.0,1,0,0,1
C230,P9,Toys,163.0,1,0,0,1
C230,P114,Electronics,184.0,0,0,0,1
C230,P19,Books,52.0,4,3,3,1
C230,P190,Fashion,30.0,2,1,0,1
C230,P140,Sports,135.0,0,0,0,1
C230,P156,Sports,121.0,1,0,0,1
C230,P37,Toys,134.0,0,0,0,1
C230,P117,Sports,50.0,0,0,0,1
C231,P191,Fashion,92.0,1,1,1,4
C231,P83,Sports,100.0,1,0,0,4
C231,P181,Electronics,162.0,1,1,1,4
C231,P3,Sports,89.0,1,0,0,4
C231,P176,Books,50.0,2,0,0,4
C231,P147,Fashion,79.0,2,1,1,4
C231,P131,Toys,65.0,2,2,2,4
C231,P157,Sports,194.0,0,0,0,4
C231,P173,Sports,199.0,0,0,0,4
C231,P142,Books,163.0,0,0,0,4
C231,P118,Toys,23.0,1,0,0,4
C231,P56,Electronics,84.0,3,0,0,4
C231,P171,Books,64.0,0,0,0,4
C231,P64,Fashion,31.0,1,1,0,4
C231,P79,Books,102.0,1,0,0,4
C231,P62,Toys,184.0,0,0,0,4
C231,P135,Electronics,188.0,1,0,0,4
C231,P68,Toys,35.0,5,1,1,4
C231,P18,Books,20.0,0,0,0,4
C231,P143,Fashion,75.0,0,0,0,4
C231,P136,Sports,192.0,0,0,0,4
C231,P148,Fashion,71.0,0,0,0,4
C231,P140,Sports,135.0,2,1,0,4
C231,P197,Toys,29.0,1,0,0,4
C231,P100,Books,22.0,1,0,0,4
C231,P185,Toys,75.0,1,0,0,4
C231,P51,Electronics,76.0,8,2,1,4
C231,P159,Sports,60.0,0,0,0,4
C231,P189,Toys,10.0,1,1,1,4
C231,P38,Fashion,116.0,3,1,1,4
C232,P184,Fashion,87.0,3,1,1,0
C232,P19,Books,52.0,3,2,2,0
C232,P120,Electronics,118.0,0,0,0,0
C232,P199,Electronics,48.0,0,0,0,0
C232,P60,Fashion,144.0,1,0,0,0
C232,P126,Toys,162.0,0,0,0,0
C232,P168,Sports,79.0,1,1,1,0
C232,P6,Sports,,0,0,0,0
C232,P139,Sports,197.0,0,0,0,0
C232,P12,Toys,193.0,1,1,0,0
C232,P189,Toys,10.0,0,0,0,0
C232,P2,Electronics,36.0,2,1,0,0
C232,P115,Sports,81.0,0,0,0,0
C232,P136,Sports,192.0,0,0,0,0
C232,P45,Fashion,146.0,0,0,0,0
C232,P38,Fashion,116.0,0,0,0,0
C232,P5,Books,174.0,0,0,0,0
C232,P130,Sports,109.0,0,0,0,0
C232,P112,Toys,141.0,0,0,0,0
C232,P17,Fashion,199.0,1,0,0,0
C232,P158,Fashion,156.0,0,0,0,0
C232,P88,Toys,183.0,0,0,0,0
C232,P194,Toys,196.0,0,0,0,0
C232,P93,Fashion,62.0,2,0,0,0
C232,P85,Fashion,46.0,5,2,1,0
C232,P196,Electronics,159.0,0,0,0,0
C232,P80,Fashion,114.0,1,0,0,0
C232,P156,Sports,121.0,1,0,0,0
C232,P71,Sports,153.0,0,0,0,0
C232,P40,Books,47.0,4,2,1,0
C233,P156,Sports,121.0,3,1,0,8
C233,P73,Books,121.0,1,0,0,8
C233,P153,Electronics,8.0,1,0,0,8
C233,P75,Fashion,183.0,0,0,0,8
C233,P110,Fashion,193.0,0,0,0,8
C233,P69,Electronics,159.0,0,0,0,8
C233,P186,Fashion,190.0,1,1,0,8
C233,P104,Sports,147.0,0,0,0,8
C233,P171,Books,64.0,0,0,0,8
C233,P175,Books,56.0,1,0,0,8
C233,P120,Electronics,118.0,2,1,1,8
C233,P81,Electronics,20.0,1,1,0,8
C233,P83,Sports,100.0,2,2,1,8
C233,P36,Sports,98.0,0,0,0,8
C233,P50,Books,116.0,0,0,0,8
C233,P0,Fashion,103.0,0,0,0,8
C233,P148,Fashion,71.0,1,1,1,8
C233,P196,Electronics,159.0,0,0,0,8
C233,P114,Electronics,184.0,0,0,0,8
C233,P87,Toys,30.0,2,1,0,8
C233,P37,Toys,134.0,4,2,2,8
C233,P198,Books,78.0,0,0,0,8
C233,P107,Sports,170.0,1,1,1,8
C233,P141,Books,152.0,0,0,0,8
C233,P79,Books,102.0,1,1,0,8
C233,P58,Toys,39.0,4,1,1,8
C233,P138,Sports,10.0,0,0,0,8
C233,P17,Fashion,199.0,0,0,0,8
C233,P159,Sports,60.0,0,0,0,8
C233,P45,Fashion,146.0,1,1,1,8
C234,P56,Electronics,84.0,3,1,0,0
C234,P162,Toys,177.0,0,0,0,0
C234,P178,Electronics,46.0,0,0,0,0
C234,P89,Sports,103.0,1,0,0,0
C234,P7,Sports,128.0,0,0,0,0
C234,P102,Electronics,100.0,3,1,1,0
C234,P159,Sports,60.0,1,0,0,0
C234,P10,Sports,57.0,2,2,1,0
C234,P27,Electronics,153.0,0,0,0,0
C234,P176,Books,50.0,0,0,0,0
C234,P106,Fashion,129.0,2,1,1,0
C234,P138,Sports,10.0,1,0,0,0
C234,P77,Fashion,139.0,1,0,0,0
C234,P116,Sports,188.0,0,0,0,0
C234,P43,Toys,168.0,1,1,1,0
C234,P145,Sports,130.0,0,0,0,0
C234,P181,Electronics,162.0,3,3,3,0
C234,P2,Electronics,36.0,1,1,1,0
C234,P94,Sports,180.0,2,0,0,0
C234,P117,Sports,50.0,0,0,0,0
C234,P69,Electronics,159.0,3,1,0,0
C234,P31,Fashion,30.0,1,0,0,0
C234,P180,Books,51.0,1,0,0,0
C234,P48,Electronics,59.0,1,0,0,0
C234,P197,Toys,29.0,0,0,0,0
C234,P147,Fashion,79.0,1,0,0,0
C234,P71,Sports,153.0,4,1,1,0
C234,P153,Electronics,8.0,0,0,0,0
C234,P59,Sports,66.0,1,0,0,0
C234,P85,Fashion,46.0,1,0,0,0
C235,P74,Electronics,71.0,0,0,0,7
C235,P180,Books,51.0,0,0,0,7
C235,P38,Fashion,116.0,0,0,0,7
C235,P96,Books,159.0,1,0,0,7
C235,P172,Electronics,90.0,0,0,0,7
C235,P44,Fashion,141.0,2,0,0,7
C235,P119,Fashion,169.0,0,0,0,7
C235,P7,Sports,128.0,0,0,0,7
C235,P37,Toys,134.0,0,0,0,7
C235,P163,Toys,91.0,0,0,0,7
C235,P45,Fashion,146.0,0,0,0,7
C235,P35,Fashion,87.0,0,0,0,7
C235,P108,Toys,161.0,0,0,0,7
C235,P146,Electronics,130.0,1,1,1,7
C235,P139,Sports,197.0,1,0,0,7
C235,P82,Electronics,22.0,0,0,0,7
C235,P152,Fashion,9.0,2,1,1,7
C235,P136,Sports,192.0,0,0,0,7
C235,P55,Toys,44.0,2,1,0,7
C235,P76,Sports,196.0,1,0,0,7
C235,P142,Books,163.0,0,0,0,7
C235,P105,Books,62.0,1,1,1,7
C235,P189,Toys,10.0,0,0,0,7
C235,P131,Toys,65.0,0,0,0,7
C235,P75,Fashion,183.0,1,0,0,7
C235,P34,Toys,18.0,0,0,0,7
C235,P18,Books,20.0,2,1,1,7
C235,P32,Sports,30.0,3,0,0,7
C235,P88,Toys,183.0,0,0,0,7
C235,P134,Electronics,140.0,0,0,0,7
C236,P178,Electronics,,1,0,0,3
C236,P48,Electronics,59.0,1,1,1,3
C236,P31,Fashion,30.0,1,0,0,3
C236,P174,Fashion,80.0,0,0,0,3
C236,P5,Books,174.0,0,0,0,3
C236,P67,Electronics,156.0,0,0,0,3
C236,P166,Sports,94.0,0,0,0,3
C236,P35,Fashion,87.0,0,0,0,3
C236,P146,Electronics,130.0,0,0,0,3
C236,P26,Fashion,184.0,0,0,0,3
C236,P19,Books,52.0,0,0,0,3
C236,P24,Sports,180.0,0,0,0,3
C236,P63,Books,117.0,0,0,0,3
C236,P99,Sports,34.0,1,1,1,3
C236,P161,Electronics,150.0,1,0,0,3
C236,P128,Fashion,122.0,0,0,0,3
C236,P157,Sports,194.0,0,0,0,3
C236,P21,Electronics,55.0,2,1,0,3
C236,P194,Toys,196.0,1,1,0,3
C236,P86,Sports,56.0,0,0,0,3
C236,P27,Electronics,153.0,0,0,0,3
C236,P41,Electronics,119.0,0,0,0,3
C236,P6,Sports,66.0,0,0,0,3
C236,P107,Sports,170.0,0,0,0,3
C236,P140,Sports,135.0,0,0,0,3
C236,P96,Books,159.0,0,0,0,3
C236,P189,Toys,10.0,2,0,0,3
C236,P124,Sports,7.0,2,0,0,3
C236,P181,Electronics,162.0,0,0,0,3
C236,P101,Electronics,193.0,0,0,0,3
C237,P162,Toys,177.0,0,0,0,6
C237,P172,Electronics,90.0,6,3,1,6
C237,P140,Sports,135.0,1,0,0,6
C237,P61,Fashion,66.0,0,0,0,6
C237,P10,Sports,57.0,0,0,0,6
C237,P145,Sports,130.0,0,0,0,6
C237,P175,Books,56.0,0,0,0,6
C237,P20,Sports,33.0,0,0,0,6
C237,P90,Fashion,58.0,1,1,0,6
C237,P41,Electronics,119.0,3,1,1,6
C237,P120,Electronics,118.0,5,2,1,6
C237,P14,Toys,175.0,1,0,0,6
C237,P98,Fashion,182.0,1,1,1,6
C237,P103,Electronics,83.0,5,1,1,6
C237,P138,Sports,10.0,0,0,0,6
C237,P95,Electronics,154.0,6,2,1,6
C237,P136,Sports,192.0,0,0,0,6
C237,P165,Electronics,45.0,3,0,0,6
C237,P71,Sports,153.0,5,4,1,6
C237,P108,Toys,161.0,0,0,0,6
C237,P153,Electronics,8.0,4,3,2,6
C237,P139,Sports,197.0,1,0,0,6
C237,P27,Electronics,153.0,4,2,1,6
C237,P191,Fashion,92.0,1,0,0,6
C237,P60,Fashion,144.0,0,0,0,6
C237,P63,Books,117.0,0,0,0,6
C237,P77,Fashion,139.0,1,1,1,6
C237,P89,Sports,103.0,1,1,0,6
C237,P177,Toys,170.0,5,2,2,6
C237,P197,Toys,29.0,3,1,1,6
C238,P19,Books,52.0,1,1,1,3
C238,P46,Books,116.0,0,0,0,3
C238,P143,Fashion,75.0,0,0,0,3
C238,P44,Fashion,141.0,0,0,0,3
C238,P6,Sports,66.0,2,1,1,3
C238,P15,Fashion,43.0,0,0,0,3
C238,P162,Toys,177.0,1,0,0,3
C238,P134,Electronics,140.0,2,0,0,3
C238,P93,Fashion,62.0,2,0,0,3
C238,P69,Electronics,159.0,2,2,2,3
C238,P87,Toys,30.0,0,0,0,3
C238,P107,Sports,170.0,0,0,0,3
C238,P137,Sports,44.0,1,1,1,3
C238,P94,Sports,180.0,0,0,0,3
C238,P135,Electronics,188.0,1,1,1,3
C238,P147,Fashion,79.0,1,0,0,3
C238,P28,Books,38.0,0,0,0,3
C238,P156,Sports,121.0,1,0,0,3
C238,P20,Sports,33.0,1,1,1,3
C238,P182,Electronics,144.0,0,0,0,3
C238,P125,Electronics,126.0,1,0,0,3
C238,P139,Sports,197.0,0,0,0,3
C238,P126,Toys,162.0,0,0,0,3
C238,P3,Sports,89.0,2,2,2,3
C238,P133,Toys,82.0,0,0,0,3
C238,P104,Sports,147.0,0,0,0,3
C238,P130,Sports,109.0,0,0,0,3
C238,P64,Fashion,31.0,0,0,0,3
C238,P199,Electronics,48.0,4,1,1,3
C238,P23,Fashion,19.0,1,1,1,3
C239,P175,Books,56.0,0,0,0,2
C239,P115,Sports,81.0,0,0,0,2
C239,P8,Toys,21.0,2,1,1,2
C239,P143,Fashion,75.0,1,0,0,2
C239,P149,Fashion,79.0,0,0,0,2
C239,P51,Electronics,76.0,0,0,0,2
C239,P123,Books,195.0,0,0,0,2
C239,P117,Sports,50.0,0,0,0,2
C239,P6,Sports,66.0,1,0,0,2
C239,P145,Sports,130.0,0,0,0,2
C239,P91,Fashion,158.0,0,0,0,2
C239,P158,Fashion,156.0,2,1,1,2
C239,P54,Sports,13.0,1,1,0,2
C239,P57,Books,60.0,2,1,0,2
C239,P60,Fashion,144.0,2,1,1,2
C239,P187,Books,153.0,0,0,0,2
C239,P61,Fashion,66.0,3,0,0,2
C239,P160,Books,105.0,0,0,0,2
C239,P24,Sports,180.0,0,0,0,2
C239,P14,Toys,175.0,0,0,0,2
C239,P193,Books,77.0,0,0,0,2
C239,P151,Books,103.0,0,0,0,2
C239,P166,Sports,94.0,0,0,0,2
C239,P17,Fashion,199.0,2,2,2,2
C239,P125,Electronics,126.0,1,0,0,2
C239,P35,Fashion,87.0,1,0,0,2
C239,P110,Fashion,193.0,0,0,0,2
C239,P152,Fashion,9.0,3,1,1,2
C239,P58,Toys,39.0,0,0,0,2
C239,P195,Electronics,98.0,1,0,0,2
C240,P9,Toys,163.0,0,0,0,9
C240,P169,Sports,8.0,3,3,3,9
C240,P110,Fashion,193.0,0,0,0,9
C240,P27,Electronics,153.0,1,0,0,9
C240,P25,Toys,55.0,0,0,0,9
C240,P3,Sports,89.0,1,0,0,9
C240,P100,Books,22.0,1,1,0,9
C240,P86,Sports,56.0,2,0,0,9
C240,P150,Sports,144.0,1,1,1,9
C240,P152,Fashion,9.0,3,1,1,9
C240,P121,Toys,81.0,1,1,1,9
C240,P184,Fashion,87.0,0,0,0,9
C240,P170,Toys,158.0,0,0,0,9
C240,P195,Electronics,98.0,2,0,0,9
C240,P89,Sports,103.0,3,1,1,9
C240,P34,Toys,18.0,1,0,0,9
C240,P32,Sports,30.0,0,0,0,9
C240,P189,Toys,10.0,1,0,0,9
C240,P183,Books,127.0,0,0,0,9
C240,P135,Electronics,188.0,0,0,0,9
C240,P128,Fashion,122.0,2,1,1,9
C240,P182,Electronics,144.0,7,4,3,9
C240,P61,Fashion,66.0,2,0,0,9
C240,P4,Books,177.0,2,2,1,9
C240,P143,Fashion,75.0,0,0,0,9
C240,P199,Electronics,48.0,0,0,0,9
C240,P65,Electronics,194.0,0,0,0,9
C240,P101,Electronics,193.0,0,0,0,9
C240,P114,Electronics,184.0,0,0,0,9
C240,P136,Sports,192.0,1,1,0,9
C241,P57,Books,60.0,2,0,0,9
C241,P155,Sports,101.0,2,1,1,9
C241,P18,Books,20.0,0,0,0,9
C241,P92,Electronics,192.0,0,0,0,9
C241,P72,Fashion,143.0,1,1,0,9
C241,P46,Books,116.0,0,0,0,9
C241,P82,Electronics,22.0,0,0,0,9
C241,P75,Fashion,183.0,1,0,0,9
C241,P199,Electronics,48.0,1,1,0,9
C241,P8,Toys,21.0,1,0,0,9
C241,P107,Sports,170.0,2,0,0,9
C241,P44,Fashion,141.0,0,0,0,9
C241,P3,Sports,89.0,1,1,1,9
C241,P191,Fashion,92.0,1,1,1,9
C241,P174,Fashion,80.0,3,1,0,9
C241,P66,Fashion,176.0,0,0,0,9
C241,P119,Fashion,169.0,0,0,0,9
C241,P167,Toys,181.0,0,0,0,9
C241,P194,Toys,196.0,0,0,0,9
C241,P13,Sports,111.0,0,0,0,9
C241,P12,Toys,193.0,0,0,0,9
C241,P2,Electronics,36.0,0,0,0,9
C241,P162,Toys,177.0,1,1,1,9
C241,P149,Fashion,79.0,3,1,1,9
C241,P157,Sports,194.0,0,0,0,9
C241,P93,Fashion,62.0,4,1,1,9
C241,P54,Sports,13.0,2,0,0,9
C241,P61,Fashion,66.0,3,2,0,9
C241,P5,Books,174.0,1,0,0,9
C241,P193,Books,77.0,2,2,2,9
C242,P177,Toys,170.0,1,0,0,4
C242,P161,Electronics,150.0,0,0,0,4
C242,P186,Fashion,190.0,1,0,0,4
C242,P141,Books,152.0,1,1,1,4
C242,P171,Books,64.0,0,0,0,4
C242,P82,Electronics,22.0,1,0,0,4
C242,P97,Books,107.0,0,0,0,4
C242,P112,Toys,141.0,0,0,0,4
C242,P174,Fashion,80.0,0,0,0,4
C242,P75,Fashion,183.0,0,0,0,4
C242,P59,Sports,66.0,0,0,0,4
C242,P68,Toys,35.0,1,0,0,4
C242,P19,Books,52.0,1,0,0,4
C242,P84,Toys,114.0,0,0,0,4
C242,P109,Books,29.0,4,3,2,4
C242,P25,Toys,55.0,1,0,0,4
C242,P142,Books,163.0,0,0,0,4
C242,P147,Fashion,79.0,0,0,0,4
C242,P126,Toys,162.0,0,0,0,4
C242,P36,Sports,98.0,0,0,0,4
C242,P184,Fashion,87.0,0,0,0,4
C242,P164,Electronics,144.0,1,1,0,4
C242,P123,Books,195.0,0,0,0,4
C242,P87,Toys,30.0,1,0,0,4
C242,P138,Sports,10.0,1,0,0,4
C242,P99,Sports,34.0,1,0,0,4
C242,P152,Fashion,9.0,1,1,0,4
C242,P131,Toys,65.0,0,0,0,4
C242,P155,Sports,101.0,0,0,0,4
C242,P30,Books,155.0,1,1,1,4
C243,P178,Electronics,46.0,0,0,0,6
C243,P65,Electronics,194.0,0,0,0,6
C243,P151,Books,103.0,1,1,0,6
C243,P116,Sports,188.0,0,0,0,6
C243,P158,Fashion,156.0,0,0,0,6
C243,P59,Sports,66.0,1,0,0,6
C243,P113,Sports,41.0,3,2,2,6
C243,P6,Sports,66.0,1,0,0,6
C243,P152,Fashion,9.0,1,0,0,6
C243,P4,Books,177.0,2,1,0,6
C243,P42,Books,93.0,2,0,0,6
C243,P170,Toys,158.0,0,0,0,6
C243,P138,Sports,10.0,0,0,0,6
C243,P38,Fashion,116.0,0,0,0,6
C243,P165,Electronics,45.0,3,2,0,6
C243,P95,Electronics,154.0,0,0,0,6
C243,P167,Toys,181.0,0,0,0,6
C243,P62,Toys,184.0,1,0,0,6
C243,P72,Fashion,143.0,0,0,0,6
C243,P94,Sports,180.0,1,0,0,6
C243,P54,Sports,13.0,1,0,0,6
C243,P75,Fashion,183.0,0,0,0,6
C243,P0,Fashion,103.0,0,0,0,6
C243,P147,Fashion,79.0,0,0,0,6
C243,P143,Fashion,75.0,0,0,0,6
C243,P186,Fashion,190.0,0,0,0,6
C243,P67,Electronics,156.0,1,1,1,6
C243,P144,Toys,173.0,0,0,0,6
C243,P135,Electronics,188.0,0,0,0,6
C243,P86,Sports,56.0,1,0,0,6
C244,P150,Sports,144.0,0,0,0,4
C244,P176,Books,50.0,1,1,0,4
C244,P145,Sports,130.0,0,0,0,4
C244,P47,Sports,76.0,0,0,0,4
C244,P92,Electronics,192.0,0,0,0,4
C244,P69,Electronics,159.0,2,0,0,4
C244,P147,Fashion,79.0,0,0,0,4
C244,P44,Fashion,141.0,1,0,0,4
C244,P64,Fashion,31.0,1,0,0,4
C244,P51,Electronics,76.0,0,0,0,4
C244,P12,Toys,193.0,0,0,0,4
C244,P120,Electronics,118.0,1,1,1,4
C244,P142,Books,163.0,3,2,1,4
C244,P138,Sports,10.0,1,1,1,4
C244,P112,Toys,141.0,1,1,1,4
C244,P124,Sports,7.0,0,0,0,4
C244,P194,Toys,196.0,0,0,0,4
C244,P23,Fashion,19.0,2,1,0,4
C244,P29,Toys,141.0,0,0,0,4
C244,P37,Toys,134.0,1,1,1,4
C244,P34,Toys,18.0,0,0,0,4
C244,P21,Electronics,55.0,0,0,0,4
C244,P20,Sports,33.0,1,1,1,4
C244,P55,Toys,44.0,1,1,1,4
C244,P174,Fashion,80.0,0,0,0,4
C244,P60,Fashion,144.0,0,0,0,4
C244,P14,Toys,175.0,0,0,0,4
C244,P197,Toys,29.0,3,1,1,4
C244,P137,Sports,44.0,0,0,0,4
C244,P146,Electronics,130.0,0,0,0,4
C245,P98,Fashion,182.0,0,0,0,8
C245,P112,Toys,141.0,1,1,1,8
C245,P22,Sports,65.0,4,0,0,8
C245,P145,Sports,130.0,0,0,0,8
C245,P96,Books,159.0,0,0,0,8
C245,P154,Fashion,42.0,1,0,0,8
C245,P124,Sports,7.0,3,2,1,8
C245,P50,Books,116.0,1,1,1,8
C245,P97,Books,107.0,0,0,0,8
C245,P123,Books,195.0,1,0,0,8
C245,P87,Toys,30.0,3,1,1,8
C245,P81,Electronics,20.0,0,0,0,8
C245,P16,Electronics,152.0,0,0,0,8
C245,P134,Electronics,140.0,0,0,0,8
C245,P126,Toys,162.0,0,0,0,8
C245,P191,Fashion,92.0,0,0,0,8
C245,P4,Books,177.0,0,0,0,8
C245,P85,Fashion,46.0,2,0,0,8
C245,P70,Electronics,141.0,0,0,0,8
C245,P86,Sports,56.0,2,2,1,8
C245,P129,Sports,106.0,1,1,1,8
C245,P0,Fashion,103.0,1,0,0,8
C245,P146,Electronics,130.0,0,0,0,8
C245,P122,Sports,195.0,0,0,0,8
C245,P167,Toys,181.0,1,1,0,8
C245,P125,Electronics,126.0,0,0,0,8
C245,P57,Books,60.0,0,0,0,8
C245,P20,Sports,33.0,3,3,2,8
C245,P60,Fashion,144.0,0,0,0,8
C245,P101,Electronics,193.0,0,0,0,8
C246,P34,Toys,18.0,0,0,0,1
C246,P43,Toys,168.0,0,0,0,1
C246,P148,Fashion,71.0,1,0,0,1
C246,P157,Sports,194.0,0,0,0,1
C246,P164,Electronics,144.0,0,0,0,1
C246,P63,Books,117.0,0,0,0,1
C246,P170,Toys,158.0,0,0,0,1
C246,P13,Sports,111.0,0,0,0,1
C246,P60,Fashion,144.0,0,0,0,1
C246,P21,Electronics,55.0,1,1,0,1
C246,P49,Sports,92.0,2,1,1,1
C246,P41,Electronics,119.0,0,0,0,1
C246,P167,Toys,181.0,0,0,0,1
C246,P153,Electronics,8.0,1,1,0,1
C246,P2,Electronics,36.0,0,0,0,1
C246,P37,Toys,134.0,0,0,0,1
C246,P152,Fashion,9.0,0,0,0,1
C246,P131,Toys,65.0,1,0,0,1
C246,P160,Books,105.0,0,0,0,1
C246,P111,Books,148.0,0,0,0,1
C246,P78,Toys,74.0,0,0,0,1
C246,P115,Sports,81.0,4,2,1,1
C246,P75,Fashion,,0,0,0,1
C246,P192,Electronics,94.0,1,1,1,1
C246,P117,Sports,50.0,2,1,1,1
C246,P155,Sports,101.0,0,0,0,1
C246,P199,Electronics,48.0,3,0,0,1
C246,P31,Fashion,30.0,2,0,0,1
C246,P94,Sports,180.0,0,0,0,1
C246,P82,Electronics,22.0,0,0,0,1
C247,P41,Electronics,119.0,0,0,0,6
C247,P13,Sports,111.0,1,0,0,6
C247,P163,Toys,91.0,0,0,0,6
C247,P9,Toys,163.0,0,0,0,6
C247,P172,Electronics,90.0,0,0,0,6
C247,P128,Fashion,122.0,0,0,0,6
C247,P146,Electronics,130.0,0,0,0,6
C247,P196,Electronics,159.0,0,0,0,6
C247,P54,Sports,13.0,3,1,1,6
C247,P16,Electronics,152.0,0,0,0,6
C247,P92,Electronics,192.0,0,0,0,6
C247,P33,Books,78.0,1,1,0,6
C247,P130,Sports,109.0,1,0,0,6
C247,P89,Sports,103.0,1,1,1,6
C247,P100,Books,22.0,2,0,0,6
C247,P170,Toys,158.0,0,0,0,6
C247,P155,Sports,101.0,0,0,0,6
C247,P183,Books,127.0,0,0,0,6
C247,P88,Toys,183.0,1,1,1,6
C247,P160,Books,105.0,1,0,0,6
C247,P139,Sports,197.0,1,1,1,6
C247,P141,Books,152.0,0,0,0,6
C247,P152,Fashion,9.0,2,1,1,6
C247,P110,Fashion,193.0,0,0,0,6
C247,P50,Books,116.0,1,1,1,6
C247,P166,Sports,94.0,1,0,0,6
C247,P63,Books,117.0,1,0,0,6
C247,P29,Toys,141.0,1,1,0,6
C247,P69,Electronics,159.0,0,0,0,6
C247,P143,Fashion,75.0,0,0,0,6
C248,P30,Books,155.0,0,0,0,1
C248,P26,Fashion,184.0,1,1,1,1
C248,P142,Books,163.0,0,0,0,1
C248,P164,Electronics,144.0,1,0,0,1
C248,P59,Sports,66.0,1,0,0,1
C248,P12,Toys,193.0,0,0,0,1
C248,P131,Toys,65.0,2,2,2,1
C248,P34,Toys,18.0,1,1,1,1
C248,P48,Electronics,59.0,3,0,0,1
C248,P8,Toys,21.0,2,1,1,1
C248,P192,Electronics,94.0,5,3,2,1
C248,P44,Fashion,141.0,0,0,0,1
C248,P2,Electronics,36.0,0,0,0,1
C248,P15,Fashion,43.0,1,0,0,1
C248,P86,Sports,56.0,1,0,0,1
C248,P111,Books,148.0,0,0,0,1
C248,P153,Electronics,8.0,1,0,0,1
C248,P169,Sports,8.0,0,0,0,1
C248,P189,Toys,10.0,2,0,0,1
C248,P83,Sports,100.0,2,1,1,1
C248,P184,Fashion,87.0,1,1,0,1
C248,P147,Fashion,79.0,3,1,1,1
C248,P124,Sports,7.0,2,0,0,1
C248,P58,Toys,39.0,1,1,1,1
C248,P76,Sports,196.0,0,0,0,1
C248,P62,Toys,184.0,0,0,0,1
C248,P196,Electronics,159.0,1,0,0,1
C248,P43,Toys,168.0,1,0,0,1
C248,P177,Toys,170.0,0,0,0,1
C248,P139,Sports,197.0,2,0,0,1
C249,P21,Electronics,55.0,0,0,0,2
C249,P71,Sports,153.0,1,0,0,2
C249,P116,Sports,188.0,0,0,0,2
C249,P140,Sports,135.0,0,0,0,2
C249,P174,Fashion,80.0,0,0,0,2
C249,P74,Electronics,71.0,0,0,0,2
C249,P15,Fashion,43.0,0,0,0,2
C249,P24,Sports,180.0,0,0,0,2
C249,P149,Fashion,79.0,1,0,0,2
C249,P138,Sports,10.0,1,0,0,2
C249,P80,Fashion,114.0,0,0,0,2
C249,P49,Sports,92.0,1,1,1,2
C249,P35,Fashion,87.0,0,0,0,2
C249,P7,Sports,128.0,0,0,0,2
C249,P178,Electronics,46.0,1,0,0,2
C249,P136,Sports,192.0,0,0,0,2
C249,P195,Electronics,98.0,0,0,0,2
C249,P69,Electronics,159.0,0,0,0,2
C249,P108,Toys,161.0,0,0,0,2
C249,P102,Electronics,100.0,0,0,0,2
C249,P31,Fashion,30.0,1,0,0,2
C249,P182,Electronics,144.0,0,0,0,2
C249,P43,Toys,168.0,1,0,0,2
C249,P106,Fashion,129.0,0,0,0,2
C249,P51,Electronics,76.0,0,0,0,2
C249,P36,Sports,98.0,0,0,0,2
C249,P48,Electronics,59.0,0,0,0,2
C249,P27,Electronics,153.0,0,0,0,2
C249,P65,Electronics,194.0,1,0,0,2
C249,P13,Sports,111.0,0,0,0,2
C250,P143,Fashion,75.0,0,0,0,4
C250,P181,Electronics,162.0,1,0,0,4
C250,P45,Fashion,146.0,1,0,0,4
C250,P15,Fashion,43.0,1,0,0,4
C250,P57,Books,60.0,0,0,0,4
C250,P159,Sports,60.0,0,0,0,4
C250,P132,Fashion,32.0,0,0,0,4
C250,P6,Sports,66.0,1,1,1,4
C250,P17,Fashion,199.0,1,1,1,4
C250,P48,Electronics,59.0,0,0,0,4
C250,P3,Sports,89.0,1,0,0,4
C250,P184,Fashion,87.0,0,0,0,4
C250,P11,Fashion,71.0,1,0,0,4
C250,P86,Sports,56.0,0,0,0,4
C250,P40,Books,47.0,0,0,0,4
C250,P134,Electronics,140.0,0,0,0,4
C250,P129,Sports,106.0,1,0,0,4
C250,P150,Sports,144.0,2,0,0,4
C250,P119,Fashion,169.0,0,0,0,4
C250,P78,Toys,74.0,3,1,1,4
C250,P180,Books,51.0,1,0,0,4
C250,P64,Fashion,31.0,1,0,0,4
C250,P94,Sports,180.0,0,0,0,4
C250,P165,Electronics,45.0,1,0,0,4
C250,P145,Sports,130.0,0,0,0,4
C250,P62,Toys,184.0,0,0,0,4
C250,P166,Sports,94.0,0,0,0,4
C250,P198,Books,78.0,0,0,0,4
C250,P10,Sports,57.0,2,0,0,4
C250,P35,Fashion,87.0,2,1,0,4
C251,P2,Electronics,36.0,8,4,4,3
C251,P9,Toys,163.0,0,0,0,3
C251,P147,Fashion,79.0,0,0,0,3
C251,P12,Toys,193.0,0,0,0,3
C251,P4,Books,177.0,0,0,0,3
C251,P150,Sports,144.0,0,0,0,3
C251,P130,Sports,109.0,1,0,0,3
C251,P142,Books,163.0,0,0,0,3
C251,P154,Fashion,42.0,1,0,0,3
C251,P58,Toys,39.0,2,2,1,3
C251,P19,Books,52.0,0,0,0,3
C251,P6,Sports,66.0,0,0,0,3
C251,P75,Fashion,183.0,1,1,0,3
C251,P134,Electronics,140.0,1,1,0,3
C251,P41,Electronics,119.0,0,0,0,3
C251,P159,Sports,60.0,4,2,2,3
C251,P55,Toys,44.0,0,0,0,3
C251,P160,Books,105.0,0,0,0,3
C251,P138,Sports,10.0,0,0,0,3
C251,P149,Fashion,79.0,1,0,0,3
C251,P99,Sports,34.0,0,0,0,3
C251,P83,Sports,100.0,1,1,1,3
C251,P171,Books,64.0,0,0,0,3
C251,P81,Electronics,20.0,6,2,0,3
C251,P115,Sports,81.0,2,2,2,3
C251,P92,Electronics,192.0,1,0,0,3
C251,P137,Sports,44.0,1,1,1,3
C251,P182,Electronics,144.0,1,1,1,3
C251,P59,Sports,66.0,2,0,0,3
C251,P100,Books,22.0,2,1,1,3
C252,P78,Toys,74.0,0,0,0,5
C252,P9,Toys,163.0,1,1,1,5
C252,P35,Fashion,87.0,0,0,0,5
C252,P27,Electronics,153.0,0,0,0,5
C252,P11,Fashion,71.0,1,1,1,5
C252,P23,Fashion,19.0,2,0,0,5
C252,P47,Sports,76.0,5,3,2,5
C252,P115,Sports,81.0,5,3,2,5
C252,P85,Fashion,46.0,1,1,0,5
C252,P99,Sports,34.0,2,0,0,5
C252,P198,Books,78.0,1,0,0,5
C252,P158,Fashion,156.0,0,0,0,5
C252,P65,Electronics,194.0,0,0,0,5
C252,P21,Electronics,55.0,1,0,0,5
C252,P110,Fashion,193.0,0,0,0,5
C252,P34,Toys,18.0,0,0,0,5
C252,P91,Fashion,158.0,2,1,1,5
C252,P100,Books,22.0,0,0,0,5
C252,P55,Toys,44.0,0,0,0,5
C252,P128,Fashion,122.0,1,0,0,5
C252,P76,Sports,196.0,0,0,0,5
C252,P30,Books,155.0,0,0,0,5
C252,P106,Fashion,129.0,1,1,1,5
C252,P116,Sports,188.0,0,0,0,5
C252,P10,Sports,57.0,1,0,0,5
C252,P33,Books,78.0,0,0,0,5
C252,P88,Toys,183.0,0,0,0,5
C252,P178,Electronics,46.0,0,0,0,5
C252,P56,Electronics,84.0,0,0,0,5
C252,P73,Books,121.0,1,0,0,5
C253,P137,Sports,44.0,1,0,0,4
C253,P157,Sports,194.0,1,1,0,4
C253,P77,Fashion,139.0,0,0,0,4
C253,P37,Toys,134.0,1,0,0,4
C253,P43,Toys,168.0,1,1,0,4
C253,P191,Fashion,92.0,0,0,0,4
C253,P184,Fashion,87.0,0,0,0,4
C253,P117,Sports,50.0,3,1,1,4
C253,P161,Electronics,150.0,0,0,0,4
C253,P111,Books,148.0,0,0,0,4
C253,P189,Toys,10.0,0,0,0,4
C253,P136,Sports,192.0,0,0,0,4
C253,P46,Books,116.0,0,0,0,4
C253,P171,Books,64.0,0,0,0,4
C253,P100,Books,22.0,0,0,0,4
C253,P36,Sports,98.0,1,1,0,4
C253,P151,Books,103.0,0,0,0,4
C253,P199,Electronics,48.0,1,0,0,4
C253,P188,Electronics,81.0,0,0,0,4
C253,P190,Fashion,30.0,0,0,0,4
C253,P107,Sports,170.0,0,0,0,4
C253,P182,Electronics,144.0,2,1,1,4
C253,P83,Sports,100.0,0,0,0,4
C253,P115,Sports,81.0,0,0,0,4
C253,P142,Books,,0,0,0,4
C253,P59,Sports,66.0,1,0,0,4
C253,P197,Toys,29.0,1,1,0,4
C253,P73,Books,121.0,0,0,0,4
C253,P84,Toys,114.0,0,0,0,4
C253,P114,Electronics,184.0,1,1,1,4
C254,P17,Fashion,199.0,0,0,0,6
C254,P127,Electronics,140.0,1,0,0,6
C254,P50,Books,116.0,3,1,0,6
C254,P174,Fashion,80.0,3,1,1,6
C254,P80,Fashion,114.0,0,0,0,6
C254,P135,Electronics,188.0,0,0,0,6
C254,P41,Electronics,119.0,3,2,2,6
C254,P112,Toys,141.0,6,1,1,6
C254,P62,Toys,184.0,0,0,0,6
C254,P185,Toys,75.0,0,0,0,6
C254,P166,Sports,94.0,1,1,1,6
C254,P15,Fashion,43.0,2,0,0,6
C254,P47,Sports,76.0,1,0,0,6
C254,P39,Toys,93.0,1,1,1,6
C254,P45,Fashion,146.0,0,0,0,6
C254,P77,Fashion,139.0,3,0,0,6
C254,P32,Sports,30.0,1,0,0,6
C254,P3,Sports,89.0,1,1,0,6
C254,P12,Toys,193.0,0,0,0,6
C254,P37,Toys,134.0,3,1,1,6
C254,P199,Electronics,48.0,0,0,0,6
C254,P107,Sports,170.0,0,0,0,6
C254,P73,Books,121.0,2,1,1,6
C254,P180,Books,51.0,3,0,0,6
C254,P190,Fashion,30.0,1,0,0,6
C254,P29,Toys,141.0,2,0,0,6
C254,P177,Toys,170.0,0,0,0,6
C254,P140,Sports,135.0,1,1,1,6
C254,P98,Fashion,182.0,1,0,0,6
C254,P113,Sports,41.0,2,0,0,6
C255,P74,Electronics,71.0,0,0,0,2
C255,P75,Fashion,183.0,0,0,0,2
C255,P3,Sports,89.0,0,0,0,2
C255,P145,Sports,130.0,1,1,1,2
C255,P183,Books,127.0,0,0,0,2
C255,P86,Sports,56.0,0,0,0,2
C255,P15,Fashion,43.0,0,0,0,2
C255,P141,Books,152.0,0,0,0,2
C255,P194,Toys,196.0,0,0,0,2
C255,P132,Fashion,32.0,0,0,0,2
C255,P22,Sports,,0,0,0,2
C255,P198,Books,78.0,0,0,0,2
C255,P137,Sports,44.0,2,1,0,2
C255,P98,Fashion,182.0,0,0,0,2
C255,P59,Sports,66.0,1,0,0,2
C255,P146,Electronics,130.0,1,0,0,2
C255,P19,Books,52.0,1,0,0,2
C255,P52,Toys,33.0,1,1,1,2
C255,P163,Toys,91.0,1,1,0,2
C255,P23,Fashion,19.0,1,1,0,2
C255,P85,Fashion,46.0,0,0,0,2
C255,P121,Toys,81.0,0,0,0,2
C255,P38,Fashion,116.0,0,0,0,2
C255,P114,Electronics,184.0,0,0,0,2
C255,P42,Books,93.0,2,1,1,2
C255,P139,Sports,197.0,0,0,0,2
C255,P99,Sports,34.0,1,0,0,2
C255,P148,Fashion,71.0,0,0,0,2
C255,P17,Fashion,199.0,1,0,0,2
C255,P193,Books,77.0,1,0,0,2
C256,P3,Sports,89.0,0,0,0,5
C256,P69,Electronics,159.0,0,0,0,5
C256,P154,Fashion,42.0,0,0,0,5
C256,P172,Electronics,90.0,0,0,0,5
C256,P182,Electronics,144.0,1,0,0,5
C256,P194,Toys,196.0,1,1,1,5
C256,P99,Sports,34.0,1,0,0,5
C256,P145,Sports,130.0,1,0,0,5
C256,P81,Electronics,20.0,0,0,0,5
C256,P165,Electronics,45.0,4,2,2,5
C256,P117,Sports,50.0,0,0,0,5
C256,P147,Fashion,79.0,0,0,0,5
C256,P190,Fashion,30.0,1,1,1,5
C256,P181,Electronics,162.0,0,0,0,5
C256,P148,Fashion,71.0,1,1,1,5
C256,P61,Fashion,66.0,1,0,0,5
C256,P150,Sports,144.0,3,1,0,5
C256,P35,Fashion,87.0,1,1,1,5
C256,P122,Sports,195.0,0,0,0,5
C256,P48,Electronics,59.0,1,0,0,5
C256,P158,Fashion,156.0,1,0,0,5
C256,P64,Fashion,31.0,0,0,0,5
C256,P27,Electronics,153.0,0,0,0,5
C256,P59,Sports,66.0,5,2,1,5
C256,P37,Toys,134.0,2,1,0,5
C256,P76,Sports,196.0,0,0,0,5
C256,P34,Toys,18.0,1,1,1,5
C256,P105,Books,62.0,5,3,2,5
C256,P173,Sports,199.0,0,0,0,5
C256,P4,Books,177.0,1,0,0,5
C257,P157,Sports,194.0,0,0,0,5
C257,P42,Books,93.0,1,0,0,5
C257,P193,Books,77.0,2,0,0,5
C257,P60,Fashion,144.0,1,0,0,5
C257,P171,Books,64.0,0,0,0,5
C257,P1,Fashion,132.0,0,0,0,5
C257,P125,Electronics,126.0,4,2,2,5
C257,P190,Fashion,30.0,0,0,0,5
C257,P56,Electronics,84.0,3,2,1,5
C257,P199,Electronics,48.0,2,1,0,5
C257,P31,Fashion,30.0,1,1,1,5
C257,P34,Toys,18.0,1,0,0,5
C257,P45,Fashion,146.0,1,1,1,5
C257,P68,Toys,35.0,2,1,1,5
C257,P52,Toys,33.0,2,0,0,5
C257,P192,Electronics,94.0,4,3,3,5
C257,P169,Sports,8.0,0,0,0,5
C257,P13,Sports,111.0,1,1,1,5
C257,P135,Electronics,188.0,1,1,0,5
C257,P143,Fashion,75.0,2,0,0,5
C257,P150,Sports,144.0,1,1,1,5
C257,P65,Electronics,194.0,0,0,0,5
C257,P9,Toys,163.0,0,0,0,5
C257,P117,Sports,50.0,1,1,1,5
C257,P128,Fashion,122.0,0,0,0,5
C257,P165,Electronics,45.0,3,0,0,5
C257,P64,Fashion,,0,0,0,5
C257,P140,Sports,135.0,1,1,1,5
C257,P29,Toys,141.0,0,0,0,5
C257,P11,Fashion,71.0,0,0,0,5
C258,P133,Toys,82.0,0,0,0,5
C258,P49,Sports,92.0,2,1,1,5
C258,P159,Sports,60.0,0,0,0,5
C258,P29,Toys,141.0,2,1,1,5
C258,P117,Sports,50.0,1,0,0,5
C258,P160,Books,105.0,0,0,0,5
C258,P26,Fashion,184.0,2,0,0,5
C258,P13,Sports,111.0,0,0,0,5
C258,P92,Electronics,192.0,0,0,0,5
C258,P125,Electronics,126.0,0,0,0,5
C258,P122,Sports,195.0,2,1,1,5
C258,P167,Toys,181.0,0,0,0,5
C258,P153,Electronics,8.0,0,0,0,5
C258,P57,Books,60.0,2,1,1,5
C258,P173,Sports,199.0,2,2,2,5
C258,P132,Fashion,32.0,1,0,0,5
C258,P93,Fashion,62.0,1,0,0,5
C258,P69,Electronics,159.0,0,0,0,5
C258,P15,Fashion,43.0,4,2,2,5
C258,P178,Electronics,46.0,0,0,0,5
C258,P191,Fashion,92.0,1,0,0,5
C258,P97,Books,107.0,1,1,1,5
C258,P120,Electronics,118.0,0,0,0,5
C258,P56,Electronics,84.0,0,0,0,5
C258,P188,Electronics,81.0,0,0,0,5
C258,P54,Sports,13.0,3,0,0,5
C258,P187,Books,153.0,0,0,0,5
C258,P100,Books,22.0,1,0,0,5
C258,P126,Toys,162.0,0,0,0,5
C258,P146,Electronics,130.0,0,0,0,5
C259,P182,Electronics,144.0,1,1,1,7
C259,P24,Sports,180.0,0,0,0,7
C259,P196,Electronics,159.0,0,0,0,7
C259,P37,Toys,134.0,3,2,2,7
C259,P129,Sports,106.0,3,3,2,7
C259,P48,Electronics,59.0,1,1,0,7
C259,P142,Books,163.0,0,0,0,7
C259,P155,Sports,101.0,0,0,0,7
C259,P170,Toys,158.0,0,0,0,7
C259,P6,Sports,66.0,1,1,1,7
C259,P96,Books,159.0,1,1,1,7
C259,P197,Toys,29.0,2,0,0,7
C259,P146,Electronics,130.0,1,0,0,7
C259,P162,Toys,177.0,0,0,0,7
C259,P173,Sports,199.0,0,0,0,7
C259,P150,Sports,144.0,0,0,0,7
C259,P198,Books,78.0,3,1,0,7
C259,P157,Sports,194.0,1,1,1,7
C259,P122,Sports,195.0,0,0,0,7
C259,P167,Toys,181.0,0,0,0,7
C259,P114,Electronics,184.0,0,0,0,7
C259,P144,Toys,173.0,0,0,0,7
C259,P185,Toys,75.0,0,0,0,7
C259,P38,Fashion,116.0,1,0,0,7
C259,P100,Books,22.0,2,0,0,7
C259,P76,Sports,196.0,0,0,0,7
C259,P189,Toys,10.0,1,1,1,7
C259,P98,Fashion,182.0,1,0,0,7
C259,P165,Electronics,45.0,0,0,0,7
C259,P105,Books,62.0,1,1,1,7
C260,P72,Fashion,143.0,0,0,0,9
C260,P44,Fashion,141.0,2,2,2,9
C260,P37,Toys,134.0,0,0,0,9
C260,P87,Toys,30.0,1,0,0,9
C260,P15,Fashion,43.0,1,1,1,9
C260,P151,Books,103.0,2,2,1,9
C260,P164,Electronics,144.0,1,1,1,9
C260,P68,Toys,35.0,1,1,0,9
C260,P193,Books,77.0,0,0,0,9
C260,P177,Toys,170.0,1,1,1,9
C260,P133,Toys,82.0,1,1,1,9
C260,P167,Toys,181.0,0,0,0,9
C260,P118,Toys,23.0,0,0,0,9
C260,P136,Sports,192.0,3,1,1,9
C260,P16,Electronics,152.0,1,1,1,9
C260,P63,Books,117.0,2,0,0,9
C260,P82,Electronics,22.0,1,1,1,9
C260,P12,Toys,193.0,0,0,0,9
C260,P114,Electronics,184.0,0,0,0,9
C260,P83,Sports,100.0,4,4,3,9
C260,P33,Books,78.0,1,0,0,9
C260,P110,Fashion,193.0,0,0,0,9
C260,P154,Fashion,42.0,0,0,0,9
C260,P32,Sports,30.0,4,1,1,9
C260,P64,Fashion,31.0,0,0,0,9
C260,P117,Sports,50.0,2,1,0,9
C260,P112,Toys,141.0,0,0,0,9
C260,P6,Sports,66.0,2,1,0,9
C260,P49,Sports,92.0,2,1,1,9
C260,P26,Fashion,184.0,0,0,0,9
C261,P95,Electronics,154.0,0,0,0,8
C261,P106,Fashion,129.0,0,0,0,8
C261,P4,Books,177.0,1,1,1,8
C261,P191,Fashion,92.0,0,0,0,8
C261,P101,Electronics,193.0,0,0,0,8
C261,P73,Books,121.0,0,0,0,8
C261,P23,Fashion,19.0,2,1,0,8
C261,P156,Sports,121.0,0,0,0,8
C261,P14,Toys,175.0,1,1,1,8
C261,P186,Fashion,190.0,1,0,0,8
C261,P51,Electronics,76.0,0,0,0,8
C261,P164,Electronics,144.0,0,0,0,8
C261,P90,Fashion,58.0,1,1,1,8
C261,P190,Fashion,30.0,1,0,0,8
C261,P54,Sports,13.0,1,0,0,8
C261,P29,Toys,141.0,0,0,0,8
C261,P132,Fashion,32.0,1,0,0,8
C261,P192,Electronics,94.0,1,0,0,8
C261,P19,Books,52.0,4,1,1,8
C261,P94,Sports,180.0,1,0,0,8
C261,P13,Sports,111.0,0,0,0,8
C261,P173,Sports,199.0,1,1,1,8
C261,P185,Toys,75.0,8,6,6,8
C261,P22,Sports,65.0,2,0,0,8
C261,P152,Fashion,9.0,2,1,1,8
C261,P139,Sports,197.0,1,0,0,8
C261,P142,Books,163.0,1,0,0,8
C261,P63,Books,117.0,0,0,0,8
C261,P174,Fashion,80.0,0,0,0,8
C261,P140,Sports,135.0,0,0,0,8
C262,P127,Electronics,140.0,1,1,0,0
C262,P136,Sports,192.0,0,0,0,0
C262,P3,Sports,89.0,0,0,0,0
C262,P153,Electronics,8.0,0,0,0,0
C262,P90,Fashion,58.0,1,0,0,0
C262,P117,Sports,50.0,0,0,0,0
C262,P169,Sports,8.0,0,0,0,0
C262,P81,Electronics,20.0,0,0,0,0
C262,P175,Books,56.0,3,0,0,0
C262,P168,Sports,79.0,2,2,2,0
C262,P48,Electronics,59.0,2,0,0,0
C262,P9,Toys,163.0,1,0,0,0
C262,P16,Electronics,152.0,0,0,0,0
C262,P120,Electronics,118.0,1,1,0,0
C262,P91,Fashion,158.0,0,0,0,0
C262,P62,Toys,184.0,1,0,0,0
C262,P132,Fashion,32.0,1,1,0,0
C262,P185,Toys,75.0,3,1,1,0
C262,P70,Electronics,141.0,0,0,0,0
C262,P73,Books,121.0,0,0,0,0
C262,P183,Books,127.0,0,0,0,0
C262,P140,Sports,135.0,0,0,0,0
C262,P163,Toys,91.0,1,0,0,0
C262,P86,Sports,56.0,1,1,0,0
C262,P176,Books,50.0,1,1,1,0
C262,P98,Fashion,182.0,0,0,0,0
C262,P194,Toys,196.0,0,0,0,0
C262,P181,Electronics,162.0,0,0,0,0
C262,P196,Electronics,159.0,0,0,0,0
C262,P155,Sports,101.0,0,0,0,0
C263,P105,Books,62.0,1,0,0,4
C263,P166,Sports,94.0,1,1,1,4
C263,P24,Sports,180.0,0,0,0,4
C263,P104,Sports,147.0,0,0,0,4
C263,P128,Fashion,122.0,1,0,0,4
C263,P87,Toys,30.0,3,2,1,4
C263,P37,Toys,134.0,2,1,0,4
C263,P33,Books,78.0,0,0,0,4
C263,P137,Sports,44.0,2,1,1,4
C263,P108,Toys,161.0,2,0,0,4
C263,P20,Sports,33.0,0,0,0,4
C263,P186,Fashion,190.0,0,0,0,4
C263,P191,Fashion,92.0,1,1,1,4
C263,P1,Fashion,132.0,0,0,0,4
C263,P60,Fashion,144.0,0,0,0,4
C263,P39,Toys,93.0,2,2,2,4
C263,P185,Toys,75.0,3,1,0,4
C263,P181,Electronics,162.0,0,0,0,4
C263,P198,Books,78.0,3,2,1,4
C263,P116,Sports,188.0,1,0,0,4
C263,P55,Toys,44.0,2,1,0,4
C263,P98,Fashion,182.0,1,0,0,4
C263,P71,Sports,153.0,0,0,0,4
C263,P4,Books,177.0,0,0,0,4
C263,P53,Fashion,26.0,1,0,0,4
C263,P25,Toys,55.0,2,1,1,4
C263,P123,Books,195.0,2,1,1,4
C263,P95,Electronics,154.0,1,0,0,4
C263,P80,Fashion,114.0,2,1,1,4
C263,P168,Sports,79.0,1,1,1,4
C264,P104,Sports,147.0,0,0,0,9
C264,P98,Fashion,182.0,0,0,0,9
C264,P196,Electronics,159.0,0,0,0,9
C264,P173,Sports,199.0,1,0,0,9
C264,P86,Sports,56.0,1,0,0,9
C264,P199,Electronics,48.0,0,0,0,9
C264,P6,Sports,66.0,0,0,0,9
C264,P74,Electronics,71.0,0,0,0,9
C264,P61,Fashion,66.0,0,0,0,9
C264,P125,Electronics,126.0,0,0,0,9
C264,P114,Electronics,184.0,0,0,0,9
C264,P179,Toys,123.0,0,0,0,9
C264,P145,Sports,130.0,0,0,0,9
C264,P126,Toys,162.0,1,1,1,9
C264,P19,Books,52.0,3,2,2,9
C264,P82,Electronics,22.0,1,0,0,9
C264,P15,Fashion,43.0,0,0,0,9
C264,P83,Sports,100.0,0,0,0,9
C264,P45,Fashion,146.0,0,0,0,9
C264,P103,Electronics,83.0,0,0,0,9
C264,P116,Sports,188.0,1,1,0,9
C264,P48,Electronics,59.0,0,0,0,9
C264,P100,Books,22.0,2,0,0,9
C264,P55,Toys,44.0,0,0,0,9
C264,P105,Books,62.0,0,0,0,9
C264,P37,Toys,134.0,0,0,0,9
C264,P59,Sports,66.0,0,0,0,9
C264,P8,Toys,21.0,2,0,0,9
C264,P36,Sports,98.0,1,0,0,9
C264,P101,Electronics,193.0,0,0,0,9
C265,P192,Electronics,94.0,1,0,0,7
C265,P116,Sports,188.0,0,0,0,7
C265,P46,Books,116.0,0,0,0,7
C265,P191,Fashion,92.0,0,0,0,7
C265,P99,Sports,34.0,0,0,0,7
C265,P171,Books,64.0,2,1,1,7
C265,P15,Fashion,43.0,1,0,0,7
C265,P137,Sports,44.0,1,1,1,7
C265,P93,Fashion,62.0,5,3,2,7
C265,P30,Books,155.0,1,1,1,7
C265,P194,Toys,196.0,1,0,0,7
C265,P82,Electronics,22.0,1,1,1,7
C265,P174,Fashion,80.0,1,1,1,7
C265,P119,Fashion,169.0,0,0,0,7
C265,P190,Fashion,30.0,0,0,0,7
C265,P159,Sports,60.0,0,0,0,7
C265,P5,Books,174.0,1,0,0,7
C265,P152,Fashion,9.0,1,0,0,7
C265,P181,Electronics,162.0,0,0,0,7
C265,P198,Books,78.0,2,2,0,7
C265,P149,Fashion,79.0,0,0,0,7
C265,P47,Sports,76.0,4,1,1,7
C265,P134,Electronics,140.0,1,0,0,7
C265,P150,Sports,144.0,0,0,0,7
C265,P111,Books,148.0,0,0,0,7
C265,P35,Fashion,87.0,1,1,1,7
C265,P27,Electronics,153.0,0,0,0,7
C265,P142,Books,163.0,0,0,0,7
C265,P85,Fashion,46.0,0,0,0,7
C265,P81,Electronics,20.0,0,0,0,7
C266,P60,Fashion,144.0,1,0,0,6
C266,P188,Electronics,81.0,1,0,0,6
C266,P143,Fashion,75.0,6,2,1,6
C266,P5,Books,174.0,1,1,1,6
C266,P22,Sports,65.0,1,1,1,6
C266,P84,Toys,114.0,0,0,0,6
C266,P141,Books,152.0,0,0,0,6
C266,P24,Sports,180.0,0,0,0,6
C266,P50,Books,116.0,0,0,0,6
C266,P101,Electronics,193.0,0,0,0,6
C266,P32,Sports,30.0,1,0,0,6
C266,P100,Books,22.0,2,1,1,6
C266,P194,Toys,196.0,1,1,1,6
C266,P56,Electronics,84.0,2,0,0,6
C266,P120,Electronics,118.0,0,0,0,6
C266,P185,Toys,75.0,1,0,0,6
C266,P77,Fashion,139.0,2,1,1,6
C266,P135,Electronics,188.0,0,0,0,6
C266,P190,Fashion,30.0,0,0,0,6
C266,P13,Sports,111.0,0,0,0,6
C266,P110,Fashion,193.0,1,1,1,6
C266,P196,Electronics,159.0,1,0,0,6
C266,P129,Sports,106.0,0,0,0,6
C266,P166,Sports,94.0,1,1,1,6
C266,P182,Electronics,144.0,0,0,0,6
C266,P92,Electronics,192.0,0,0,0,6
C266,P195,Electronics,98.0,0,0,0,6
C266,P53,Fashion,26.0,3,1,0,6
C266,P157,Sports,194.0,0,0,0,6
C266,P167,Toys,181.0,0,0,0,6
C267,P148,Fashion,71.0,3,2,1,9
C267,P41,Electronics,119.0,0,0,0,9
C267,P11,Fashion,71.0,3,1,0,9
C267,P25,Toys,55.0,0,0,0,9
C267,P127,Electronics,140.0,0,0,0,9
C267,P26,Fashion,184.0,1,0,0,9
C267,P33,Books,78.0,1,0,0,9
C267,P109,Books,29.0,0,0,0,9
C267,P136,Sports,192.0,1,1,1,9
C267,P89,Sports,103.0,3,1,1,9
C267,P97,Books,107.0,1,0,0,9
C267,P161,Electronics,150.0,0,0,0,9
C267,P170,Toys,158.0,0,0,0,9
C267,P19,Books,52.0,2,1,1,9
C267,P128,Fashion,122.0,3,0,0,9
C267,P118,Toys,23.0,1,1,1,9
C267,P177,Toys,170.0,0,0,0,9
C267,P88,Toys,183.0,1,1,0,9
C267,P103,Electronics,83.0,0,0,0,9
C267,P30,Books,155.0,0,0,0,9
C267,P45,Fashion,146.0,1,1,0,9
C267,P185,Toys,75.0,5,2,1,9
C267,P126,Toys,162.0,1,0,0,9
C267,P6,Sports,66.0,3,1,0,9
C267,P160,Books,105.0,2,1,1,9
C267,P195,Electronics,98.0,1,0,0,9
C267,P163,Toys,91.0,1,0,0,9
C267,P80,Fashion,114.0,1,0,0,9
C267,P115,Sports,81.0,1,0,0,9
C267,P167,Toys,181.0,0,0,0,9
C268,P92,Electronics,192.0,0,0,0,9
C268,P49,Sports,92.0,1,0,0,9
C268,P153,Electronics,8.0,2,1,1,9
C268,P108,Toys,161.0,2,0,0,9
C268,P5,Books,174.0,1,0,0,9
C268,P98,Fashion,182.0,0,0,0,9
C268,P176,Books,50.0,0,0,0,9
C268,P54,Sports,13.0,2,1,0,9
C268,P67,Electronics,156.0,0,0,0,9
C268,P137,Sports,44.0,1,0,0,9
C268,P77,Fashion,139.0,4,2,2,9
C268,P175,Books,56.0,2,1,1,9
C268,P24,Sports,180.0,1,0,0,9
C268,P48,Electronics,59.0,1,1,1,9
C268,P159,Sports,60.0,0,0,0,9
C268,P96,Books,159.0,1,1,0,9
C268,P28,Books,38.0,0,0,0,9
C268,P10,Sports,57.0,4,3,3,9
C268,P178,Electronics,46.0,2,1,1,9
C268,P164,Electronics,144.0,1,0,0,9
C268,P194,Toys,196.0,0,0,0,9
C268,P126,Toys,162.0,1,0,0,9
C268,P43,Toys,168.0,0,0,0,9
C268,P82,Electronics,22.0,2,0,0,9
C268,P106,Fashion,129.0,5,1,0,9
C268,P37,Toys,134.0,3,2,2,9
C268,P36,Sports,98.0,1,0,0,9
C268,P76,Sports,196.0,0,0,0,9
C268,P181,Electronics,162.0,0,0,0,9
C268,P170,Toys,158.0,0,0,0,9
C269,P163,Toys,91.0,2,2,2,6
C269,P53,Fashion,26.0,1,0,0,6
C269,P11,Fashion,71.0,0,0,0,6
C269,P81,Electronics,20.0,1,0,0,6
C269,P107,Sports,170.0,0,0,0,6
C269,P155,Sports,101.0,1,0,0,6
C269,P33,Books,78.0,0,0,0,6
C269,P168,Sports,79.0,1,0,0,6
C269,P157,Sports,194.0,0,0,0,6
C269,P133,Toys,82.0,0,0,0,6
C269,P123,Books,195.0,0,0,0,6
C269,P78,Toys,74.0,0,0,0,6
C269,P30,Books,155.0,0,0,0,6
C269,P150,Sports,144.0,1,0,0,6
C269,P162,Toys,177.0,1,0,0,6
C269,P90,Fashion,58.0,1,0,0,6
C269,P40,Books,47.0,2,0,0,6
C269,P102,Electronics,100.0,1,0,0,6
C269,P125,Electronics,126.0,0,0,0,6
C269,P120,Electronics,118.0,0,0,0,6
C269,P167,Toys,181.0,0,0,0,6
C269,P161,Electronics,150.0,0,0,0,6
C269,P72,Fashion,143.0,0,0,0,6
C269,P65,Electronics,194.0,0,0,0,6
C269,P16,Electronics,152.0,1,0,0,6
C269,P95,Electronics,154.0,0,0,0,6
C269,P41,Electronics,119.0,0,0,0,6
C269,P48,Electronics,59.0,0,0,0,6
C269,P36,Sports,98.0,1,1,1,6
C269,P197,Toys,29.0,3,1,1,6
C270,P137,Sports,44.0,3,2,2,0
C270,P61,Fashion,66.0,0,0,0,0
C270,P34,Toys,18.0,0,0,0,0
C270,P62,Toys,184.0,0,0,0,0
C270,P124,Sports,7.0,4,2,1,0
C270,P74,Electronics,71.0,0,0,0,0
C270,P101,Electronics,193.0,2,0,0,0
C270,P122,Sports,195.0,1,0,0,0
C270,P168,Sports,79.0,1,0,0,0
C270,P171,Books,64.0,0,0,0,0
C270,P19,Books,52.0,1,0,0,0
C270,P80,Fashion,114.0,0,0,0,0
C270,P157,Sports,194.0,1,0,0,0
C270,P142,Books,163.0,0,0,0,0
C270,P189,Toys,10.0,0,0,0,0
C270,P197,Toys,29.0,1,0,0,0
C270,P90,Fashion,58.0,0,0,0,0
C270,P117,Sports,50.0,1,0,0,0
C270,P129,Sports,106.0,2,1,1,0
C270,P96,Books,159.0,0,0,0,0
C270,P134,Electronics,140.0,0,0,0,0
C270,P27,Electronics,153.0,0,0,0,0
C270,P155,Sports,101.0,0,0,0,0
C270,P177,Toys,170.0,0,0,0,0
C270,P6,Sports,66.0,1,1,0,0
C270,P26,Fashion,184.0,0,0,0,0
C270,P37,Toys,134.0,0,0,0,0
C270,P4,Books,177.0,0,0,0,0
C270,P178,Electronics,46.0,1,1,0,0
C270,P53,Fashion,26.0,1,0,0,0
C271,P56,Electronics,84.0,2,1,1,9
C271,P65,Electronics,194.0,0,0,0,9
C271,P125,Electronics,126.0,2,1,1,9
C271,P175,Books,56.0,0,0,0,9
C271,P122,Sports,195.0,0,0,0,9
C271,P57,Books,60.0,0,0,0,9
C271,P177,Toys,170.0,3,1,1,9
C271,P106,Fashion,129.0,1,1,1,9
C271,P142,Books,163.0,1,0,0,9
C271,P102,Electronics,100.0,0,0,0,9
C271,P140,Sports,135.0,0,0,0,9
C271,P79,Books,102.0,3,1,1,9
C271,P119,Fashion,169.0,0,0,0,9
C271,P80,Fashion,114.0,2,1,1,9
C271,P198,Books,78.0,1,0,0,9
C271,P132,Fashion,32.0,0,0,0,9
C271,P35,Fashion,87.0,2,1,0,9
C271,P141,Books,152.0,2,0,0,9
C271,P21,Electronics,55.0,0,0,0,9
C271,P8,Toys,21.0,1,0,0,9
C271,P105,Books,62.0,2,0,0,9
C271,P116,Sports,188.0,0,0,0,9
C271,P112,Toys,141.0,2,0,0,9
C271,P107,Sports,170.0,0,0,0,9
C271,P2,Electronics,36.0,1,0,0,9
C271,P90,Fashion,58.0,1,0,0,9
C271,P133,Toys,82.0,1,1,1,9
C271,P160,Books,105.0,2,1,1,9
C271,P89,Sports,103.0,1,0,0,9
C271,P103,Electronics,83.0,2,0,0,9
C272,P196,Electronics,159.0,0,0,0,5
C272,P113,Sports,41.0,1,0,0,5
C272,P164,Electronics,144.0,0,0,0,5
C272,P145,Sports,130.0,1,0,0,5
C272,P43,Toys,168.0,1,1,0,5
C272,P71,Sports,153.0,0,0,0,5
C272,P157,Sports,194.0,1,0,0,5
C272,P77,Fashion,139.0,0,0,0,5
C272,P179,Toys,123.0,0,0,0,5
C272,P30,Books,155.0,0,0,0,5
C272,P128,Fashion,122.0,2,1,0,5
C272,P22,Sports,65.0,0,0,0,5
C272,P131,Toys,65.0,0,0,0,5
C272,P57,Books,60.0,0,0,0,5
C272,P100,Books,22.0,1,0,0,5
C272,P21,Electronics,55.0,0,0,0,5
C272,P163,Toys,91.0,0,0,0,5
C272,P55,Toys,44.0,0,0,0,5
C272,P68,Toys,35.0,0,0,0,5
C272,P26,Fashion,184.0,0,0,0,5
C272,P188,Electronics,81.0,0,0,0,5
C272,P159,Sports,60.0,0,0,0,5
C272,P182,Electronics,144.0,1,0,0,5
C272,P170,Toys,158.0,1,0,0,5
C272,P53,Fashion,26.0,1,0,0,5
C272,P44,Fashion,141.0,0,0,0,5
C272,P19,Books,52.0,1,0,0,5
C272,P11,Fashion,71.0,0,0,0,5
C272,P4,Books,177.0,0,0,0,5
C272,P47,Sports,76.0,1,1,1,5
C273,P51,Electronics,76.0,2,0,0,5
C273,P177,Toys,170.0,0,0,0,5
C273,P67,Electronics,156.0,0,0,0,5
C273,P83,Sports,100.0,1,1,1,5
C273,P77,Fashion,139.0,1,0,0,5
C273,P119,Fashion,169.0,0,0,0,5
C273,P84,Toys,114.0,4,2,1,5
C273,P46,Books,116.0,0,0,0,5
C273,P82,Electronics,22.0,0,0,0,5
C273,P54,Sports,13.0,1,1,1,5
C273,P3,Sports,89.0,1,0,0,5
C273,P151,Books,103.0,2,0,0,5
C273,P34,Toys,18.0,2,2,2,5
C273,P142,Books,163.0,2,2,2,5
C273,P61,Fashion,66.0,1,0,0,5
C273,P48,Electronics,59.0,0,0,0,5
C273,P106,Fashion,129.0,2,1,1,5
C273,P75,Fashion,183.0,0,0,0,5
C273,P107,Sports,170.0,1,0,0,5
C273,P87,Toys,30.0,5,3,1,5
C273,P144,Toys,173.0,0,0,0,5
C273,P95,Electronics,154.0,3,1,1,5
C273,P130,Sports,109.0,0,0,0,5
C273,P22,Sports,65.0,1,1,1,5
C273,P189,Toys,10.0,4,2,1,5
C273,P116,Sports,188.0,0,0,0,5
C273,P10,Sports,57.0,0,0,0,5
C273,P18,Books,20.0,0,0,0,5
C273,P79,Books,102.0,1,0,0,5
C273,P117,Sports,50.0,5,3,2,5
C274,P148,Fashion,71.0,0,0,0,8
C274,P97,Books,107.0,0,0,0,8
C274,P151,Books,103.0,0,0,0,8
C274,P161,Electronics,150.0,0,0,0,8
C274,P137,Sports,44.0,1,1,1,8
C274,P129,Sports,106.0,0,0,0,8
C274,P182,Electronics,144.0,1,0,0,8
C274,P178,Electronics,46.0,1,0,0,8
C274,P9,Toys,163.0,0,0,0,8
C274,P157,Sports,194.0,0,0,0,8
C274,P104,Sports,147.0,0,0,0,8
C274,P116,Sports,188.0,0,0,0,8
C274,P28,Books,38.0,2,1,1,8
C274,P144,Toys,173.0,1,1,1,8
C274,P43,Toys,168.0,3,0,0,8
C274,P69,Electronics,159.0,0,0,0,8
C274,P76,Sports,196.0,0,0,0,8
C274,P136,Sports,192.0,1,0,0,8
C274,P145,Sports,130.0,0,0,0,8
C274,P176,Books,50.0,2,1,1,8
C274,P128,Fashion,122.0,0,0,0,8
C274,P53,Fashion,26.0,1,0,0,8
C274,P39,Toys,93.0,1,1,0,8
C274,P149,Fashion,79.0,3,0,0,8
C274,P115,Sports,81.0,0,0,0,8
C274,P186,Fashion,190.0,0,0,0,8
C274,P135,Electronics,188.0,0,0,0,8
C274,P120,Electronics,118.0,0,0,0,8
C274,P15,Fashion,43.0,1,0,0,8
C274,P190,Fashion,30.0,1,0,0,8
C275,P12,Toys,193.0,0,0,0,1
C275,P50,Books,116.0,2,1,0,1
C275,P121,Toys,81.0,0,0,0,1
C275,P30,Books,155.0,0,0,0,1
C275,P112,Toys,141.0,0,0,0,1
C275,P125,Electronics,126.0,0,0,0,1
C275,P158,Fashion,156.0,1,0,0,1
C275,P191,Fashion,92.0,0,0,0,1
C275,P159,Sports,60.0,0,0,0,1
C275,P142,Books,163.0,0,0,0,1
C275,P48,Electronics,59.0,1,1,0,1
C275,P32,Sports,30.0,1,0,0,1
C275,P184,Fashion,87.0,2,0,0,1
C275,P101,Electronics,193.0,0,0,0,1
C275,P134,Electronics,140.0,0,0,0,1
C275,P149,Fashion,79.0,0,0,0,1
C275,P31,Fashion,30.0,2,1,1,1
C275,P54,Sports,13.0,0,0,0,1
C275,P70,Electronics,141.0,0,0,0,1
C275,P27,Electronics,153.0,0,0,0,1
C275,P141,Books,152.0,0,0,0,1
C275,P133,Toys,82.0,2,1,1,1
C275,P91,Fashion,158.0,2,0,0,1
C275,P28,Books,38.0,0,0,0,1
C275,P85,Fashion,46.0,4,2,1,1
C275,P71,Sports,153.0,0,0,0,1
C275,P123,Books,195.0,2,2,2,1
C275,P24,Sports,180.0,0,0,0,1
C275,P33,Books,78.0,0,0,0,1
C275,P174,Fashion,80.0,1,1,1,1
C276,P156,Sports,121.0,0,0,0,3
C276,P171,Books,64.0,0,0,0,3
C276,P128,Fashion,122.0,1,0,0,3
C276,P18,Books,20.0,2,2,2,3
C276,P107,Sports,170.0,1,0,0,3
C276,P3,Sports,89.0,0,0,0,3
C276,P79,Books,102.0,0,0,0,3
C276,P193,Books,77.0,1,0,0,3
C276,P52,Toys,,0,0,0,3
C276,P98,Fashion,,1,1,1,3
C276,P164,Electronics,144.0,1,0,0,3
C276,P152,Fashion,9.0,1,0,0,3
C276,P28,Books,38.0,0,0,0,3
C276,P6,Sports,66.0,0,0,0,3
C276,P87,Toys,30.0,1,1,1,3
C276,P172,Electronics,90.0,2,0,0,3
C276,P148,Fashion,71.0,0,0,0,3
C276,P188,Electronics,81.0,0,0,0,3
C276,P93,Fashion,62.0,0,0,0,3
C276,P117,Sports,50.0,0,0,0,3
C276,P64,Fashion,31.0,0,0,0,3
C276,P81,Electronics,20.0,2,1,1,3
C276,P190,Fashion,30.0,2,1,1,3
C276,P73,Books,121.0,0,0,0,3
C276,P153,Electronics,8.0,4,2,2,3
C276,P189,Toys,10.0,1,0,0,3
C276,P82,Electronics,22.0,2,2,1,3
C276,P41,Electronics,119.0,1,1,1,3
C276,P75,Fashion,183.0,0,0,0,3
C276,P10,Sports,57.0,0,0,0,3
C277,P73,Books,121.0,0,0,0,3
C277,P192,Electronics,94.0,0,0,0,3
C277,P104,Sports,147.0,0,0,0,3
C277,P172,Electronics,90.0,0,0,0,3
C277,P8,Toys,21.0,2,1,0,3
C277,P194,Toys,196.0,0,0,0,3
C277,P117,Sports,50.0,0,0,0,3
C277,P33,Books,78.0,1,0,0,3
C277,P13,Sports,111.0,0,0,0,3
C277,P26,Fashion,184.0,1,0,0,3
C277,P76,Sports,196.0,1,1,0,3
C277,P108,Toys,161.0,0,0,0,3
C277,P37,Toys,134.0,1,1,1,3
C277,P30,Books,155.0,0,0,0,3
C277,P6,Sports,66.0,1,1,1,3
C277,P59,Sports,66.0,4,3,3,3
C277,P52,Toys,33.0,0,0,0,3
C277,P127,Electronics,140.0,2,1,0,3
C277,P160,Books,105.0,1,0,0,3
C277,P56,Electronics,84.0,3,0,0,3
C277,P130,Sports,109.0,0,0,0,3
C277,P195,Electronics,98.0,0,0,0,3
C277,P55,Toys,44.0,1,0,0,3
C277,P74,Electronics,71.0,5,1,1,3
C277,P65,Electronics,194.0,1,0,0,3
C277,P88,Toys,183.0,0,0,0,3
C277,P133,Toys,82.0,2,1,0,3
C277,P70,Electronics,141.0,0,0,0,3
C277,P176,Books,50.0,1,0,0,3
C277,P109,Books,29.0,1,0,0,3
C278,P147,Fashion,79.0,1,1,1,2
C278,P59,Sports,66.0,2,0,0,2
C278,P127,Electronics,140.0,0,0,0,2
C278,P124,Sports,7.0,3,1,0,2
C278,P72,Fashion,143.0,1,1,1,2
C278,P161,Electronics,150.0,0,0,0,2
C278,P125,Electronics,126.0,0,0,0,2
C278,P78,Toys,74.0,1,0,0,2
C278,P117,Sports,50.0,1,1,0,2
C278,P185,Toys,75.0,1,1,1,2
C278,P145,Sports,130.0,0,0,0,2
C278,P17,Fashion,199.0,0,0,0,2
C278,P179,Toys,123.0,0,0,0,2
C278,P67,Electronics,156.0,1,0,0,2
C278,P50,Books,116.0,0,0,0,2
C278,P191,Fashion,92.0,1,0,0,2
C278,P92,Electronics,192.0,1,1,0,2
C278,P98,Fashion,182.0,0,0,0,2
C278,P76,Sports,196.0,1,0,0,2
C278,P44,Fashion,141.0,0,0,0,2
C278,P93,Fashion,62.0,1,0,0,2
C278,P141,Books,152.0,2,0,0,2
C278,P153,Electronics,8.0,1,1,0,2
C278,P96,Books,159.0,2,1,1,2
C278,P116,Sports,188.0,0,0,0,2
C278,P52,Toys,33.0,0,0,0,2
C278,P174,Fashion,80.0,1,0,0,2
C278,P25,Toys,55.0,0,0,0,2
C278,P0,Fashion,103.0,0,0,0,2
C278,P20,Sports,33.0,4,2,2,2
C279,P56,Electronics,84.0,0,0,0,3
C279,P27,Electronics,153.0,0,0,0,3
C279,P6,Sports,66.0,2,2,1,3
C279,P107,Sports,170.0,0,0,0,3
C279,P115,Sports,81.0,1,1,1,3
C279,P117,Sports,50.0,0,0,0,3
C279,P170,Toys,158.0,1,1,1,3
C279,P154,Fashion,42.0,3,0,0,3
C279,P99,Sports,34.0,0,0,0,3
C279,P61,Fashion,66.0,3,1,0,3
C279,P164,Electronics,144.0,0,0,0,3
C279,P8,Toys,21.0,0,0,0,3
C279,P53,Fashion,26.0,0,0,0,3
C279,P16,Electronics,152.0,1,1,0,3
C279,P82,Electronics,22.0,1,0,0,3
C279,P65,Electronics,194.0,0,0,0,3
C279,P17,Fashion,199.0,1,1,1,3
C279,P77,Fashion,139.0,0,0,0,3
C279,P98,Fashion,182.0,2,0,0,3
C279,P109,Books,29.0,2,0,0,3
C279,P127,Electronics,140.0,0,0,0,3
C279,P180,Books,51.0,2,1,1,3
C279,P78,Toys,74.0,4,1,1,3
C279,P80,Fashion,,0,0,0,3
C279,P178,Electronics,46.0,1,0,0,3
C279,P176,Books,50.0,1,0,0,3
C279,P187,Books,153.0,1,0,0,3
C279,P145,Sports,130.0,0,0,0,3
C279,P126,Toys,162.0,2,0,0,3
C279,P110,Fashion,193.0,0,0,0,3
C280,P118,Toys,23.0,0,0,0,6
C280,P127,Electronics,140.0,0,0,0,6
C280,P72,Fashion,143.0,0,0,0,6
C280,P75,Fashion,183.0,0,0,0,6
C280,P120,Electronics,118.0,1,1,1,6
C280,P83,Sports,100.0,1,0,0,6
C280,P71,Sports,153.0,1,1,0,6
C280,P78,Toys,74.0,0,0,0,6
C280,P137,Sports,44.0,1,1,1,6
C280,P159,Sports,60.0,1,0,0,6
C280,P144,Toys,173.0,0,0,0,6
C280,P50,Books,116.0,0,0,0,6
C280,P136,Sports,192.0,0,0,0,6
C280,P57,Books,60.0,5,2,1,6
C280,P28,Books,38.0,4,1,1,6
C280,P93,Fashion,62.0,3,3,3,6
C280,P19,Books,52.0,2,0,0,6
C280,P36,Sports,98.0,0,0,0,6
C280,P25,Toys,55.0,3,1,1,6
C280,P109,Books,29.0,3,1,0,6
C280,P185,Toys,75.0,0,0,0,6
C280,P158,Fashion,156.0,0,0,0,6
C280,P4,Books,177.0,1,0,0,6
C280,P91,Fashion,158.0,1,1,1,6
C280,P116,Sports,188.0,0,0,0,6
C280,P199,Electronics,48.0,2,0,0,6
C280,P82,Electronics,22.0,1,1,1,6
C280,P58,Toys,39.0,2,0,0,6
C280,P129,Sports,106.0,0,0,0,6
C280,P145,Sports,130.0,0,0,0,6
C281,P52,Toys,33.0,0,0,0,2
C281,P100,Books,22.0,0,0,0,2
C281,P171,Books,64.0,0,0,0,2
C281,P75,Fashion,183.0,1,1,1,2
C281,P31,Fashion,30.0,4,1,1,2
C281,P87,Toys,30.0,3,1,1,2
C281,P116,Sports,188.0,0,0,0,2
C281,P76,Sports,196.0,2,1,1,2
C281,P134,Electronics,140.0,0,0,0,2
C281,P35,Fashion,87.0,4,1,1,2
C281,P151,Books,103.0,0,0,0,2
C281,P91,Fashion,158.0,0,0,0,2
C281,P181,Electronics,162.0,0,0,0,2
C281,P70,Electronics,141.0,1,0,0,2
C281,P103,Electronics,83.0,0,0,0,2
C281,P157,Sports,194.0,0,0,0,2
C281,P21,Electronics,55.0,2,1,1,2
C281,P63,Books,117.0,1,0,0,2
C281,P67,Electronics,156.0,0,0,0,2
C281,P77,Fashion,139.0,0,0,0,2
C281,P199,Electronics,48.0,0,0,0,2
C281,P176,Books,50.0,1,1,1,2
C281,P167,Toys,181.0,1,1,0,2
C281,P84,Toys,114.0,0,0,0,2
C281,P147,Fashion,79.0,3,0,0,2
C281,P159,Sports,60.0,0,0,0,2
C281,P17,Fashion,199.0,0,0,0,2
C281,P136,Sports,192.0,2,0,0,2
C281,P142,Books,163.0,0,0,0,2
C281,P120,Electronics,118.0,1,0,0,2
C282,P152,Fashion,9.0,1,0,0,8
C282,P115,Sports,81.0,0,0,0,8
C282,P182,Electronics,144.0,0,0,0,8
C282,P33,Books,78.0,1,1,1,8
C282,P164,Electronics,144.0,1,1,0,8
C282,P129,Sports,106.0,0,0,0,8
C282,P45,Fashion,146.0,0,0,0,8
C282,P126,Toys,162.0,0,0,0,8
C282,P121,Toys,81.0,0,0,0,8
C282,P156,Sports,121.0,0,0,0,8
C282,P143,Fashion,75.0,1,0,0,8
C282,P23,Fashion,19.0,0,0,0,8
C282,P72,Fashion,143.0,1,0,0,8
C282,P146,Electronics,130.0,0,0,0,8
C282,P122,Sports,195.0,0,0,0,8
C282,P51,Electronics,76.0,0,0,0,8
C282,P140,Sports,135.0,0,0,0,8
C282,P178,Electronics,46.0,0,0,0,8
C282,P154,Fashion,42.0,0,0,0,8
C282,P125,Electronics,126.0,0,0,0,8
C282,P22,Sports,65.0,1,1,1,8
C282,P155,Sports,101.0,0,0,0,8
C282,P131,Toys,65.0,0,0,0,8
C282,P111,Books,148.0,0,0,0,8
C282,P78,Toys,74.0,1,1,0,8
C282,P80,Fashion,114.0,0,0,0,8
C282,P198,Books,78.0,0,0,0,8
C282,P88,Toys,183.0,2,1,0,8
C282,P54,Sports,13.0,1,1,1,8
C282,P53,Fashion,26.0,1,0,0,8
C283,P74,Electronics,,1,1,1,8
C283,P152,Fashion,9.0,6,4,4,8
C283,P24,Sports,180.0,0,0,0,8
C283,P44,Fashion,141.0,0,0,0,8
C283,P42,Books,93.0,0,0,0,8
C283,P58,Toys,39.0,1,0,0,8
C283,P9,Toys,163.0,0,0,0,8
C283,P120,Electronics,118.0,0,0,0,8
C283,P34,Toys,18.0,0,0,0,8
C283,P142,Books,163.0,0,0,0,8
C283,P148,Fashion,71.0,3,1,1,8
C283,P128,Fashion,122.0,0,0,0,8
C283,P151,Books,103.0,0,0,0,8
C283,P70,Electronics,141.0,0,0,0,8
C283,P25,Toys,55.0,3,1,0,8
C283,P133,Toys,82.0,0,0,0,8
C283,P84,Toys,114.0,0,0,0,8
C283,P147,Fashion,79.0,0,0,0,8
C283,P93,Fashion,62.0,4,4,4,8
C283,P92,Electronics,192.0,1,1,0,8
C283,P155,Sports,101.0,2,1,0,8
C283,P144,Toys,173.0,0,0,0,8
C283,P88,Toys,183.0,0,0,0,8
C283,P174,Fashion,80.0,3,1,1,8
C283,P95,Electronics,154.0,1,1,0,8
C283,P50,Books,116.0,0,0,0,8
C283,P78,Toys,74.0,2,1,1,8
C283,P199,Electronics,48.0,0,0,0,8
C283,P82,Electronics,22.0,2,0,0,8
C283,P124,Sports,7.0,1,0,0,8
C284,P54,Sports,13.0,1,0,0,3
C284,P158,Fashion,156.0,0,0,0,3
C284,P38,Fashion,116.0,0,0,0,3
C284,P62,Toys,184.0,2,0,0,3
C284,P77,Fashion,139.0,0,0,0,3
C284,P68,Toys,35.0,1,0,0,3
C284,P122,Sports,195.0,0,0,0,3
C284,P1,Fashion,132.0,0,0,0,3
C284,P175,Books,56.0,2,1,1,3
C284,P29,Toys,141.0,0,0,0,3
C284,P144,Toys,173.0,1,1,1,3
C284,P22,Sports,65.0,0,0,0,3
C284,P119,Fashion,169.0,0,0,0,3
C284,P6,Sports,66.0,0,0,0,3
C284,P112,Toys,141.0,0,0,0,3
C284,P97,Books,107.0,0,0,0,3
C284,P52,Toys,33.0,1,1,1,3
C284,P27,Electronics,153.0,0,0,0,3
C284,P143,Fashion,75.0,0,0,0,3
C284,P107,Sports,170.0,0,0,0,3
C284,P197,Toys,29.0,1,0,0,3
C284,P17,Fashion,199.0,1,0,0,3
C284,P134,Electronics,140.0,1,0,0,3
C284,P74,Electronics,71.0,7,0,0,3
C284,P102,Electronics,100.0,0,0,0,3
C284,P10,Sports,57.0,0,0,0,3
C284,P149,Fashion,79.0,0,0,0,3
C284,P47,Sports,76.0,0,0,0,3
C284,P163,Toys,91.0,1,1,0,3
C284,P96,Books,159.0,0,0,0,3
C285,P72,Fashion,143.0,0,0,0,9
C285,P140,Sports,135.0,1,0,0,9
C285,P122,Sports,195.0,0,0,0,9
C285,P45,Fashion,146.0,1,0,0,9
C285,P12,Toys,193.0,0,0,0,9
C285,P91,Fashion,158.0,0,0,0,9
C285,P40,Books,47.0,4,3,2,9
C285,P158,Fashion,156.0,0,0,0,9
C285,P55,Toys,44.0,0,0,0,9
C285,P148,Fashion,71.0,0,0,0,9
C285,P5,Books,174.0,1,1,1,9
C285,P43,Toys,168.0,0,0,0,9
C285,P132,Fashion,32.0,2,0,0,9
C285,P121,Toys,81.0,1,0,0,9
C285,P74,Electronics,71.0,0,0,0,9
C285,P96,Books,159.0,0,0,0,9
C285,P89,Sports,103.0,0,0,0,9
C285,P28,Books,38.0,6,2,2,9
C285,P38,Fashion,116.0,1,0,0,9
C285,P193,Books,77.0,1,0,0,9
C285,P187,Books,153.0,0,0,0,9
C285,P186,Fashion,190.0,0,0,0,9
C285,P198,Books,78.0,0,0,0,9
C285,P192,Electronics,94.0,0,0,0,9
C285,P165,Electronics,45.0,1,0,0,9
C285,P36,Sports,98.0,0,0,0,9
C285,P155,Sports,101.0,0,0,0,9
C285,P18,Books,20.0,9,7,4,9
C285,P13,Sports,111.0,0,0,0,9
C285,P87,Toys,30.0,0,0,0,9
C286,P153,Electronics,8.0,2,1,1,6
C286,P151,Books,103.0,0,0,0,6
C286,P95,Electronics,154.0,0,0,0,6
C286,P108,Toys,161.0,0,0,0,6
C286,P40,Books,47.0,0,0,0,6
C286,P134,Electronics,140.0,1,1,1,6
C286,P111,Books,148.0,0,0,0,6
C286,P154,Fashion,42.0,2,1,1,6
C286,P92,Electronics,192.0,0,0,0,6
C286,P16,Electronics,152.0,0,0,0,6
C286,P87,Toys,30.0,0,0,0,6
C286,P52,Toys,33.0,4,3,2,6
C286,P72,Fashion,143.0,2,2,1,6
C286,P121,Toys,81.0,1,0,0,6
C286,P181,Electronics,162.0,2,1,1,6
C286,P43,Toys,168.0,0,0,0,6
C286,P147,Fashion,79.0,2,0,0,6
C286,P57,Books,60.0,1,0,0,6
C286,P60,Fashion,144.0,0,0,0,6
C286,P149,Fashion,79.0,0,0,0,6
C286,P4,Books,177.0,1,1,0,6
C286,P100,Books,22.0,0,0,0,6
C286,P98,Fashion,182.0,1,1,0,6
C286,P3,Sports,89.0,0,0,0,6
C286,P36,Sports,98.0,0,0,0,6
C286,P106,Fashion,129.0,0,0,0,6
C286,P138,Sports,10.0,1,0,0,6
C286,P74,Electronics,71.0,0,0,0,6
C286,P130,Sports,109.0,0,0,0,6
C286,P144,Toys,173.0,0,0,0,6
C287,P179,Toys,123.0,0,0,0,4
C287,P146,Electronics,130.0,2,2,2,4
C287,P56,Electronics,84.0,0,0,0,4
C287,P55,Toys,44.0,0,0,0,4
C287,P157,Sports,194.0,0,0,0,4
C287,P98,Fashion,182.0,1,0,0,4
C287,P199,Electronics,48.0,0,0,0,4
C287,P84,Toys,114.0,0,0,0,4
C287,P18,Books,20.0,3,1,1,4
C287,P14,Toys,175.0,0,0,0,4
C287,P79,Books,102.0,0,0,0,4
C287,P118,Toys,23.0,0,0,0,4
C287,P135,Electronics,188.0,0,0,0,4
C287,P1,Fashion,132.0,1,1,1,4
C287,P105,Books,62.0,1,0,0,4
C287,P132,Fashion,32.0,0,0,0,4
C287,P19,Books,52.0,1,0,0,4
C287,P148,Fashion,71.0,1,0,0,4
C287,P165,Electronics,45.0,0,0,0,4
C287,P170,Toys,158.0,0,0,0,4
C287,P82,Electronics,22.0,2,1,1,4
C287,P143,Fashion,75.0,0,0,0,4
C287,P174,Fashion,80.0,1,0,0,4
C287,P188,Electronics,81.0,1,0,0,4
C287,P47,Sports,76.0,0,0,0,4
C287,P190,Fashion,30.0,0,0,0,4
C287,P53,Fashion,26.0,0,0,0,4
C287,P26,Fashion,184.0,0,0,0,4
C287,P29,Toys,141.0,0,0,0,4
C287,P131,Toys,65.0,2,0,0,4
C288,P142,Books,163.0,0,0,0,5
C288,P165,Electronics,45.0,5,3,2,5
C288,P170,Toys,158.0,0,0,0,5
C288,P124,Sports,7.0,0,0,0,5
C288,P198,Books,78.0,2,1,1,5
C288,P129,Sports,106.0,1,0,0,5
C288,P196,Electronics,159.0,2,0,0,5
C288,P74,Electronics,71.0,4,2,1,5
C288,P72,Fashion,143.0,0,0,0,5
C288,P75,Fashion,183.0,1,0,0,5
C288,P184,Fashion,87.0,0,0,0,5
C288,P12,Toys,193.0,0,0,0,5
C288,P21,Electronics,55.0,3,2,1,5
C288,P187,Books,153.0,0,0,0,5
C288,P39,Toys,93.0,1,1,1,5
C288,P60,Fashion,144.0,0,0,0,5
C288,P66,Fashion,176.0,0,0,0,5
C288,P93,Fashion,62.0,1,1,1,5
C288,P143,Fashion,75.0,3,2,1,5
C288,P10,Sports,57.0,1,1,1,5
C288,P146,Electronics,130.0,1,1,1,5
C288,P68,Toys,35.0,2,1,1,5
C288,P161,Electronics,150.0,1,1,1,5
C288,P65,Electronics,194.0,2,0,0,5
C288,P91,Fashion,158.0,1,0,0,5
C288,P126,Toys,162.0,0,0,0,5
C288,P163,Toys,91.0,2,1,1,5
C288,P3,Sports,89.0,2,0,0,5
C288,P190,Fashion,30.0,1,0,0,5
C288,P154,Fashion,42.0,2,0,0,5
C289,P74,Electronics,71.0,0,0,0,4
C289,P90,Fashion,58.0,0,0,0,4
C289,P193,Books,77.0,0,0,0,4
C289,P179,Toys,123.0,3,0,0,4
C289,P27,Electronics,153.0,0,0,0,4
C289,P30,Books,155.0,1,0,0,4
C289,P114,Electronics,184.0,1,0,0,4
C289,P64,Fashion,31.0,0,0,0,4
C289,P119,Fashion,169.0,1,0,0,4
C289,P57,Books,60.0,2,0,0,4
C289,P45,Fashion,146.0,0,0,0,4
C289,P89,Sports,103.0,0,0,0,4
C289,P161,Electronics,150.0,0,0,0,4
C289,P68,Toys,35.0,2,0,0,4
C289,P11,Fashion,71.0,2,1,0,4
C289,P51,Electronics,76.0,1,0,0,4
C289,P73,Books,121.0,0,0,0,4
C289,P93,Fashion,62.0,0,0,0,4
C289,P166,Sports,94.0,1,0,0,4
C289,P87,Toys,30.0,1,1,1,4
C289,P135,Electronics,188.0,1,1,1,4
C289,P171,Books,64.0,1,1,1,4
C289,P34,Toys,18.0,5,2,1,4
C289,P62,Toys,184.0,1,0,0,4
C289,P18,Books,20.0,1,0,0,4
C289,P39,Toys,93.0,2,0,0,4
C289,P152,Fashion,9.0,0,0,0,4
C289,P144,Toys,173.0,1,1,1,4
C289,P91,Fashion,158.0,1,0,0,4
C289,P60,Fashion,144.0,0,0,0,4
C290,P18,Books,20.0,0,0,0,2
C290,P123,Books,195.0,0,0,0,2
C290,P85,Fashion,46.0,0,0,0,2
C290,P32,Sports,30.0,4,2,1,2
C290,P26,Fashion,184.0,0,0,0,2
C290,P95,Electronics,154.0,1,1,0,2
C290,P25,Toys,55.0,2,1,1,2
C290,P169,Sports,8.0,3,1,1,2
C290,P144,Toys,173.0,0,0,0,2
C290,P87,Toys,30.0,1,1,1,2
C290,P62,Toys,,1,0,0,2
C290,P59,Sports,66.0,3,1,0,2
C290,P190,Fashion,30.0,1,0,0,2
C290,P161,Electronics,150.0,0,0,0,2
C290,P48,Electronics,59.0,2,0,0,2
C290,P198,Books,78.0,2,0,0,2
C290,P116,Sports,188.0,0,0,0,2
C290,P180,Books,51.0,1,0,0,2
C290,P147,Fashion,79.0,2,1,1,2
C290,P22,Sports,65.0,4,1,1,2
C290,P75,Fashion,183.0,0,0,0,2
C290,P160,Books,105.0,1,1,1,2
C290,P111,Books,148.0,0,0,0,2
C290,P107,Sports,170.0,1,0,0,2
C290,P8,Toys,21.0,1,1,1,2
C290,P64,Fashion,31.0,1,0,0,2
C290,P122,Sports,195.0,0,0,0,2
C290,P106,Fashion,129.0,1,0,0,2
C290,P17,Fashion,199.0,0,0,0,2
C290,P182,Electronics,144.0,1,1,0,2
C291,P65,Electronics,194.0,1,0,0,5
C291,P23,Fashion,19.0,1,0,0,5
C291,P185,Toys,75.0,0,0,0,5
C291,P28,Books,38.0,1,0,0,5
C291,P124,Sports,7.0,1,0,0,5
C291,P105,Books,62.0,1,0,0,5
C291,P6,Sports,66.0,1,1,1,5
C291,P155,Sports,101.0,0,0,0,5
C291,P183,Books,127.0,0,0,0,5
C291,P163,Toys,91.0,0,0,0,5
C291,P170,Toys,158.0,0,0,0,5
C291,P89,Sports,103.0,0,0,0,5
C291,P190,Fashion,30.0,0,0,0,5
C291,P184,Fashion,87.0,0,0,0,5
C291,P96,Books,159.0,0,0,0,5
C291,P73,Books,121.0,0,0,0,5
C291,P113,Sports,41.0,1,1,0,5
C291,P159,Sports,60.0,0,0,0,5
C291,P38,Fashion,116.0,0,0,0,5
C291,P114,Electronics,184.0,2,1,1,5
C291,P46,Books,116.0,0,0,0,5
C291,P45,Fashion,146.0,1,1,1,5
C291,P169,Sports,8.0,0,0,0,5
C291,P97,Books,107.0,1,0,0,5
C291,P84,Toys,114.0,0,0,0,5
C291,P110,Fashion,193.0,0,0,0,5
C291,P168,Sports,79.0,0,0,0,5
C291,P149,Fashion,79.0,1,0,0,5
C291,P140,Sports,135.0,0,0,0,5
C291,P21,Electronics,55.0,3,1,1,5
C292,P46,Books,116.0,1,1,1,1
C292,P66,Fashion,176.0,0,0,0,1
C292,P167,Toys,181.0,1,0,0,1
C292,P71,Sports,153.0,0,0,0,1
C292,P128,Fashion,122.0,1,0,0,1
C292,P31,Fashion,30.0,1,0,0,1
C292,P150,Sports,144.0,0,0,0,1
C292,P97,Books,107.0,1,0,0,1
C292,P88,Toys,183.0,0,0,0,1
C292,P196,Electronics,,1,0,0,1
C292,P29,Toys,141.0,0,0,0,1
C292,P5,Books,174.0,0,0,0,1
C292,P120,Electronics,118.0,0,0,0,1
C292,P140,Sports,135.0,1,1,0,1
C292,P173,Sports,199.0,1,1,1,1
C292,P36,Sports,98.0,1,1,1,1
C292,P179,Toys,123.0,0,0,0,1
C292,P20,Sports,33.0,0,0,0,1
C292,P100,Books,22.0,0,0,0,1
C292,P48,Electronics,59.0,5,0,0,1
C292,P164,Electronics,144.0,1,0,0,1
C292,P95,Electronics,154.0,0,0,0,1
C292,P170,Toys,158.0,2,1,0,1
C292,P186,Fashion,190.0,0,0,0,1
C292,P17,Fashion,199.0,1,1,0,1
C292,P8,Toys,21.0,2,1,1,1
C292,P174,Fashion,80.0,0,0,0,1
C292,P113,Sports,41.0,0,0,0,1
C292,P110,Fashion,193.0,0,0,0,1
C292,P38,Fashion,116.0,1,1,1,1
C293,P175,Books,56.0,5,1,1,0
C293,P0,Fashion,103.0,0,0,0,0
C293,P3,Sports,89.0,1,0,0,0
C293,P106,Fashion,129.0,1,1,1,0
C293,P199,Electronics,48.0,0,0,0,0
C293,P188,Electronics,81.0,1,1,1,0
C293,P159,Sports,60.0,1,1,1,0
C293,P153,Electronics,8.0,0,0,0,0
C293,P86,Sports,56.0,1,0,0,0
C293,P123,Books,195.0,1,0,0,0
C293,P107,Sports,170.0,0,0,0,0
C293,P89,Sports,103.0,3,2,0,0
C293,P150,Sports,144.0,0,0,0,0
C293,P12,Toys,193.0,0,0,0,0
C293,P8,Toys,21.0,0,0,0,0
C293,P176,Books,50.0,4,0,0,0
C293,P61,Fashion,66.0,1,0,0,0
C293,P187,Books,153.0,1,0,0,0
C293,P169,Sports,8.0,0,0,0,0
C293,P4,Books,177.0,2,1,1,0
C293,P157,Sports,194.0,0,0,0,0
C293,P163,Toys,91.0,3,1,1,0
C293,P158,Fashion,156.0,1,1,0,0
C293,P67,Electronics,156.0,1,0,0,0
C293,P69,Electronics,159.0,0,0,0,0
C293,P31,Fashion,30.0,1,1,1,0
C293,P66,Fashion,176.0,1,1,1,0
C293,P83,Sports,100.0,2,2,1,0
C293,P73,Books,121.0,5,3,2,0
C293,P91,Fashion,158.0,1,0,0,0
C294,P60,Fashion,144.0,2,2,2,0
C294,P4,Books,177.0,0,0,0,0
C294,P165,Electronics,45.0,1,0,0,0
C294,P192,Electronics,94.0,0,0,0,0
C294,P25,Toys,55.0,1,0,0,0
C294,P148,Fashion,71.0,4,2,1,0
C294,P108,Toys,161.0,1,1,0,0
C294,P47,Sports,76.0,0,0,0,0
C294,P43,Toys,168.0,0,0,0,0
C294,P162,Toys,177.0,1,0,0,0
C294,P65,Electronics,194.0,0,0,0,0
C294,P176,Books,50.0,0,0,0,0
C294,P121,Toys,81.0,0,0,0,0
C294,P18,Books,20.0,0,0,0,0
C294,P73,Books,121.0,0,0,0,0
C294,P183,Books,127.0,0,0,0,0
C294,P15,Fashion,43.0,2,2,0,0
C294,P156,Sports,121.0,0,0,0,0
C294,P174,Fashion,80.0,2,0,0,0
C294,P100,Books,22.0,0,0,0,0
C294,P70,Electronics,141.0,0,0,0,0
C294,P67,Electronics,156.0,0,0,0,0
C294,P102,Electronics,100.0,0,0,0,0
C294,P12,Toys,193.0,0,0,0,0
C294,P161,Electronics,150.0,0,0,0,0
C294,P136,Sports,192.0,0,0,0,0
C294,P23,Fashion,19.0,2,0,0,0
C294,P86,Sports,56.0,0,0,0,0
C294,P110,Fashion,193.0,1,0,0,0
C294,P170,Toys,158.0,0,0,0,0
C295,P198,Books,78.0,0,0,0,7
C295,P133,Toys,82.0,0,0,0,7
C295,P165,Electronics,45.0,2,1,1,7
C295,P9,Toys,163.0,0,0,0,7
C295,P193,Books,77.0,0,0,0,7
C295,P180,Books,51.0,1,0,0,7
C295,P25,Toys,55.0,0,0,0,7
C295,P97,Books,107.0,0,0,0,7
C295,P76,Sports,196.0,0,0,0,7
C295,P48,Electronics,59.0,2,1,1,7
C295,P83,Sports,100.0,0,0,0,7
C295,P154,Fashion,42.0,3,1,0,7
C295,P199,Electronics,48.0,0,0,0,7
C295,P91,Fashion,158.0,0,0,0,7
C295,P61,Fashion,66.0,3,1,1,7
C295,P59,Sports,66.0,0,0,0,7
C295,P179,Toys,123.0,0,0,0,7
C295,P49,Sports,92.0,0,0,0,7
C295,P109,Books,29.0,0,0,0,7
C295,P68,Toys,35.0,0,0,0,7
C295,P162,Toys,177.0,0,0,0,7
C295,P127,Electronics,140.0,0,0,0,7
C295,P129,Sports,106.0,0,0,0,7
C295,P138,Sports,10.0,3,1,1,7
C295,P119,Fashion,169.0,5,1,1,7
C295,P74,Electronics,71.0,0,0,0,7
C295,P100,Books,22.0,0,0,0,7
C295,P167,Toys,181.0,0,0,0,7
C295,P156,Sports,121.0,0,0,0,7
C295,P94,Sports,180.0,0,0,0,7
C296,P189,Toys,10.0,0,0,0,8
C296,P24,Sports,180.0,0,0,0,8
C296,P134,Electronics,140.0,0,0,0,8
C296,P93,Fashion,62.0,0,0,0,8
C296,P181,Electronics,162.0,0,0,0,8
C296,P21,Electronics,55.0,0,0,0,8
C296,P153,Electronics,8.0,2,0,0,8
C296,P80,Fashion,114.0,1,0,0,8
C296,P53,Fashion,26.0,1,1,1,8
C296,P50,Books,116.0,0,0,0,8
C296,P199,Electronics,48.0,1,0,0,8
C296,P82,Electronics,22.0,1,0,0,8
C296,P195,Electronics,98.0,0,0,0,8
C296,P180,Books,51.0,3,3,3,8
C296,P81,Electronics,20.0,2,0,0,8
C296,P141,Books,152.0,0,0,0,8
C296,P15,Fashion,43.0,1,0,0,8
C296,P51,Electronics,76.0,0,0,0,8
C296,P13,Sports,111.0,1,0,0,8
C296,P184,Fashion,87.0,0,0,0,8
C296,P16,Electronics,152.0,1,1,1,8
C296,P27,Electronics,153.0,0,0,0,8
C296,P54,Sports,13.0,1,0,0,8
C296,P65,Electronics,194.0,1,0,0,8
C296,P4,Books,177.0,1,0,0,8
C296,P43,Toys,168.0,0,0,0,8
C296,P138,Sports,10.0,0,0,0,8
C296,P147,Fashion,79.0,1,0,0,8
C296,P103,Electronics,83.0,1,1,1,8
C296,P8,Toys,21.0,0,0,0,8
C297,P126,Toys,,0,0,0,6
C297,P2,Electronics,36.0,3,2,2,6
C297,P31,Fashion,30.0,0,0,0,6
C297,P29,Toys,141.0,0,0,0,6
C297,P179,Toys,123.0,0,0,0,6
C297,P175,Books,56.0,2,0,0,6
C297,P188,Electronics,81.0,5,1,0,6
C297,P108,Toys,161.0,0,0,0,6
C297,P161,Electronics,150.0,1,0,0,6
C297,P125,Electronics,126.0,0,0,0,6
C297,P21,Electronics,55.0,5,2,2,6
C297,P98,Fashion,182.0,1,0,0,6
C297,P27,Electronics,153.0,1,0,0,6
C297,P49,Sports,92.0,0,0,0,6
C297,P38,Fashion,116.0,0,0,0,6
C297,P150,Sports,144.0,1,0,0,6
C297,P33,Books,78.0,1,0,0,6
C297,P134,Electronics,140.0,0,0,0,6
C297,P160,Books,105.0,2,1,0,6
C297,P146,Electronics,130.0,1,0,0,6
C297,P71,Sports,153.0,1,0,0,6
C297,P165,Electronics,45.0,4,1,1,6
C297,P124,Sports,7.0,0,0,0,6
C297,P101,Electronics,193.0,1,1,0,6
C297,P17,Fashion,199.0,0,0,0,6
C297,P109,Books,29.0,1,1,1,6
C297,P75,Fashion,183.0,1,0,0,6
C297,P107,Sports,170.0,0,0,0,6
C297,P152,Fashion,9.0,0,0,0,6
C297,P183,Books,127.0,2,2,0,6
C298,P187,Books,153.0,1,0,0,2
C298,P93,Fashion,62.0,2,1,1,2
C298,P67,Electronics,156.0,3,0,0,2
C298,P30,Books,155.0,0,0,0,2
C298,P99,Sports,34.0,2,1,1,2
C298,P172,Electronics,90.0,1,1,1,2
C298,P128,Fashion,122.0,0,0,0,2
C298,P89,Sports,103.0,3,1,0,2
C298,P106,Fashion,129.0,1,1,1,2
C298,P48,Electronics,59.0,2,2,2,2
C298,P50,Books,116.0,0,0,0,2
C298,P73,Books,121.0,2,0,0,2
C298,P97,Books,107.0,0,0,0,2
C298,P14,Toys,175.0,0,0,0,2
C298,P82,Electronics,22.0,3,0,0,2
C298,P150,Sports,144.0,1,1,1,2
C298,P5,Books,174.0,0,0,0,2
C298,P36,Sports,98.0,2,0,0,2
C298,P171,Books,64.0,3,1,1,2
C298,P148,Fashion,71.0,0,0,0,2
C298,P144,Toys,173.0,1,0,0,2
C298,P51,Electronics,76.0,0,0,0,2
C298,P140,Sports,135.0,0,0,0,2
C298,P169,Sports,8.0,4,3,2,2
C298,P58,Toys,39.0,1,0,0,2
C298,P115,Sports,81.0,3,2,2,2
C298,P134,Electronics,140.0,1,1,0,2
C298,P17,Fashion,199.0,0,0,0,2
C298,P152,Fashion,9.0,1,0,0,2
C298,P35,Fashion,87.0,1,0,0,2
C299,P94,Sports,180.0,1,1,1,2
C299,P22,Sports,65.0,1,1,0,2
C299,P161,Electronics,150.0,0,0,0,2
C299,P9,Toys,163.0,0,0,0,2
C299,P134,Electronics,140.0,0,0,0,2
C299,P131,Toys,65.0,0,0,0,2
C299,P72,Fashion,143.0,0,0,0,2
C299,P105,Books,62.0,3,0,0,2
C299,P132,Fashion,32.0,0,0,0,2
C299,P96,Books,159.0,1,0,0,2
C299,P115,Sports,81.0,0,0,0,2
C299,P10,Sports,57.0,1,1,1,2
C299,P56,Electronics,84.0,0,0,0,2
C299,P111,Books,148.0,1,0,0,2
C299,P198,Books,78.0,1,0,0,2
C299,P87,Toys,30.0,1,0,0,2
C299,P188,Electronics,81.0,1,1,0,2
C299,P123,Books,195.0,1,1,1,2
C299,P117,Sports,50.0,1,1,1,2
C299,P176,Books,50.0,4,2,2,2
C299,P185,Toys,75.0,1,0,0,2
C299,P25,Toys,55.0,0,0,0,2
C299,P183,Books,127.0,2,0,0,2
C299,P83,Sports,100.0,0,0,0,2
C299,P71,Sports,153.0,0,0,0,2
C299,P50,Books,116.0,0,0,0,2
C299,P80,Fashion,114.0,0,0,0,2
C299,P73,Books,121.0,1,1,0,2
C299,P52,Toys,33.0,0,0,0,2
C299,P136,Sports,192.0,0,0,0,2
C106,P48,Electronics,59.0,2,2,2,6
C149,P198,Books,78.0,0,0,0,5
C100,P63,Books,117.0,2,0,0,0
C084,P115,Sports,81.0,2,1,1,4
C198,P152,Fashion,9.0,1,1,1,4
C095,P93,Fashion,62.0,4,3,2,3
C216,P90,Fashion,58.0,1,1,1,9
C078,P53,Fashion,26.0,2,1,1,2
C181,P180,Books,51.0,2,0,0,8
C025,P29,Toys,141.0,1,0,0,0
C101,P21,Electronics,55.0,4,1,1,4
C139,P164,Electronics,144.0,0,0,0,5
C282,P154,Fashion,42.0,0,0,0,8
C001,P19,Books,52.0,2,1,1,8
C007,P105,Books,62.0,2,1,0,1
C100,P22,Sports,65.0,1,0,0,0
C214,P73,Books,121.0,2,2,2,1
C009,P48,Electronics,59.0,1,1,1,0
C182,P61,Fashion,66.0,0,0,0,3
C169,P160,Books,105.0,2,0,0,7
C129,P171,Books,64.0,2,1,1,0
C199,P66,Fashion,176.0,0,0,0,5
C062,P179,Toys,123.0,1,0,0,0
C052,P30,Books,155.0,0,0,0,0
C164,P196,Electronics,159.0,1,0,0,5
C060,P169,Sports,8.0,1,0,0,8
C081,P191,Fashion,92.0,1,1,1,0
C193,P111,Books,148.0,0,0,0,0
C293,P67,Electronics,156.0,1,0,0,0
C071,P37,Toys,134.0,0,0,0,3
C062,P76,Sports,196.0,0,0,0,0
C048,P190,Fashion,30.0,1,1,0,4
C132,P90,Fashion,58.0,0,0,0,5
C223,P172,Electronics,90.0,0,0,0,8
C087,P99,Sports,34.0,5,2,1,8
C143,P22,Sports,65.0,2,2,2,2
C185,P191,Fashion,92.0,2,1,0,0
C217,P161,Electronics,150.0,1,1,1,9
C201,P73,Books,121.0,0,0,0,6
C032,P179,Toys,123.0,1,1,1,6
C124,P38,Fashion,116.0,0,0,0,5
C250,P78,Toys,74.0,3,1,1,4
C197,P168,Sports,79.0,0,0,0,9
C123,P135,Electronics,188.0,0,0,0,9
C189,P102,Electronics,100.0,0,0,0,6
C074,P32,Sports,30.0,3,0,0,8
C036,P179,Toys,123.0,0,0,0,5
C133,P65,Electronics,194.0,1,0,0,0
C072,P123,Books,195.0,1,0,0,3
C222,P98,Fashion,182.0,1,1,0,5
C045,P166,Sports,94.0,1,1,1,6
C078,P9,Toys,163.0,0,0,0,2
C185,P30,Books,155.0,2,1,0,0
C152,P109,Books,29.0,0,0,0,4
C242,P186,Fashion,190.0,1,0,0,4
C004,P34,Toys,18.0,4,3,1,1
C275,P123,Books,195.0,2,2,2,1
C068,P193,Books,77.0,2,1,1,7
C023,P135,Electronics,188.0,1,0,0,8
C172,P0,Fashion,103.0,0,0,0,3
C256,P194,Toys,196.0,1,1,1,5
C252,P23,Fashion,19.0,2,0,0,5
C066,P35,Fashion,87.0,1,1,0,3
C155,P158,Fashion,156.0,0,0,0,3
C039,P60,Fashion,144.0,0,0,0,8
C285,P140,Sports,135.0,1,0,0,9
C008,P68,Toys,35.0,5,3,3,5
C099,P162,Toys,177.0,0,0,0,0
C080,P61,Fashion,66.0,1,1,1,0
C004,P80,Fashion,114.0,0,0,0,1
C040,P148,Fashion,71.0,2,0,0,9
C071,P102,Electronics,100.0,3,2,1,3
C206,P172,Electronics,90.0,0,0,0,3
C020,P43,Toys,168.0,0,0,0,9
C088,P154,Fashion,42.0,0,0,0,1
C131,P62,Toys,184.0,4,2,2,2
C172,P173,Sports,199.0,0,0,0,3
C027,P99,Sports,34.0,4,0,0,7
C247,P92,Electronics,192.0,0,0,0,6
C156,P107,Sports,170.0,1,0,0,0
C206,P105,Books,62.0,0,0,0,3
C085,P3,Sports,89.0,2,1,0,4
C124,P195,Electronics,98.0,0,0,0,5
C280,P116,Sports,188.0,0,0,0,6
C261,P95,Electronics,154.0,0,0,0,8
C190,P74,Electronics,71.0,4,2,0,6
C156,P9,Toys,163.0,1,1,1,0
C105,P48,Electronics,59.0,0,0,0,8
C268,P178,Electronics,46.0,2,1,1,9
C129,P46,Books,116.0,0,0,0,0
C066,P148,Fashion,71.0,1,1,1,3
C140,P22,Sports,65.0,1,0,0,0
C134,P154,Fashion,42.0,1,0,0,2
C141,P63,Books,117.0,0,0,0,4
C052,P142,Books,163.0,0,0,0,0
C048,P78,Toys,74.0,0,0,0,4
C258,P13,Sports,111.0,0,0,0,5
C278,P185,Toys,75.0,1,1,1,2
C258,P54,Sports,13.0,3,0,0,5
C285,P72,Fashion,143.0,0,0,0,9
